student_id,teacher_id,hifz,muragaa,hijri_date,notes
3,1,0.0,112.0,01/12/1445,
3,1,0.0,5.0,05/12/1445,
3,1,0.0,10.0,06/12/1445,
3,1,0.0,5.0,07/12/1445,
3,1,0.0,0.0,08/12/1445,
3,1,0.0,5.0,09/12/1445,
3,1,0.0,0.0,10/12/1445,
3,1,0.0,3.0,14/12/1445,
3,1,0.0,0.0,15/12/1445,
3,1,0.0,0.0,16/12/1445,
3,1,0.0,0.0,17/12/1445,
3,1,0.0,0.0,18/12/1445,
3,1,0.0,0.0,19/12/1445,
3,1,0.0,30.0,20/12/1445,
3,1,0.0,5.0,21/12/1445,
3,1,0.0,14.0,22/12/1445,
3,1,0.0,7.0,23/12/1445,
3,1,0.0,1.0,25/12/1445,
3,1,0.0,11.0,26/12/1445,
3,1,0.0,6.0,27/12/1445,
3,1,0.0,10.0,28/12/1445,
3,1,0.0,0.0,31/12/1445,
4,1,1.0,92.0,01/12/1445,
4,1,0.0,0.0,05/12/1445,
4,1,1.0,0.0,06/12/1445,
4,1,0.0,0.0,08/12/1445,
4,1,0.0,0.0,09/12/1445,
4,1,0.0,0.0,14/12/1445,
4,1,0.0,0.0,15/12/1445,
4,1,0.0,16.0,17/12/1445,
4,1,0.0,0.0,19/12/1445,
4,1,0.0,12.0,21/12/1445,
4,1,0.0,27.0,22/12/1445,
4,1,0.0,0.0,23/12/1445,
4,1,0.0,10.0,24/12/1445,
4,1,0.0,8.0,25/12/1445,
4,1,0.0,7.0,27/12/1445,
4,1,0.0,12.0,28/12/1445,
4,1,0.0,0.0,31/12/1445,
8,1,9.0,233.0,01/12/1445,
8,1,0.0,3.0,05/12/1445,
8,1,0.0,0.0,06/12/1445,
8,1,4.0,0.0,07/12/1445,
8,1,1.0,0.0,08/12/1445,
8,1,0.0,8.0,09/12/1445,
8,1,0.0,0.0,10/12/1445,
8,1,4.0,0.0,14/12/1445,
8,1,0.0,0.0,15/12/1445,
8,1,0.0,0.0,16/12/1445,
8,1,0.0,18.0,17/12/1445,
8,1,0.0,20.0,18/12/1445,
8,1,0.0,0.0,19/12/1445,
8,1,0.0,8.0,20/12/1445,
8,1,0.0,16.0,21/12/1445,
8,1,0.0,20.0,22/12/1445,
8,1,0.0,20.0,23/12/1445,
8,1,0.0,7.0,24/12/1445,
8,1,0.0,11.0,25/12/1445,
8,1,0.0,12.0,26/12/1445,
8,1,0.0,10.0,27/12/1445,
8,1,0.0,60.0,28/12/1445,
8,1,0.0,20.0,29/12/1445,
8,1,0.0,0.0,30/12/1445,
8,1,0.0,0.0,31/12/1445,
9,1,0.0,88.0,01/12/1445,
9,1,0.0,2.0,05/12/1445,
9,1,0.0,2.0,06/12/1445,
9,1,0.0,1.0,07/12/1445,
9,1,0.0,4.0,08/12/1445,
9,1,0.0,3.0,09/12/1445,
9,1,0.0,0.0,10/12/1445,
9,1,0.0,11.0,14/12/1445,
9,1,0.0,0.0,15/12/1445,
9,1,0.0,0.0,16/12/1445,
9,1,0.0,5.0,17/12/1445,
9,1,0.0,5.0,18/12/1445,
9,1,0.0,0.0,19/12/1445,
9,1,0.0,3.0,20/12/1445,
9,1,0.0,5.0,21/12/1445,
9,1,0.0,5.0,22/12/1445,
9,1,0.0,8.0,23/12/1445,
9,1,0.0,6.0,24/12/1445,
9,1,0.0,5.0,25/12/1445,
9,1,0.0,1.0,26/12/1445,
9,1,0.0,5.0,27/12/1445,
9,1,0.0,8.0,28/12/1445,
9,1,0.0,7.0,29/12/1445,
9,1,0.0,2.0,30/12/1445,
9,1,0.0,0.0,31/12/1445,
5,1,0.0,0.0,01/12/1445,
12,1,0.5,54.0,01/12/1445,
12,1,0.0,1.0,05/12/1445,
12,1,0.0,3.0,06/12/1445,
12,1,0.0,1.0,07/12/1445,
12,1,0.0,0.0,08/12/1445,
12,1,0.5,0.0,09/12/1445,
12,1,0.0,0.0,10/12/1445,
12,1,0.0,7.0,21/12/1445,
12,1,0.0,4.0,22/12/1445,
12,1,0.0,9.0,23/12/1445,
12,1,0.0,6.0,24/12/1445,
12,1,0.0,3.0,25/12/1445,
12,1,0.0,2.0,26/12/1445,
12,1,0.0,4.0,28/12/1445,
12,1,0.0,10.0,29/12/1445,
12,1,0.0,4.0,30/12/1445,
12,1,0.0,0.0,31/12/1445,
17,1,2.0,190.0,01/12/1445,
17,1,0.0,4.0,05/12/1445,
17,1,0.0,2.0,06/12/1445,
17,1,1.0,0.0,07/12/1445,
17,1,1.0,0.0,08/12/1445,
17,1,0.0,8.0,09/12/1445,
17,1,0.0,0.0,10/12/1445,
17,1,0.0,12.0,14/12/1445,
17,1,0.0,0.0,15/12/1445,
17,1,0.0,0.0,16/12/1445,
17,1,0.0,20.0,17/12/1445,
17,1,0.0,12.0,18/12/1445,
17,1,0.0,0.0,19/12/1445,
17,1,0.0,12.0,20/12/1445,
17,1,0.0,7.0,21/12/1445,
17,1,0.0,16.0,22/12/1445,
17,1,0.0,17.0,23/12/1445,
17,1,0.0,13.0,24/12/1445,
17,1,0.0,6.0,25/12/1445,
17,1,0.0,12.0,26/12/1445,
17,1,0.0,8.0,27/12/1445,
17,1,0.0,5.0,28/12/1445,
17,1,0.0,36.0,30/12/1445,
17,1,0.0,0.0,31/12/1445,
18,1,0.0,47.0,01/12/1445,
18,1,0.0,0.0,05/12/1445,
18,1,0.0,5.0,06/12/1445,
18,1,0.0,0.0,14/12/1445,
18,1,0.0,0.0,15/12/1445,
18,1,0.0,0.0,16/12/1445,
18,1,0.0,20.0,17/12/1445,
18,1,0.0,10.0,18/12/1445,
18,1,0.0,0.0,19/12/1445,
18,1,0.0,12.0,21/12/1445,
20,1,0.0,68.0,01/12/1445,
20,1,0.0,2.0,14/12/1445,
20,1,0.0,0.0,19/12/1445,
20,1,0.0,0.0,20/12/1445,
20,1,0.0,11.0,21/12/1445,
20,1,0.0,10.0,22/12/1445,
20,1,0.0,6.0,25/12/1445,
20,1,0.0,7.0,26/12/1445,
20,1,0.0,18.0,27/12/1445,
20,1,0.0,4.0,28/12/1445,
20,1,0.0,10.0,29/12/1445,
20,1,0.0,0.0,31/12/1445,
22,1,1.5,136.0,01/12/1445,
22,1,0.5,0.0,06/12/1445,
22,1,1.0,0.0,07/12/1445,
22,1,0.0,0.0,16/12/1445,
22,1,0.0,20.0,17/12/1445,
22,1,0.0,16.0,18/12/1445,
22,1,0.0,0.0,19/12/1445,
22,1,0.0,7.0,21/12/1445,
22,1,0.0,20.0,22/12/1445,
22,1,0.0,20.0,23/12/1445,
22,1,0.0,20.0,24/12/1445,
22,1,0.0,11.0,26/12/1445,
22,1,0.0,6.0,28/12/1445,
22,1,0.0,0.0,29/12/1445,
22,1,0.0,16.0,30/12/1445,
22,1,0.0,0.0,31/12/1445,
23,1,1.5,257.0,01/12/1445,
23,1,0.0,2.0,05/12/1445,
23,1,0.0,2.0,06/12/1445,
23,1,1.0,0.0,07/12/1445,
23,1,0.5,0.0,08/12/1445,
23,1,0.0,9.0,14/12/1445,
23,1,0.0,0.0,15/12/1445,
23,1,0.0,0.0,16/12/1445,
23,1,0.0,20.0,17/12/1445,
23,1,0.0,12.0,18/12/1445,
23,1,0.0,0.0,19/12/1445,
23,1,0.0,13.0,20/12/1445,
23,1,0.0,12.0,21/12/1445,
23,1,0.0,20.0,22/12/1445,
23,1,0.0,20.0,23/12/1445,
23,1,0.0,13.0,24/12/1445,
23,1,0.0,10.0,25/12/1445,
23,1,0.0,10.0,26/12/1445,
23,1,0.0,4.0,27/12/1445,
23,1,0.0,30.0,28/12/1445,
23,1,0.0,60.0,29/12/1445,
23,1,0.0,20.0,30/12/1445,
23,1,0.0,0.0,31/12/1445,
26,1,0.0,0.0,01/12/1445,
26,1,0.0,0.0,05/12/1445,
26,1,0.0,0.0,06/12/1445,
26,1,0.0,0.0,07/12/1445,
26,1,0.0,0.0,08/12/1445,
26,1,0.0,0.0,09/12/1445,
26,1,0.0,0.0,10/12/1445,
26,1,0.0,0.0,15/12/1445,
26,1,0.0,0.0,16/12/1445,
26,1,0.0,0.0,17/12/1445,
26,1,0.0,0.0,19/12/1445,
26,1,0.0,0.0,22/12/1445,
26,1,0.0,0.0,23/12/1445,
26,1,0.0,0.0,24/12/1445,
26,1,0.0,0.0,25/12/1445,
26,1,0.0,0.0,26/12/1445,
26,1,0.0,0.0,27/12/1445,
26,1,0.0,0.0,28/12/1445,
26,1,0.0,0.0,29/12/1445,
26,1,0.0,0.0,30/12/1445,
34,1,0.0,51.0,01/12/1445,
34,1,0.0,14.0,18/12/1445,
34,1,0.0,0.0,19/12/1445,
34,1,0.0,6.0,22/12/1445,
34,1,0.0,10.0,23/12/1445,
34,1,0.0,5.0,24/12/1445,
34,1,0.0,5.0,25/12/1445,
34,1,0.0,7.0,27/12/1445,
34,1,0.0,4.0,28/12/1445,
34,1,0.0,0.0,29/12/1445,
34,1,0.0,0.0,30/12/1445,
34,1,0.0,0.0,31/12/1445,
31,1,0.0,62.0,01/12/1445,
31,1,0.0,5.0,14/12/1445,
31,1,0.0,0.0,15/12/1445,
31,1,0.0,18.0,17/12/1445,
31,1,0.0,6.0,22/12/1445,
31,1,0.0,5.0,23/12/1445,
31,1,0.0,18.0,24/12/1445,
31,1,0.0,10.0,26/12/1445,
49,1,0.0,72.0,01/12/1445,
49,1,0.0,8.0,05/12/1445,
49,1,0.0,1.0,07/12/1445,
49,1,0.0,5.0,08/12/1445,
49,1,0.0,3.0,14/12/1445,
49,1,0.0,0.0,15/12/1445,
49,1,0.0,10.0,17/12/1445,
49,1,0.0,4.0,18/12/1445,
49,1,0.0,0.0,19/12/1445,
49,1,0.0,1.0,20/12/1445,
49,1,0.0,5.0,21/12/1445,
49,1,0.0,8.0,23/12/1445,
49,1,0.0,13.0,24/12/1445,
49,1,0.0,3.0,25/12/1445,
49,1,0.0,8.0,26/12/1445,
49,1,0.0,3.0,27/12/1445,
49,1,0.0,0.0,29/12/1445,
51,1,0.0,18.0,01/12/1445,
51,1,0.0,8.0,21/12/1445,
51,1,0.0,10.0,29/12/1445,
51,1,0.0,0.0,30/12/1445,
51,1,0.0,0.0,31/12/1445,
1,2,0.0,0.0,01/12/1445,
10,2,0.0,36.0,01/12/1445,
10,2,0.0,2.0,05/12/1445,
10,2,0.0,2.0,06/12/1445,
10,2,0.0,0.0,08/12/1445,
10,2,0.0,0.0,14/12/1445,
10,2,0.0,0.0,15/12/1445,
10,2,0.0,0.0,16/12/1445,
10,2,0.0,4.0,18/12/1445,
10,2,0.0,0.0,19/12/1445,
10,2,0.0,8.0,20/12/1445,
10,2,0.0,1.0,21/12/1445,
10,2,0.0,0.0,22/12/1445,
10,2,0.0,0.0,23/12/1445,
10,2,0.0,11.0,25/12/1445,
10,2,0.0,4.0,26/12/1445,
10,2,0.0,2.0,27/12/1445,
10,2,0.0,2.0,28/12/1445,
10,2,0.0,0.0,29/12/1445,
7,2,0.0,41.0,01/12/1445,
7,2,0.0,5.0,05/12/1445,
7,2,0.0,2.0,06/12/1445,
7,2,0.0,10.0,07/12/1445,
7,2,0.0,0.0,08/12/1445,
7,2,0.0,10.0,18/12/1445,
7,2,0.0,0.0,19/12/1445,
7,2,0.0,5.0,29/12/1445,
7,2,0.0,9.0,30/12/1445,
7,2,0.0,0.0,31/12/1445,
11,2,0.0,0.0,01/12/1445,
13,2,0.0,171.0,01/12/1445,
13,2,0.0,10.0,06/12/1445,
13,2,0.0,10.0,07/12/1445,
13,2,0.0,0.0,08/12/1445,
13,2,0.0,0.0,09/12/1445,
13,2,0.0,20.0,17/12/1445,
13,2,0.0,0.0,19/12/1445,
13,2,0.0,20.0,21/12/1445,
13,2,0.0,0.0,22/12/1445,
13,2,0.0,30.0,23/12/1445,
13,2,0.0,13.0,24/12/1445,
13,2,0.0,7.0,25/12/1445,
13,2,0.0,11.0,26/12/1445,
13,2,0.0,10.0,27/12/1445,
13,2,0.0,20.0,28/12/1445,
13,2,0.0,20.0,30/12/1445,
13,2,0.0,0.0,31/12/1445,
16,2,0.0,39.0,01/12/1445,
16,2,0.0,0.0,05/12/1445,
16,2,0.0,4.0,06/12/1445,
16,2,0.0,0.0,09/12/1445,
16,2,0.0,0.0,14/12/1445,
16,2,0.0,7.0,18/12/1445,
16,2,0.0,0.0,19/12/1445,
16,2,0.0,10.0,23/12/1445,
16,2,0.0,11.0,24/12/1445,
16,2,0.0,2.0,26/12/1445,
16,2,0.0,5.0,30/12/1445,
16,2,0.0,0.0,31/12/1445,
27,2,0.0,0.0,01/12/1445,
32,2,2.0,64.0,01/12/1445,
32,2,0.5,0.0,06/12/1445,
32,2,0.5,0.0,07/12/1445,
32,2,0.5,0.0,08/12/1445,
32,2,0.5,0.0,09/12/1445,
32,2,0.0,0.0,10/12/1445,
32,2,0.0,0.0,15/12/1445,
32,2,0.0,0.0,16/12/1445,
32,2,0.0,10.0,17/12/1445,
32,2,0.0,0.0,18/12/1445,
32,2,0.0,0.0,19/12/1445,
32,2,0.0,0.0,20/12/1445,
32,2,0.0,0.0,21/12/1445,
32,2,0.0,0.0,22/12/1445,
32,2,0.0,10.0,23/12/1445,
32,2,0.0,0.0,24/12/1445,
32,2,0.0,10.0,28/12/1445,
32,2,0.0,20.0,29/12/1445,
32,2,0.0,14.0,30/12/1445,
32,2,0.0,0.0,31/12/1445,
33,2,0.5,24.0,01/12/1445,
33,2,0.5,4.0,05/12/1445,
33,2,0.0,0.0,06/12/1445,
33,2,0.0,2.0,07/12/1445,
33,2,0.0,0.0,16/12/1445,
33,2,0.0,18.0,17/12/1445,
35,2,1.5,36.0,01/12/1445,
35,2,0.5,0.0,05/12/1445,
35,2,0.5,0.0,06/12/1445,
35,2,0.0,2.0,07/12/1445,
35,2,0.0,0.0,08/12/1445,
35,2,0.5,0.0,09/12/1445,
35,2,0.0,0.0,10/12/1445,
35,2,0.0,0.0,15/12/1445,
35,2,0.0,0.0,16/12/1445,
35,2,0.0,6.0,17/12/1445,
35,2,0.0,0.0,19/12/1445,
35,2,0.0,1.0,24/12/1445,
35,2,0.0,6.0,25/12/1445,
35,2,0.0,0.0,26/12/1445,
35,2,0.0,3.0,27/12/1445,
35,2,0.0,18.0,28/12/1445,
35,2,0.0,0.0,29/12/1445,
35,2,0.0,0.0,31/12/1445,
36,2,0.0,90.0,01/12/1445,
36,2,0.0,1.0,05/12/1445,
36,2,0.0,11.0,17/12/1445,
36,2,0.0,15.0,18/12/1445,
36,2,0.0,0.0,19/12/1445,
36,2,0.0,6.0,20/12/1445,
36,2,0.0,0.0,21/12/1445,
36,2,0.0,0.0,22/12/1445,
36,2,0.0,10.0,23/12/1445,
36,2,0.0,4.0,24/12/1445,
36,2,0.0,12.0,25/12/1445,
36,2,0.0,5.0,26/12/1445,
36,2,0.0,6.0,28/12/1445,
36,2,0.0,20.0,29/12/1445,
36,2,0.0,0.0,30/12/1445,
36,2,0.0,0.0,31/12/1445,
37,2,0.0,0.0,01/12/1445,
40,2,0.0,148.0,01/12/1445,
40,2,0.0,6.0,05/12/1445,
40,2,0.0,8.0,06/12/1445,
40,2,0.0,5.0,07/12/1445,
40,2,0.0,10.0,08/12/1445,
40,2,0.0,0.0,09/12/1445,
40,2,0.0,0.0,10/12/1445,
40,2,0.0,20.0,14/12/1445,
40,2,0.0,0.0,15/12/1445,
40,2,0.0,0.0,16/12/1445,
40,2,0.0,20.0,17/12/1445,
40,2,0.0,40.0,18/12/1445,
40,2,0.0,0.0,19/12/1445,
40,2,0.0,12.0,21/12/1445,
40,2,0.0,17.0,22/12/1445,
40,2,0.0,10.0,23/12/1445,
42,2,0.0,4.0,01/12/1445,
42,2,0.0,2.0,05/12/1445,
42,2,0.0,2.0,06/12/1445,
50,2,1.0,73.0,01/12/1445,
50,2,0.5,0.0,05/12/1445,
50,2,0.5,0.0,06/12/1445,
50,2,0.0,2.0,07/12/1445,
50,2,0.0,4.0,08/12/1445,
50,2,0.0,0.0,09/12/1445,
50,2,0.0,0.0,10/12/1445,
50,2,0.0,10.0,17/12/1445,
50,2,0.0,0.0,19/12/1445,
50,2,0.0,8.0,25/12/1445,
50,2,0.0,12.0,26/12/1445,
50,2,0.0,4.0,27/12/1445,
50,2,0.0,3.0,28/12/1445,
50,2,0.0,20.0,29/12/1445,
50,2,0.0,10.0,30/12/1445,
50,2,0.0,0.0,31/12/1445,
15,2,1.0,16.0,01/12/1445,
15,2,0.5,0.0,05/12/1445,
15,2,0.5,0.0,06/12/1445,
15,2,0.0,10.0,07/12/1445,
15,2,0.0,0.0,08/12/1445,
15,2,0.0,0.0,09/12/1445,
15,2,0.0,0.0,10/12/1445,
15,2,0.0,6.0,30/12/1445,
15,2,0.0,0.0,31/12/1445,
19,2,0.0,0.0,01/12/1445,
39,2,0.0,0.0,01/12/1445,
46,2,0.0,30.0,01/12/1445,
46,2,0.0,1.0,05/12/1445,
46,2,0.0,1.0,06/12/1445,
46,2,0.0,0.0,08/12/1445,
46,2,0.0,16.0,18/12/1445,
46,2,0.0,0.0,19/12/1445,
46,2,0.0,10.0,21/12/1445,
46,2,0.0,2.0,22/12/1445,
2,4,0.0,66.0,01/12/1445,
2,4,0.0,0.0,05/12/1445,
2,4,0.0,1.0,06/12/1445,
2,4,0.0,1.0,07/12/1445,
2,4,0.0,1.0,08/12/1445,
2,4,0.0,0.0,10/12/1445,
2,4,0.0,0.0,17/12/1445,
2,4,0.0,20.0,18/12/1445,
2,4,0.0,0.0,19/12/1445,
2,4,0.0,16.0,20/12/1445,
2,4,0.0,0.0,21/12/1445,
2,4,0.0,0.0,22/12/1445,
2,4,0.0,10.0,23/12/1445,
2,4,0.0,11.0,25/12/1445,
2,4,0.0,6.0,26/12/1445,
2,4,0.0,0.0,31/12/1445,
24,4,0.0,0.0,01/12/1445,
6,4,0.5,50.0,01/12/1445,
6,4,0.0,1.0,05/12/1445,
6,4,0.0,2.0,06/12/1445,
6,4,0.0,2.0,08/12/1445,
6,4,0.5,0.0,09/12/1445,
6,4,0.0,0.0,10/12/1445,
6,4,0.0,0.0,15/12/1445,
6,4,0.0,0.0,16/12/1445,
6,4,0.0,5.0,17/12/1445,
6,4,0.0,10.0,18/12/1445,
6,4,0.0,0.0,19/12/1445,
6,4,0.0,10.0,21/12/1445,
6,4,0.0,0.0,22/12/1445,
6,4,0.0,0.0,23/12/1445,
6,4,0.0,20.0,25/12/1445,
6,4,0.0,0.0,26/12/1445,
14,4,0.0,20.0,01/12/1445,
14,4,0.0,0.0,05/12/1445,
14,4,0.0,0.0,06/12/1445,
14,4,0.0,2.0,22/12/1445,
14,4,0.0,2.0,23/12/1445,
14,4,0.0,11.0,25/12/1445,
14,4,0.0,5.0,30/12/1445,
14,4,0.0,0.0,31/12/1445,
21,4,0.0,11.0,01/12/1445,
21,4,0.0,0.0,06/12/1445,
21,4,0.0,0.0,07/12/1445,
21,4,0.0,0.0,09/12/1445,
21,4,0.0,0.0,10/12/1445,
21,4,0.0,7.0,26/12/1445,
21,4,0.0,4.0,28/12/1445,
21,4,0.0,0.0,31/12/1445,
25,4,2.5,55.0,01/12/1445,
25,4,0.5,12.0,06/12/1445,
25,4,0.5,0.0,07/12/1445,
25,4,0.5,0.0,08/12/1445,
25,4,0.0,0.0,09/12/1445,
25,4,0.0,0.0,10/12/1445,
25,4,1.0,0.0,15/12/1445,
25,4,0.0,0.0,16/12/1445,
25,4,0.0,6.0,17/12/1445,
25,4,0.0,15.0,18/12/1445,
25,4,0.0,12.0,21/12/1445,
25,4,0.0,10.0,22/12/1445,
29,4,0.0,101.0,01/12/1445,
29,4,0.0,10.0,20/12/1445,
29,4,0.0,10.0,21/12/1445,
29,4,0.0,20.0,22/12/1445,
29,4,0.0,0.0,23/12/1445,
29,4,0.0,8.0,24/12/1445,
29,4,0.0,11.0,25/12/1445,
29,4,0.0,9.0,26/12/1445,
29,4,0.0,3.0,27/12/1445,
29,4,0.0,10.0,28/12/1445,
29,4,0.0,20.0,29/12/1445,
29,4,0.0,0.0,30/12/1445,
29,4,0.0,0.0,31/12/1445,
28,4,0.5,76.0,01/12/1445,
28,4,0.0,10.0,06/12/1445,
28,4,0.0,9.0,07/12/1445,
28,4,0.0,5.0,08/12/1445,
28,4,0.0,0.0,09/12/1445,
28,4,0.0,0.0,10/12/1445,
28,4,0.5,0.0,14/12/1445,
28,4,0.0,0.0,15/12/1445,
28,4,0.0,20.0,17/12/1445,
28,4,0.0,20.0,18/12/1445,
28,4,0.0,12.0,20/12/1445,
28,4,0.0,0.0,22/12/1445,
38,4,0.5,71.0,01/12/1445,
38,4,0.0,5.0,05/12/1445,
38,4,0.5,4.0,06/12/1445,
38,4,0.0,0.0,19/12/1445,
38,4,0.0,11.0,20/12/1445,
38,4,0.0,5.0,21/12/1445,
38,4,0.0,10.0,23/12/1445,
38,4,0.0,11.0,24/12/1445,
38,4,0.0,7.0,25/12/1445,
38,4,0.0,7.0,26/12/1445,
38,4,0.0,6.0,27/12/1445,
38,4,0.0,5.0,28/12/1445,
44,4,0.0,24.0,01/12/1445,
44,4,0.0,0.0,07/12/1445,
44,4,0.0,0.0,09/12/1445,
44,4,0.0,0.0,10/12/1445,
44,4,0.0,0.0,15/12/1445,
44,4,0.0,0.0,16/12/1445,
44,4,0.0,0.0,17/12/1445,
44,4,0.0,0.0,19/12/1445,
44,4,0.0,3.0,21/12/1445,
44,4,0.0,0.0,22/12/1445,
44,4,0.0,9.0,24/12/1445,
44,4,0.0,6.0,25/12/1445,
44,4,0.0,4.0,26/12/1445,
44,4,0.0,2.0,27/12/1445,
44,4,0.0,0.0,28/12/1445,
44,4,0.0,0.0,29/12/1445,
44,4,0.0,0.0,30/12/1445,
44,4,0.0,0.0,31/12/1445,
43,4,0.0,18.0,01/12/1445,
43,4,0.0,0.0,05/12/1445,
43,4,0.0,0.0,07/12/1445,
43,4,0.0,0.0,08/12/1445,
43,4,0.0,0.0,09/12/1445,
43,4,0.0,0.0,10/12/1445,
43,4,0.0,0.0,16/12/1445,
43,4,0.0,0.0,17/12/1445,
43,4,0.0,0.0,19/12/1445,
43,4,0.0,5.0,23/12/1445,
43,4,0.0,10.0,25/12/1445,
43,4,0.0,0.0,26/12/1445,
43,4,0.0,3.0,27/12/1445,
43,4,0.0,0.0,28/12/1445,
43,4,0.0,0.0,31/12/1445,
48,4,0.0,38.0,01/12/1445,
48,4,0.0,4.0,06/12/1445,
48,4,0.0,0.0,10/12/1445,
48,4,0.0,0.0,16/12/1445,
48,4,0.0,6.0,17/12/1445,
48,4,0.0,4.0,18/12/1445,
48,4,0.0,0.0,19/12/1445,
48,4,0.0,0.0,21/12/1445,
48,4,0.0,10.0,23/12/1445,
48,4,0.0,2.0,26/12/1445,
48,4,0.0,1.0,27/12/1445,
48,4,0.0,9.0,28/12/1445,
48,4,0.0,2.0,29/12/1445,
48,4,0.0,0.0,30/12/1445,
48,4,0.0,0.0,31/12/1445,
8,1,0.0,0.0,01/12/1445,
8,1,1.0,92.5,01/12/1445,
8,1,11.0,191.0,01/01/1446,
8,1,1.0,42.0,02/01/1446,
8,1,2.0,7.0,03/01/1446,
8,1,3.0,14.0,04/01/1446,
8,1,0.0,13.0,05/01/1446,
8,1,0.0,83.0,06/01/1446,
8,1,0.0,0.0,07/01/1446,
8,1,1.0,0.0,08/01/1446,
8,1,0.0,8.0,09/01/1446,
8,1,0.0,0.0,10/01/1446,
8,1,0.0,0.0,11/01/1446,
8,1,0.0,0.0,12/01/1446,
8,1,4.0,0.0,13/01/1446,
8,1,0.0,0.0,14/01/1446,
8,1,0.0,0.0,15/01/1446,
8,1,0.0,10.0,16/01/1446,
8,1,0.0,0.0,17/01/1446,
8,1,0.0,0.0,18/01/1446,
8,1,0.0,14.0,19/01/1446,
8,1,0.0,0.0,21/01/1446,
9,1,0.0,115.0,01/01/1446,
9,1,0.0,4.0,02/01/1446,
9,1,0.0,5.0,03/01/1446,
9,1,0.0,6.0,04/01/1446,
9,1,0.0,4.0,05/01/1446,
9,1,0.0,0.0,06/01/1446,
9,1,0.0,12.0,07/01/1446,
9,1,0.0,0.0,08/01/1446,
9,1,0.0,19.0,09/01/1446,
9,1,0.0,0.0,10/01/1446,
9,1,0.0,0.0,11/01/1446,
9,1,0.0,5.0,12/01/1446,
9,1,0.0,6.0,13/01/1446,
9,1,0.0,0.0,14/01/1446,
9,1,0.0,6.0,15/01/1446,
9,1,0.0,6.0,16/01/1446,
9,1,0.0,5.0,17/01/1446,
9,1,0.0,10.0,18/01/1446,
9,1,0.0,14.0,19/01/1446,
9,1,0.0,13.0,20/01/1446,
9,1,0.0,0.0,21/01/1446,
17,1,0.0,168.0,01/01/1446,
17,1,0.0,8.0,02/01/1446,
17,1,0.0,8.0,03/01/1446,
17,1,0.0,5.0,04/01/1446,
17,1,0.0,10.0,05/01/1446,
17,1,0.0,15.0,06/01/1446,
17,1,0.0,25.0,07/01/1446,
17,1,0.0,8.0,08/01/1446,
17,1,0.0,4.0,09/01/1446,
17,1,0.0,10.0,12/01/1446,
17,1,0.0,7.0,13/01/1446,
17,1,0.0,0.0,14/01/1446,
17,1,0.0,5.0,15/01/1446,
17,1,0.0,13.0,16/01/1446,
17,1,0.0,12.0,17/01/1446,
17,1,0.0,7.0,18/01/1446,
17,1,0.0,11.0,19/01/1446,
17,1,0.0,20.0,20/01/1446,
17,1,0.0,0.0,21/01/1446,
23,1,0.0,166.0,01/01/1446,
23,1,0.0,11.0,02/01/1446,
23,1,0.0,0.0,03/01/1446,
23,1,0.0,11.0,04/01/1446,
23,1,0.0,5.0,05/01/1446,
23,1,0.0,85.0,06/01/1446,
23,1,0.0,0.0,07/01/1446,
23,1,0.0,8.0,08/01/1446,
23,1,0.0,8.0,09/01/1446,
23,1,0.0,0.0,10/01/1446,
23,1,0.0,0.0,11/01/1446,
23,1,0.0,5.0,12/01/1446,
23,1,0.0,5.0,13/01/1446,
23,1,0.0,0.0,14/01/1446,
23,1,0.0,5.0,15/01/1446,
23,1,0.0,6.0,16/01/1446,
23,1,0.0,5.0,17/01/1446,
23,1,0.0,5.0,18/01/1446,
23,1,0.0,7.0,19/01/1446,
23,1,0.0,0.0,20/01/1446,
23,1,0.0,0.0,21/01/1446,
3,1,0.0,64.0,01/01/1446,
3,1,0.0,10.0,02/01/1446,
3,1,0.0,11.0,03/01/1446,
3,1,0.0,4.0,04/01/1446,
3,1,0.0,5.0,05/01/1446,
3,1,0.0,0.0,10/01/1446,
3,1,0.0,0.0,11/01/1446,
3,1,0.0,10.0,13/01/1446,
3,1,0.0,0.0,14/01/1446,
3,1,0.0,1.0,15/01/1446,
3,1,0.0,5.0,16/01/1446,
3,1,0.0,4.0,17/01/1446,
3,1,0.0,7.0,18/01/1446,
3,1,0.0,7.0,19/01/1446,
3,1,0.0,0.0,20/01/1446,
3,1,0.0,0.0,21/01/1446,
26,1,0.0,0.0,01/01/1446,
26,1,0.0,0.0,02/01/1446,
4,1,0.0,59.0,01/01/1446,
4,1,0.0,0.0,02/01/1446,
4,1,0.0,11.0,04/01/1446,
4,1,0.0,10.0,05/01/1446,
4,1,0.0,0.0,06/01/1446,
4,1,0.0,6.0,08/01/1446,
4,1,0.0,7.0,09/01/1446,
4,1,0.0,0.0,10/01/1446,
4,1,0.0,0.0,11/01/1446,
4,1,0.0,6.0,13/01/1446,
4,1,0.0,2.0,15/01/1446,
4,1,0.0,10.0,16/01/1446,
4,1,0.0,7.0,17/01/1446,
12,1,0.0,92.0,01/01/1446,
12,1,0.0,6.0,02/01/1446,
12,1,0.0,7.0,03/01/1446,
12,1,0.0,5.0,04/01/1446,
12,1,0.0,10.0,05/01/1446,
12,1,0.0,20.0,06/01/1446,
12,1,0.0,15.0,07/01/1446,
12,1,0.0,0.0,08/01/1446,
12,1,0.0,8.0,09/01/1446,
12,1,0.0,0.0,10/01/1446,
12,1,0.0,0.0,11/01/1446,
12,1,0.0,4.0,12/01/1446,
12,1,0.0,4.0,13/01/1446,
12,1,0.0,2.0,15/01/1446,
12,1,0.0,5.0,16/01/1446,
12,1,0.0,6.0,18/01/1446,
12,1,0.0,0.0,19/01/1446,
49,1,0.0,31.0,01/01/1446,
49,1,0.0,3.0,08/01/1446,
49,1,0.0,0.0,10/01/1446,
49,1,0.0,0.0,11/01/1446,
49,1,0.0,6.0,13/01/1446,
49,1,0.0,0.0,14/01/1446,
49,1,0.0,4.0,15/01/1446,
49,1,0.0,7.0,16/01/1446,
49,1,0.0,2.0,17/01/1446,
49,1,0.0,2.0,18/01/1446,
49,1,0.0,7.0,19/01/1446,
49,1,0.0,0.0,20/01/1446,
49,1,0.0,0.0,21/01/1446,
22,1,0.0,18.0,01/01/1446,
22,1,0.0,0.0,02/01/1446,
22,1,0.0,0.0,03/01/1446,
22,1,0.0,0.0,08/01/1446,
22,1,0.0,0.0,09/01/1446,
22,1,0.0,0.0,10/01/1446,
22,1,0.0,6.0,13/01/1446,
22,1,0.0,0.0,14/01/1446,
22,1,0.0,0.0,15/01/1446,
22,1,0.0,6.0,16/01/1446,
22,1,0.0,6.0,17/01/1446,
22,1,0.0,0.0,18/01/1446,
22,1,0.0,0.0,19/01/1446,
22,1,0.0,0.0,20/01/1446,
22,1,0.0,0.0,21/01/1446,
20,1,0.0,43.0,01/01/1446,
20,1,0.0,7.0,02/01/1446,
20,1,0.0,5.0,04/01/1446,
20,1,0.0,10.0,05/01/1446,
20,1,0.0,9.0,06/01/1446,
20,1,0.0,0.0,10/01/1446,
20,1,0.0,0.0,11/01/1446,
20,1,0.0,6.0,13/01/1446,
20,1,0.0,5.0,16/01/1446,
20,1,0.0,1.0,17/01/1446,
34,1,0.0,77.0,01/01/1446,
34,1,0.0,16.0,02/01/1446,
34,1,0.0,7.0,04/01/1446,
34,1,0.0,24.0,05/01/1446,
34,1,0.0,15.0,06/01/1446,
34,1,0.0,4.0,08/01/1446,
34,1,0.0,8.0,09/01/1446,
34,1,0.0,0.0,10/01/1446,
34,1,0.0,0.0,11/01/1446,
34,1,0.0,3.0,13/01/1446,
34,1,0.0,0.0,14/01/1446,
18,1,0.0,42.0,01/01/1446,
18,1,0.0,0.0,03/01/1446,
18,1,0.0,0.0,04/01/1446,
18,1,0.0,0.0,05/01/1446,
18,1,0.0,13.0,06/01/1446,
18,1,0.0,29.0,07/01/1446,
31,1,0.0,28.0,01/01/1446,
31,1,0.0,8.0,02/01/1446,
31,1,0.0,10.0,03/01/1446,
31,1,0.0,10.0,04/01/1446,
31,1,0.0,0.0,10/01/1446,
31,1,0.0,0.0,11/01/1446,
51,1,0.0,73.0,01/01/1446,
51,1,0.0,10.0,03/01/1446,
51,1,0.0,11.0,04/01/1446,
51,1,0.0,7.0,06/01/1446,
51,1,0.0,0.0,08/01/1446,
51,1,0.0,3.0,12/01/1446,
51,1,0.0,8.0,13/01/1446,
51,1,0.0,0.0,14/01/1446,
51,1,0.0,5.0,15/01/1446,
51,1,0.0,4.0,16/01/1446,
51,1,0.0,6.0,17/01/1446,
51,1,0.0,7.0,18/01/1446,
51,1,0.0,6.0,19/01/1446,
51,1,0.0,6.0,20/01/1446,
51,1,0.0,0.0,21/01/1446,
5,1,0.0,0.0,01/01/1446,
32,2,0.0,161.0,01/01/1446,
32,2,0.0,13.0,02/01/1446,
32,2,0.0,11.0,03/01/1446,
32,2,0.0,3.0,04/01/1446,
32,2,0.0,16.0,05/01/1446,
32,2,0.0,7.0,06/01/1446,
32,2,0.0,7.0,07/01/1446,
32,2,0.0,20.0,08/01/1446,
32,2,0.0,23.0,09/01/1446,
32,2,0.0,0.0,10/01/1446,
32,2,0.0,0.0,11/01/1446,
32,2,0.0,0.0,12/01/1446,
32,2,0.0,20.0,13/01/1446,
32,2,0.0,0.0,14/01/1446,
32,2,0.0,8.0,15/01/1446,
32,2,0.0,0.0,16/01/1446,
32,2,0.0,0.0,17/01/1446,
32,2,0.0,12.0,18/01/1446,
32,2,0.0,10.0,19/01/1446,
32,2,0.0,0.0,20/01/1446,
32,2,0.0,11.0,21/01/1446,
10,2,0.5,41.0,01/01/1446,
10,2,0.0,7.0,02/01/1446,
10,2,0.0,7.0,03/01/1446,
10,2,0.0,0.0,08/01/1446,
10,2,0.5,9.0,09/01/1446,
10,2,0.0,0.0,10/01/1446,
10,2,0.0,0.0,11/01/1446,
10,2,0.0,0.0,12/01/1446,
10,2,0.0,6.0,16/01/1446,
10,2,0.0,12.0,18/01/1446,
35,2,0.0,23.0,01/01/1446,
35,2,0.0,2.0,02/01/1446,
35,2,0.0,0.0,03/01/1446,
35,2,0.0,2.0,04/01/1446,
35,2,0.0,5.0,05/01/1446,
35,2,0.0,3.0,06/01/1446,
35,2,0.0,0.0,07/01/1446,
35,2,0.0,0.0,08/01/1446,
35,2,0.0,6.0,09/01/1446,
35,2,0.0,0.0,10/01/1446,
35,2,0.0,0.0,11/01/1446,
35,2,0.0,0.0,12/01/1446,
35,2,0.0,0.0,13/01/1446,
35,2,0.0,0.0,14/01/1446,
35,2,0.0,0.0,15/01/1446,
35,2,0.0,0.0,16/01/1446,
35,2,0.0,0.0,17/01/1446,
35,2,0.0,0.0,18/01/1446,
35,2,0.0,5.0,19/01/1446,
35,2,0.0,0.0,20/01/1446,
35,2,0.0,0.0,21/01/1446,
13,2,0.5,198.0,01/01/1446,
13,2,0.0,2.0,02/01/1446,
13,2,0.0,2.0,03/01/1446,
13,2,0.0,6.0,04/01/1446,
13,2,0.0,8.0,05/01/1446,
13,2,0.0,15.0,06/01/1446,
13,2,0.5,20.0,07/01/1446,
13,2,0.0,4.0,08/01/1446,
13,2,0.0,9.0,09/01/1446,
13,2,0.0,0.0,10/01/1446,
13,2,0.0,0.0,11/01/1446,
13,2,0.0,10.0,12/01/1446,
13,2,0.0,30.0,13/01/1446,
13,2,0.0,0.0,14/01/1446,
13,2,0.0,9.0,15/01/1446,
13,2,0.0,15.0,16/01/1446,
13,2,0.0,23.0,17/01/1446,
13,2,0.0,10.0,18/01/1446,
13,2,0.0,20.0,19/01/1446,
13,2,0.0,0.0,20/01/1446,
13,2,0.0,15.0,21/01/1446,
36,2,0.0,36.0,01/01/1446,
36,2,0.0,4.0,02/01/1446,
36,2,0.0,0.0,03/01/1446,
36,2,0.0,6.0,06/01/1446,
36,2,0.0,6.0,07/01/1446,
36,2,0.0,0.0,08/01/1446,
36,2,0.0,20.0,09/01/1446,
36,2,0.0,0.0,10/01/1446,
36,2,0.0,0.0,11/01/1446,
36,2,0.0,0.0,12/01/1446,
36,2,0.0,0.0,14/01/1446,
36,2,0.0,0.0,15/01/1446,
36,2,0.0,0.0,16/01/1446,
36,2,0.0,0.0,17/01/1446,
40,2,0.0,194.0,01/01/1446,
40,2,0.0,10.0,09/01/1446,
40,2,0.0,0.0,10/01/1446,
40,2,0.0,0.0,11/01/1446,
40,2,0.0,20.0,12/01/1446,
40,2,0.0,20.0,13/01/1446,
40,2,0.0,0.0,14/01/1446,
40,2,0.0,35.0,15/01/1446,
40,2,0.0,35.0,16/01/1446,
40,2,0.0,20.0,17/01/1446,
40,2,0.0,20.0,18/01/1446,
40,2,0.0,20.0,19/01/1446,
40,2,0.0,0.0,20/01/1446,
40,2,0.0,14.0,21/01/1446,
50,2,0.0,66.0,01/01/1446,
50,2,0.0,2.0,02/01/1446,
50,2,0.0,7.0,03/01/1446,
50,2,0.0,4.0,04/01/1446,
50,2,0.0,4.0,05/01/1446,
50,2,0.0,11.0,06/01/1446,
50,2,0.0,5.0,07/01/1446,
50,2,0.0,4.0,08/01/1446,
50,2,0.0,7.0,09/01/1446,
50,2,0.0,0.0,10/01/1446,
50,2,0.0,0.0,11/01/1446,
50,2,0.0,5.0,12/01/1446,
50,2,0.0,9.0,13/01/1446,
50,2,0.0,0.0,14/01/1446,
50,2,0.0,0.0,15/01/1446,
50,2,0.0,5.0,16/01/1446,
50,2,0.0,0.0,17/01/1446,
50,2,0.0,0.0,18/01/1446,
50,2,0.0,0.0,19/01/1446,
50,2,0.0,0.0,20/01/1446,
50,2,0.0,3.0,21/01/1446,
16,2,0.0,18.0,01/01/1446,
16,2,0.0,0.0,07/01/1446,
16,2,0.0,0.0,12/01/1446,
16,2,0.0,13.0,13/01/1446,
16,2,0.0,0.0,14/01/1446,
16,2,0.0,1.0,16/01/1446,
16,2,0.0,4.0,19/01/1446,
16,2,0.0,0.0,20/01/1446,
16,2,0.0,0.0,21/01/1446,
7,2,0.0,55.0,01/01/1446,
7,2,0.0,16.0,03/01/1446,
7,2,0.0,7.0,06/01/1446,
7,2,0.0,16.0,07/01/1446,
7,2,0.0,0.0,08/01/1446,
7,2,0.0,16.0,19/01/1446,
15,2,0.0,16.0,01/01/1446,
15,2,0.0,10.0,03/01/1446,
15,2,0.0,2.0,04/01/1446,
15,2,0.0,1.0,09/01/1446,
15,2,0.0,0.0,11/01/1446,
15,2,0.0,1.0,17/01/1446,
15,2,0.0,2.0,18/01/1446,
15,2,0.0,0.0,19/01/1446,
15,2,0.0,0.0,20/01/1446,
46,2,0.0,12.0,01/01/1446,
46,2,0.0,0.0,10/01/1446,
46,2,0.0,0.0,11/01/1446,
46,2,0.0,8.0,12/01/1446,
46,2,0.0,4.0,13/01/1446,
46,2,0.0,0.0,14/01/1446,
46,2,0.0,0.0,17/01/1446,
46,2,0.0,0.0,18/01/1446,
46,2,0.0,0.0,20/01/1446,
33,2,0.0,0.0,01/01/1446,
42,2,0.0,0.0,01/01/1446,
1,2,0.0,0.0,01/01/1446,
11,2,0.0,0.0,01/01/1446,
27,2,0.0,100.0,01/01/1446,
27,2,0.0,20.0,02/01/1446,
27,2,0.0,20.0,03/01/1446,
27,2,0.0,20.0,06/01/1446,
27,2,0.0,0.0,08/01/1446,
27,2,0.0,0.0,09/01/1446,
27,2,0.0,0.0,11/01/1446,
27,2,0.0,10.0,12/01/1446,
27,2,0.0,15.0,13/01/1446,
27,2,0.0,7.0,16/01/1446,
27,2,0.0,2.0,18/01/1446,
27,2,0.0,6.0,19/01/1446,
27,2,0.0,0.0,20/01/1446,
37,2,0.0,0.0,01/01/1446,
45,2,0.0,0.0,01/01/1446,
30,2,0.0,0.0,01/01/1446,
41,2,0.0,4.0,01/01/1446,
41,2,0.0,1.0,09/01/1446,
41,2,0.0,1.0,12/01/1446,
41,2,0.0,1.0,15/01/1446,
41,2,0.0,1.0,16/01/1446,
47,2,0.0,0.0,01/01/1446,
47,2,0.0,0.0,07/01/1446,
19,2,0.0,0.0,01/01/1446,
39,2,0.0,0.0,01/01/1446,
44,4,0.0,11.0,01/01/1446,
44,4,0.0,9.0,07/01/1446,
44,4,0.0,0.0,10/01/1446,
44,4,0.0,0.0,13/01/1446,
44,4,0.0,0.0,14/01/1446,
44,4,0.0,0.0,15/01/1446,
44,4,0.0,0.0,16/01/1446,
44,4,0.0,0.0,17/01/1446,
44,4,0.0,2.0,18/01/1446,
44,4,0.0,0.0,19/01/1446,
44,4,0.0,0.0,20/01/1446,
2,4,0.0,10.0,01/01/1446,
2,4,0.0,6.0,08/01/1446,
2,4,0.0,3.0,09/01/1446,
2,4,0.0,0.0,11/01/1446,
2,4,0.0,0.0,13/01/1446,
2,4,0.0,0.0,14/01/1446,
2,4,0.0,0.0,15/01/1446,
2,4,0.0,1.0,16/01/1446,
2,4,0.0,0.0,17/01/1446,
2,4,0.0,0.0,19/01/1446,
2,4,0.0,0.0,20/01/1446,
2,4,0.0,0.0,21/01/1446,
6,4,0.0,38.0,01/01/1446,
6,4,0.0,13.0,08/01/1446,
6,4,0.0,0.0,10/01/1446,
6,4,0.0,0.0,11/01/1446,
6,4,0.0,5.0,12/01/1446,
6,4,0.0,0.0,13/01/1446,
6,4,0.0,0.0,16/01/1446,
6,4,0.0,0.0,18/01/1446,
6,4,0.0,6.0,19/01/1446,
6,4,0.0,14.0,21/01/1446,
43,4,0.0,5.0,01/01/1446,
43,4,0.0,0.0,10/01/1446,
43,4,0.0,0.0,11/01/1446,
43,4,0.0,0.0,12/01/1446,
43,4,0.0,0.0,14/01/1446,
43,4,0.0,5.0,19/01/1446,
43,4,0.0,0.0,20/01/1446,
43,4,0.0,0.0,21/01/1446,
48,4,0.0,31.0,01/01/1446,
48,4,0.0,7.0,06/01/1446,
48,4,0.0,8.0,07/01/1446,
48,4,0.0,3.0,08/01/1446,
48,4,0.0,3.0,12/01/1446,
48,4,0.0,4.0,13/01/1446,
48,4,0.0,0.0,14/01/1446,
48,4,0.0,0.0,15/01/1446,
48,4,0.0,4.0,16/01/1446,
48,4,0.0,1.0,17/01/1446,
48,4,0.0,1.0,18/01/1446,
48,4,0.0,0.0,20/01/1446,
29,4,0.0,85.0,01/01/1446,
29,4,0.0,4.0,02/01/1446,
29,4,0.0,3.0,03/01/1446,
29,4,0.0,4.0,04/01/1446,
29,4,0.0,7.0,05/01/1446,
29,4,0.0,4.0,06/01/1446,
29,4,0.0,5.0,07/01/1446,
29,4,0.0,2.0,08/01/1446,
29,4,0.0,3.0,09/01/1446,
29,4,0.0,0.0,10/01/1446,
29,4,0.0,0.0,11/01/1446,
29,4,0.0,3.0,12/01/1446,
29,4,0.0,9.0,13/01/1446,
29,4,0.0,0.0,14/01/1446,
29,4,0.0,0.0,15/01/1446,
29,4,0.0,11.0,16/01/1446,
29,4,0.0,0.0,17/01/1446,
29,4,0.0,4.0,18/01/1446,
29,4,0.0,12.0,19/01/1446,
29,4,0.0,0.0,20/01/1446,
29,4,0.0,14.0,21/01/1446,
25,4,0.0,0.0,01/01/1446,
28,4,0.0,0.0,01/01/1446,
38,4,0.0,6.0,01/01/1446,
38,4,0.0,6.0,18/01/1446,
14,4,0.0,2.0,01/01/1446,
14,4,0.0,2.0,07/01/1446,
14,4,0.0,0.0,13/01/1446,
14,4,0.0,0.0,14/01/1446,
14,4,0.0,0.0,20/01/1446,
21,4,0.0,19.0,01/01/1446,
21,4,0.0,2.0,03/01/1446,
21,4,0.0,14.0,04/01/1446,
21,4,0.0,0.0,05/01/1446,
21,4,0.0,0.0,07/01/1446,
21,4,0.0,1.0,08/01/1446,
21,4,0.0,0.0,09/01/1446,
21,4,0.0,0.0,10/01/1446,
21,4,0.0,0.0,12/01/1446,
21,4,0.0,0.0,13/01/1446,
21,4,0.0,0.0,14/01/1446,
21,4,0.0,0.0,15/01/1446,
21,4,0.0,0.0,16/01/1446,
21,4,0.0,0.0,17/01/1446,
21,4,0.0,0.0,18/01/1446,
21,4,0.0,2.0,19/01/1446,
21,4,0.0,0.0,21/01/1446,
24,4,0.0,130.0,01/01/1446,
24,4,0.0,20.0,02/01/1446,
24,4,0.0,20.0,03/01/1446,
24,4,0.0,20.0,06/01/1446,
24,4,0.0,10.0,08/01/1446,
24,4,0.0,20.0,09/01/1446,
24,4,0.0,0.0,11/01/1446,
24,4,0.0,5.0,12/01/1446,
24,4,0.0,20.0,13/01/1446,
24,4,0.0,7.0,16/01/1446,
24,4,0.0,0.0,18/01/1446,
24,4,0.0,8.0,19/01/1446,
24,4,0.0,0.0,20/01/1446,
8,1,0.0,84.0,01/11/1446,
8,1,0.0,5.0,06/11/1446,
8,1,0.0,5.0,07/11/1446,
8,1,0.0,5.0,08/11/1446,
8,1,0.0,0.0,10/11/1446,
8,1,0.0,0.0,12/11/1446,
8,1,0.0,0.0,13/11/1446,
8,1,0.0,3.0,14/11/1446,
8,1,0.0,2.0,15/11/1446,
8,1,0.0,10.0,16/11/1446,
8,1,0.0,8.0,17/11/1446,
8,1,0.0,7.0,20/11/1446,
8,1,0.0,5.0,22/11/1446,
8,1,0.0,7.0,23/11/1446,
8,1,0.0,0.0,25/11/1446,
8,1,0.0,7.0,27/11/1446,
8,1,0.0,6.0,28/11/1446,
8,1,0.0,10.0,29/11/1446,
8,1,0.0,4.0,30/11/1446,
9,1,3.0,81.0,01/11/1446,
9,1,0.0,5.0,02/11/1446,
9,1,0.0,0.0,04/11/1446,
9,1,0.0,0.0,05/11/1446,
9,1,1.0,0.0,06/11/1446,
9,1,1.0,10.0,07/11/1446,
9,1,0.0,10.0,08/11/1446,
9,1,0.0,5.0,09/11/1446,
9,1,0.0,0.0,10/11/1446,
9,1,0.0,5.0,11/11/1446,
9,1,0.0,5.0,12/11/1446,
9,1,0.0,0.0,13/11/1446,
9,1,0.0,0.0,14/11/1446,
9,1,0.0,5.0,15/11/1446,
9,1,0.0,4.0,16/11/1446,
9,1,0.0,3.0,17/11/1446,
9,1,0.0,0.0,19/11/1446,
9,1,0.0,3.0,20/11/1446,
9,1,0.0,6.0,21/11/1446,
9,1,1.0,0.0,22/11/1446,
9,1,0.0,5.0,23/11/1446,
9,1,0.0,7.0,24/11/1446,
9,1,0.0,0.0,25/11/1446,
9,1,0.0,0.0,27/11/1446,
9,1,0.0,0.0,29/11/1446,
9,1,0.0,8.0,30/11/1446,
17,1,28.0,230.0,01/11/1446,
17,1,2.0,15.0,02/11/1446,
17,1,0.0,10.0,03/11/1446,
17,1,0.0,0.0,04/11/1446,
17,1,0.0,0.0,05/11/1446,
17,1,2.0,10.0,06/11/1446,
17,1,2.0,10.0,07/11/1446,
17,1,2.0,10.0,08/11/1446,
17,1,0.0,15.0,09/11/1446,
17,1,0.0,0.0,10/11/1446,
17,1,0.0,0.0,11/11/1446,
17,1,2.0,10.0,12/11/1446,
17,1,2.0,10.0,13/11/1446,
17,1,0.0,6.0,14/11/1446,
17,1,3.0,10.0,15/11/1446,
17,1,2.0,10.0,16/11/1446,
17,1,0.0,15.0,17/11/1446,
17,1,1.0,10.0,18/11/1446,
17,1,2.0,0.0,19/11/1446,
17,1,2.0,10.0,20/11/1446,
17,1,0.0,10.0,21/11/1446,
17,1,0.0,5.0,22/11/1446,
17,1,2.0,10.0,23/11/1446,
17,1,2.0,10.0,24/11/1446,
17,1,1.0,0.0,25/11/1446,
17,1,0.0,0.0,26/11/1446,
17,1,0.0,14.0,27/11/1446,
17,1,0.0,10.0,28/11/1446,
17,1,1.0,10.0,29/11/1446,
17,1,0.0,10.0,30/11/1446,
36,1,0.0,45.0,01/11/1446,
36,1,0.0,4.0,02/11/1446,
36,1,0.0,4.0,03/11/1446,
36,1,0.0,0.0,04/11/1446,
36,1,0.0,0.0,05/11/1446,
36,1,0.0,0.0,06/11/1446,
36,1,0.0,3.0,07/11/1446,
36,1,0.0,0.0,08/11/1446,
36,1,0.0,1.0,09/11/1446,
36,1,0.0,0.0,10/11/1446,
36,1,0.0,0.0,11/11/1446,
36,1,0.0,2.0,12/11/1446,
36,1,0.0,2.0,13/11/1446,
36,1,0.0,0.0,14/11/1446,
36,1,0.0,0.0,15/11/1446,
36,1,0.0,5.0,16/11/1446,
36,1,0.0,2.0,17/11/1446,
36,1,0.0,2.0,18/11/1446,
36,1,0.0,2.0,19/11/1446,
36,1,0.0,1.0,20/11/1446,
36,1,0.0,1.0,21/11/1446,
36,1,0.0,3.0,23/11/1446,
36,1,0.0,4.0,24/11/1446,
36,1,0.0,0.0,25/11/1446,
36,1,0.0,0.0,26/11/1446,
36,1,0.0,5.0,27/11/1446,
36,1,0.0,2.0,28/11/1446,
36,1,0.0,2.0,29/11/1446,
36,1,0.0,0.0,30/11/1446,
23,1,4.0,123.0,01/11/1446,
23,1,0.0,10.0,02/11/1446,
23,1,0.0,0.0,03/11/1446,
23,1,0.0,0.0,04/11/1446,
23,1,0.0,0.0,05/11/1446,
23,1,0.0,0.0,06/11/1446,
23,1,0.0,10.0,07/11/1446,
23,1,0.0,10.0,08/11/1446,
23,1,1.0,0.0,09/11/1446,
23,1,0.0,0.0,10/11/1446,
23,1,0.0,0.0,11/11/1446,
23,1,0.0,0.0,12/11/1446,
23,1,0.0,0.0,13/11/1446,
23,1,0.0,10.0,14/11/1446,
23,1,0.0,10.0,15/11/1446,
23,1,0.0,10.0,16/11/1446,
23,1,0.0,10.0,17/11/1446,
23,1,0.0,10.0,18/11/1446,
23,1,1.0,0.0,19/11/1446,
23,1,0.0,0.0,20/11/1446,
23,1,0.0,0.0,21/11/1446,
23,1,1.0,0.0,22/11/1446,
23,1,1.0,0.0,23/11/1446,
23,1,0.0,2.0,24/11/1446,
23,1,0.0,0.0,25/11/1446,
23,1,0.0,0.0,26/11/1446,
23,1,0.0,8.0,27/11/1446,
23,1,0.0,13.0,28/11/1446,
23,1,0.0,10.0,29/11/1446,
23,1,0.0,10.0,30/11/1446,
3,1,6.0,125.0,01/11/1446,
3,1,0.0,8.0,02/11/1446,
3,1,0.0,8.0,03/11/1446,
3,1,0.0,0.0,04/11/1446,
3,1,0.0,0.0,05/11/1446,
3,1,0.0,10.0,06/11/1446,
3,1,0.0,20.0,07/11/1446,
3,1,0.0,20.0,08/11/1446,
3,1,0.0,20.0,09/11/1446,
3,1,0.0,0.0,10/11/1446,
3,1,0.0,0.0,11/11/1446,
3,1,0.0,0.0,12/11/1446,
3,1,0.0,0.0,13/11/1446,
3,1,1.0,0.0,14/11/1446,
3,1,2.0,0.0,15/11/1446,
3,1,1.0,0.0,16/11/1446,
3,1,0.0,7.0,17/11/1446,
3,1,0.0,6.0,18/11/1446,
3,1,0.0,6.0,19/11/1446,
3,1,0.0,1.0,21/11/1446,
3,1,0.0,1.0,22/11/1446,
3,1,2.0,0.0,23/11/1446,
3,1,0.0,7.0,24/11/1446,
3,1,0.0,0.0,25/11/1446,
3,1,0.0,0.0,26/11/1446,
3,1,0.0,4.0,27/11/1446,
3,1,0.0,0.0,28/11/1446,
3,1,0.0,7.0,29/11/1446,
3,1,0.0,0.0,30/11/1446,
4,1,1.0,57.0,01/11/1446,
4,1,0.0,6.0,03/11/1446,
4,1,0.0,0.0,04/11/1446,
4,1,0.0,7.0,06/11/1446,
4,1,0.0,0.0,14/11/1446,
4,1,0.0,8.0,15/11/1446,
4,1,0.0,5.0,18/11/1446,
4,1,0.0,6.0,20/11/1446,
4,1,0.0,5.0,22/11/1446,
4,1,0.0,0.0,23/11/1446,
4,1,1.0,0.0,24/11/1446,
4,1,0.0,7.0,27/11/1446,
4,1,0.0,5.0,28/11/1446,
4,1,0.0,8.0,29/11/1446,
12,1,0.0,16.0,01/11/1446,
12,1,0.0,5.0,20/11/1446,
12,1,0.0,5.0,27/11/1446,
12,1,0.0,6.0,28/11/1446,
49,1,2.0,27.0,01/11/1446,
49,1,0.0,0.0,03/11/1446,
49,1,0.0,0.0,04/11/1446,
49,1,0.0,0.0,05/11/1446,
49,1,0.0,0.0,06/11/1446,
49,1,0.0,3.0,07/11/1446,
49,1,0.0,5.0,08/11/1446,
49,1,0.0,0.0,09/11/1446,
49,1,0.0,0.0,10/11/1446,
49,1,0.0,0.0,11/11/1446,
49,1,0.0,0.0,12/11/1446,
49,1,0.0,0.0,13/11/1446,
49,1,0.0,2.0,14/11/1446,
49,1,0.0,2.0,15/11/1446,
49,1,0.0,0.0,16/11/1446,
49,1,0.0,5.0,17/11/1446,
49,1,0.0,0.0,18/11/1446,
49,1,0.5,0.0,19/11/1446,
49,1,0.5,0.0,20/11/1446,
49,1,0.0,0.0,21/11/1446,
49,1,0.0,0.0,22/11/1446,
49,1,0.5,0.0,23/11/1446,
49,1,0.5,2.0,24/11/1446,
49,1,0.0,0.0,25/11/1446,
49,1,0.0,0.0,26/11/1446,
49,1,0.0,8.0,27/11/1446,
49,1,0.0,0.0,28/11/1446,
49,1,0.0,0.0,29/11/1446,
49,1,0.0,0.0,30/11/1446,
22,1,0.0,0.0,01/11/1446,
31,1,6.0,15.0,01/11/1446,
31,1,0.0,5.0,02/11/1446,
31,1,0.0,5.0,17/11/1446,
31,1,0.0,5.0,18/11/1446,
31,1,3.0,0.0,20/11/1446,
31,1,1.0,0.0,24/11/1446,
31,1,1.0,0.0,27/11/1446,
31,1,1.0,0.0,29/11/1446,
51,1,0.0,5.0,01/11/1446,
51,1,0.0,5.0,03/11/1446,
51,1,0.0,0.0,04/11/1446,
52,1,0.0,0.0,01/11/1446,
24,2,0.0,48.0,01/11/1446,
24,2,0.0,10.0,02/11/1446,
24,2,0.0,10.0,03/11/1446,
24,2,0.0,0.0,04/11/1446,
24,2,0.0,10.0,05/11/1446,
24,2,0.0,8.0,06/11/1446,
24,2,0.0,10.0,08/11/1446,
53,2,0.0,29.0,01/11/1446,
53,2,0.0,4.0,02/11/1446,
53,2,0.0,8.0,03/11/1446,
53,2,0.0,0.0,04/11/1446,
53,2,0.0,5.0,05/11/1446,
53,2,0.0,7.0,06/11/1446,
53,2,0.0,5.0,08/11/1446,
40,2,19.5,281.0,01/11/1446,
40,2,1.0,4.0,02/11/1446,
40,2,1.0,4.0,03/11/1446,
40,2,0.0,0.0,04/11/1446,
40,2,1.0,4.0,05/11/1446,
40,2,2.0,10.0,06/11/1446,
40,2,0.0,20.0,07/11/1446,
40,2,2.0,9.0,08/11/1446,
40,2,1.0,20.0,09/11/1446,
40,2,1.0,0.0,10/11/1446,
40,2,1.0,20.0,11/11/1446,
40,2,0.0,0.0,12/11/1446,
40,2,0.0,15.0,13/11/1446,
40,2,0.0,20.0,14/11/1446,
40,2,1.0,0.0,15/11/1446,
40,2,1.0,0.0,16/11/1446,
40,2,0.0,8.0,17/11/1446,
40,2,0.0,6.0,19/11/1446,
40,2,1.0,13.0,20/11/1446,
40,2,0.0,20.0,21/11/1446,
40,2,2.0,20.0,22/11/1446,
40,2,2.0,10.0,23/11/1446,
40,2,2.0,10.0,24/11/1446,
40,2,0.5,8.0,25/11/1446,
40,2,0.0,0.0,26/11/1446,
40,2,0.0,0.0,27/11/1446,
40,2,0.0,20.0,28/11/1446,
40,2,0.0,20.0,29/11/1446,
40,2,0.0,20.0,30/11/1446,
29,2,0.5,191.0,01/11/1446,
29,2,0.0,3.0,02/11/1446,
29,2,0.0,8.0,03/11/1446,
29,2,0.0,0.0,04/11/1446,
29,2,0.0,8.0,05/11/1446,
29,2,0.0,6.0,06/11/1446,
29,2,0.0,10.0,07/11/1446,
29,2,0.0,10.0,08/11/1446,
29,2,0.0,5.0,09/11/1446,
29,2,0.0,12.0,10/11/1446,
29,2,0.0,10.0,11/11/1446,
29,2,0.0,0.0,12/11/1446,
29,2,0.0,5.0,13/11/1446,
29,2,0.0,6.0,14/11/1446,
29,2,0.0,10.0,15/11/1446,
29,2,0.0,10.0,16/11/1446,
29,2,0.0,10.0,17/11/1446,
29,2,0.0,10.0,18/11/1446,
29,2,0.5,0.0,19/11/1446,
29,2,0.0,8.0,20/11/1446,
29,2,0.0,5.0,21/11/1446,
29,2,0.0,10.0,22/11/1446,
29,2,0.0,5.0,23/11/1446,
29,2,0.0,10.0,24/11/1446,
29,2,0.0,0.0,25/11/1446,
29,2,0.0,0.0,26/11/1446,
29,2,0.0,10.0,27/11/1446,
29,2,0.0,10.0,28/11/1446,
29,2,0.0,10.0,29/11/1446,
29,2,0.0,0.0,30/11/1446,
13,2,2.0,131.0,01/11/1446,
13,2,1.0,8.0,02/11/1446,
13,2,0.0,10.0,03/11/1446,
13,2,0.0,0.0,04/11/1446,
13,2,0.0,10.0,05/11/1446,
13,2,0.0,13.0,06/11/1446,
13,2,0.0,10.0,08/11/1446,
13,2,0.0,20.0,09/11/1446,
13,2,0.0,20.0,11/11/1446,
13,2,0.0,0.0,12/11/1446,
13,2,0.0,3.0,13/11/1446,
13,2,0.0,12.0,14/11/1446,
13,2,0.0,6.0,15/11/1446,
13,2,0.0,4.0,16/11/1446,
13,2,0.0,10.0,17/11/1446,
13,2,0.0,5.0,18/11/1446,
13,2,0.5,0.0,19/11/1446,
13,2,0.5,0.0,20/11/1446,
13,2,0.0,0.0,30/11/1446,
32,2,3.5,75.0,01/11/1446,
32,2,1.0,0.0,02/11/1446,
32,2,0.0,4.0,03/11/1446,
32,2,0.0,4.0,10/11/1446,
32,2,0.0,0.0,11/11/1446,
32,2,0.0,0.0,12/11/1446,
32,2,0.0,7.0,13/11/1446,
32,2,1.0,10.0,14/11/1446,
32,2,0.5,0.0,15/11/1446,
32,2,0.5,0.0,16/11/1446,
32,2,0.0,5.0,17/11/1446,
32,2,0.0,5.0,18/11/1446,
32,2,0.0,3.0,20/11/1446,
32,2,0.5,3.0,21/11/1446,
32,2,0.0,1.0,22/11/1446,
32,2,0.0,5.0,23/11/1446,
32,2,0.0,5.0,24/11/1446,
32,2,0.0,0.0,25/11/1446,
32,2,0.0,0.0,26/11/1446,
32,2,0.0,2.0,27/11/1446,
32,2,0.0,8.0,28/11/1446,
32,2,0.0,8.0,29/11/1446,
32,2,0.0,5.0,30/11/1446,
50,2,5.0,104.0,01/11/1446,
50,2,1.0,3.0,02/11/1446,
50,2,1.0,3.0,03/11/1446,
50,2,0.0,0.0,04/11/1446,
50,2,0.0,0.0,05/11/1446,
50,2,0.0,2.0,06/11/1446,
50,2,0.0,6.0,07/11/1446,
50,2,0.0,5.0,08/11/1446,
50,2,0.0,10.0,09/11/1446,
50,2,0.0,12.0,10/11/1446,
50,2,0.0,10.0,11/11/1446,
50,2,0.0,0.0,12/11/1446,
50,2,0.0,10.0,13/11/1446,
50,2,0.0,3.0,14/11/1446,
50,2,0.5,3.0,15/11/1446,
50,2,0.5,4.0,16/11/1446,
50,2,0.5,0.0,17/11/1446,
50,2,0.0,0.0,18/11/1446,
50,2,0.5,0.0,19/11/1446,
50,2,0.0,2.0,20/11/1446,
50,2,0.0,3.0,21/11/1446,
50,2,1.0,0.0,22/11/1446,
50,2,0.0,5.0,23/11/1446,
50,2,0.0,3.0,24/11/1446,
50,2,0.0,5.0,27/11/1446,
50,2,0.0,5.0,28/11/1446,
50,2,0.0,5.0,29/11/1446,
50,2,0.0,5.0,30/11/1446,
2,2,2.0,30.0,01/11/1446,
2,2,0.0,0.0,02/11/1446,
2,2,0.0,0.0,03/11/1446,
2,2,0.0,0.0,04/11/1446,
2,2,0.0,2.0,05/11/1446,
2,2,0.0,0.0,06/11/1446,
2,2,0.0,0.0,07/11/1446,
2,2,0.0,0.0,09/11/1446,
2,2,0.0,0.0,10/11/1446,
2,2,0.0,0.0,11/11/1446,
2,2,0.0,0.0,12/11/1446,
2,2,0.0,0.0,13/11/1446,
2,2,0.0,0.0,14/11/1446,
2,2,0.0,0.0,15/11/1446,
2,2,0.0,0.0,16/11/1446,
2,2,0.0,0.0,17/11/1446,
2,2,0.0,0.0,18/11/1446,
2,2,0.0,4.0,19/11/1446,
2,2,0.0,2.0,20/11/1446,
2,2,0.0,3.0,21/11/1446,
2,2,0.0,4.0,22/11/1446,
2,2,0.5,3.0,23/11/1446,
2,2,0.5,2.0,24/11/1446,
2,2,0.0,0.0,25/11/1446,
2,2,0.0,0.0,26/11/1446,
2,2,0.0,4.0,27/11/1446,
2,2,0.5,6.0,28/11/1446,
2,2,0.5,0.0,29/11/1446,
2,2,0.0,0.0,30/11/1446,
56,2,0.0,89.0,01/11/1446,
56,2,0.0,0.0,04/11/1446,
56,2,0.0,0.0,05/11/1446,
56,2,0.0,10.0,06/11/1446,
56,2,0.0,2.0,07/11/1446,
56,2,0.0,10.0,08/11/1446,
56,2,0.0,6.0,09/11/1446,
56,2,0.0,0.0,10/11/1446,
56,2,0.0,8.0,11/11/1446,
56,2,0.0,0.0,12/11/1446,
56,2,0.0,10.0,13/11/1446,
56,2,0.0,3.0,14/11/1446,
56,2,0.0,2.0,15/11/1446,
56,2,0.0,2.0,16/11/1446,
56,2,0.0,6.0,17/11/1446,
56,2,0.0,2.0,18/11/1446,
56,2,0.0,0.0,19/11/1446,
56,2,0.0,8.0,20/11/1446,
56,2,0.0,0.0,21/11/1446,
56,2,0.0,4.0,22/11/1446,
56,2,0.0,2.0,23/11/1446,
56,2,0.0,3.0,24/11/1446,
56,2,0.0,0.0,25/11/1446,
56,2,0.0,0.0,26/11/1446,
56,2,0.0,0.0,27/11/1446,
56,2,0.0,2.0,28/11/1446,
56,2,0.0,5.0,29/11/1446,
56,2,0.0,4.0,30/11/1446,
55,2,1.5,11.0,01/11/1446,
55,2,1.0,2.0,02/11/1446,
55,2,0.0,0.0,03/11/1446,
55,2,0.0,0.0,04/11/1446,
55,2,0.0,0.0,05/11/1446,
55,2,0.0,2.0,06/11/1446,
55,2,0.0,2.0,07/11/1446,
55,2,0.5,2.0,08/11/1446,
55,2,0.0,0.0,09/11/1446,
55,2,0.0,3.0,14/11/1446,
35,2,1.5,20.0,01/11/1446,
35,2,0.0,2.0,02/11/1446,
35,2,0.0,0.0,04/11/1446,
35,2,0.0,0.0,05/11/1446,
35,2,0.0,3.0,06/11/1446,
35,2,0.0,2.0,07/11/1446,
35,2,0.5,0.0,12/11/1446,
35,2,0.5,0.0,13/11/1446,
35,2,0.0,2.0,14/11/1446,
35,2,0.0,4.0,15/11/1446,
35,2,0.0,2.0,16/11/1446,
35,2,0.0,2.0,20/11/1446,
35,2,0.0,0.0,25/11/1446,
35,2,0.0,0.0,26/11/1446,
35,2,0.0,0.0,27/11/1446,
35,2,0.0,3.0,28/11/1446,
35,2,0.5,0.0,30/11/1446,
7,2,1.0,44.0,01/11/1446,
7,2,0.0,3.0,02/11/1446,
7,2,0.0,0.0,03/11/1446,
7,2,0.0,0.0,04/11/1446,
7,2,0.0,0.0,05/11/1446,
7,2,0.0,3.0,06/11/1446,
7,2,0.0,2.0,07/11/1446,
7,2,0.0,5.0,08/11/1446,
7,2,0.0,3.0,14/11/1446,
7,2,0.0,10.0,15/11/1446,
7,2,0.0,3.0,16/11/1446,
7,2,0.0,1.0,18/11/1446,
7,2,0.0,1.0,19/11/1446,
7,2,0.0,3.0,20/11/1446,
7,2,0.0,0.0,25/11/1446,
7,2,0.0,0.0,26/11/1446,
7,2,0.0,5.0,27/11/1446,
7,2,0.0,5.0,28/11/1446,
7,2,0.5,0.0,29/11/1446,
7,2,0.5,0.0,30/11/1446,
15,2,0.0,6.0,01/11/1446,
15,2,0.0,0.0,04/11/1446,
15,2,0.0,2.0,16/11/1446,
15,2,0.0,0.0,19/11/1446,
15,2,0.0,2.0,21/11/1446,
15,2,0.0,0.0,24/11/1446,
15,2,0.0,0.0,25/11/1446,
15,2,0.0,2.0,27/11/1446,
15,2,0.0,0.0,29/11/1446,
15,2,0.0,0.0,30/11/1446,
46,2,0.0,0.0,01/11/1446,
33,2,2.5,49.0,01/11/1446,
33,2,0.0,9.0,02/11/1446,
33,2,0.0,0.0,04/11/1446,
33,2,0.0,0.0,05/11/1446,
33,2,0.0,3.0,06/11/1446,
33,2,1.0,6.0,07/11/1446,
33,2,0.0,4.0,08/11/1446,
33,2,0.0,0.0,09/11/1446,
33,2,0.0,2.0,11/11/1446,
33,2,0.0,3.0,12/11/1446,
33,2,0.0,3.0,13/11/1446,
33,2,0.5,2.0,14/11/1446,
33,2,0.0,2.0,15/11/1446,
33,2,0.0,0.0,17/11/1446,
33,2,0.0,3.0,18/11/1446,
33,2,1.0,0.0,19/11/1446,
33,2,0.0,6.0,20/11/1446,
33,2,0.0,0.0,22/11/1446,
33,2,0.0,2.0,24/11/1446,
33,2,0.0,0.0,25/11/1446,
33,2,0.0,0.0,26/11/1446,
33,2,0.0,4.0,27/11/1446,
33,2,0.0,0.0,29/11/1446,
33,2,0.0,0.0,30/11/1446,
1,2,0.5,19.0,01/11/1446,
1,2,0.5,0.0,02/11/1446,
1,2,0.0,0.0,03/11/1446,
1,2,0.0,6.0,06/11/1446,
1,2,0.0,0.0,07/11/1446,
1,2,0.0,8.0,08/11/1446,
1,2,0.0,0.0,16/11/1446,
1,2,0.0,2.0,20/11/1446,
1,2,0.0,0.0,22/11/1446,
1,2,0.0,3.0,24/11/1446,
1,2,0.0,0.0,25/11/1446,
1,2,0.0,0.0,27/11/1446,
11,2,0.0,0.0,01/11/1446,
11,2,0.0,0.0,08/11/1446,
37,2,0.0,0.0,01/11/1446,
41,2,0.0,5.0,01/11/1446,
41,2,0.0,0.0,04/11/1446,
41,2,0.0,0.0,08/11/1446,
41,2,0.0,2.0,16/11/1446,
41,2,0.0,2.0,18/11/1446,
41,2,0.0,1.0,20/11/1446,
41,2,0.0,0.0,29/11/1446,
47,2,1.0,4.0,01/11/1446,
47,2,0.0,0.0,20/11/1446,
47,2,0.5,0.0,22/11/1446,
47,2,0.5,0.0,23/11/1446,
47,2,0.0,2.0,24/11/1446,
47,2,0.0,0.0,25/11/1446,
47,2,0.0,0.0,26/11/1446,
47,2,0.0,2.0,27/11/1446,
47,2,0.0,0.0,30/11/1446,
39,2,0.0,1.0,01/11/1446,
39,2,0.0,0.0,04/11/1446,
39,2,0.0,0.0,07/11/1446,
39,2,0.0,1.0,08/11/1446,
39,2,0.0,0.0,30/11/1446,
44,2,2.5,28.0,01/11/1446,
44,2,1.0,0.0,02/11/1446,
44,2,0.0,2.0,03/11/1446,
44,2,0.0,0.0,04/11/1446,
44,2,0.0,0.0,05/11/1446,
44,2,0.5,5.0,06/11/1446,
44,2,0.0,1.0,07/11/1446,
44,2,0.0,4.0,08/11/1446,
44,2,0.0,2.0,10/11/1446,
44,2,0.0,0.0,11/11/1446,
44,2,0.0,0.0,16/11/1446,
44,2,0.0,0.0,18/11/1446,
44,2,0.0,0.0,19/11/1446,
44,2,0.0,2.0,20/11/1446,
44,2,0.5,0.0,22/11/1446,
44,2,0.0,2.0,23/11/1446,
44,2,0.0,2.0,24/11/1446,
44,2,0.0,0.0,25/11/1446,
44,2,0.0,0.0,26/11/1446,
44,2,0.0,3.0,27/11/1446,
44,2,0.5,0.0,28/11/1446,
44,2,0.0,5.0,29/11/1446,
44,2,0.0,0.0,30/11/1446,
6,2,1.0,28.0,01/11/1446,
6,2,0.0,4.0,02/11/1446,
6,2,0.0,0.0,04/11/1446,
6,2,0.0,0.0,05/11/1446,
6,2,0.0,2.0,06/11/1446,
6,2,0.0,2.0,07/11/1446,
6,2,0.0,4.0,08/11/1446,
6,2,0.0,0.0,16/11/1446,
6,2,0.0,0.0,18/11/1446,
6,2,0.0,3.0,19/11/1446,
6,2,0.5,0.0,21/11/1446,
6,2,0.5,0.0,22/11/1446,
6,2,0.0,3.0,23/11/1446,
6,2,0.0,2.0,24/11/1446,
6,2,0.0,0.0,25/11/1446,
6,2,0.0,0.0,26/11/1446,
6,2,0.0,0.0,27/11/1446,
6,2,0.0,5.0,28/11/1446,
6,2,0.0,3.0,29/11/1446,
6,2,0.0,0.0,30/11/1446,
43,2,0.0,0.0,01/11/1446,
43,2,0.0,0.0,04/11/1446,
43,2,0.0,0.0,07/11/1446,
43,2,0.0,0.0,08/11/1446,
43,2,0.0,0.0,28/11/1446,
43,2,0.0,0.0,29/11/1446,
43,2,0.0,0.0,30/11/1446,
48,2,0.5,4.0,01/11/1446,
48,2,0.0,2.0,02/11/1446,
48,2,0.0,0.0,04/11/1446,
48,2,0.0,2.0,06/11/1446,
48,2,0.5,0.0,07/11/1446,
48,2,0.0,0.0,29/11/1446,
38,2,0.0,26.0,01/11/1446,
38,2,0.0,0.0,04/11/1446,
38,2,0.0,2.0,06/11/1446,
38,2,0.0,10.0,08/11/1446,
38,2,0.0,5.0,23/11/1446,
38,2,0.0,4.0,24/11/1446,
38,2,0.0,0.0,25/11/1446,
38,2,0.0,0.0,26/11/1446,
38,2,0.0,3.0,27/11/1446,
38,2,0.0,2.0,28/11/1446,
16,2,3.0,37.0,01/11/1446,
16,2,0.0,2.0,02/11/1446,
16,2,0.0,0.0,03/11/1446,
16,2,0.0,0.0,04/11/1446,
16,2,0.0,0.0,05/11/1446,
16,2,0.0,2.0,06/11/1446,
16,2,0.0,5.0,07/11/1446,
16,2,0.0,3.0,08/11/1446,
16,2,0.0,3.0,09/11/1446,
16,2,0.0,3.0,10/11/1446,
16,2,0.0,0.0,11/11/1446,
16,2,0.0,0.0,13/11/1446,
16,2,0.0,0.0,14/11/1446,
16,2,0.0,0.0,15/11/1446,
16,2,0.5,0.0,17/11/1446,
16,2,0.0,0.0,18/11/1446,
16,2,0.0,3.0,19/11/1446,
16,2,0.5,0.0,20/11/1446,
16,2,0.5,0.0,21/11/1446,
16,2,0.5,0.0,22/11/1446,
16,2,0.0,4.0,23/11/1446,
16,2,0.0,3.0,24/11/1446,
16,2,0.0,0.0,25/11/1446,
16,2,0.0,0.0,26/11/1446,
16,2,0.0,5.0,27/11/1446,
16,2,0.5,0.0,28/11/1446,
16,2,0.5,4.0,29/11/1446,
16,2,0.0,0.0,30/11/1446,
42,2,0.0,0.0,01/11/1446,
42,2,0.0,0.0,05/11/1446,
42,2,0.0,0.0,14/11/1446,
42,2,0.0,0.0,15/11/1446,
19,2,0.0,6.0,01/11/1446,
19,2,0.0,2.0,02/11/1446,
19,2,0.0,2.0,03/11/1446,
19,2,0.0,0.0,04/11/1446,
19,2,0.0,2.0,06/11/1446,
19,2,0.0,0.0,07/11/1446,
19,2,0.0,0.0,14/11/1446,
54,2,0.0,0.0,01/11/1446,
21,2,0.5,0.0,01/11/1446,
21,2,0.0,0.0,02/11/1446,
21,2,0.0,0.0,03/11/1446,
21,2,0.0,0.0,04/11/1446,
21,2,0.0,0.0,06/11/1446,
21,2,0.5,0.0,07/11/1446,
8,1,0.0,60.0,01/12/1446,
8,1,0.0,10.0,02/12/1446,
8,1,0.0,7.0,03/12/1446,
8,1,0.0,9.0,06/12/1446,
8,1,0.0,8.0,07/12/1446,
8,1,0.0,0.0,09/12/1446,
8,1,0.0,0.0,10/12/1446,
8,1,0.0,2.0,20/12/1446,
8,1,0.0,2.0,21/12/1446,
8,1,0.0,2.0,22/12/1446,
8,1,0.0,0.0,26/12/1446,
8,1,0.0,10.0,29/12/1446,
8,1,0.0,10.0,30/12/1446,
9,1,1.0,65.0,01/12/1446,
9,1,0.0,0.0,02/12/1446,
9,1,0.0,8.0,03/12/1446,
9,1,1.0,0.0,04/12/1446,
9,1,0.0,5.0,08/12/1446,
9,1,0.0,0.0,09/12/1446,
9,1,0.0,0.0,10/12/1446,
9,1,0.0,0.0,19/12/1446,
9,1,0.0,4.0,20/12/1446,
9,1,0.0,10.0,21/12/1446,
9,1,0.0,4.0,22/12/1446,
9,1,0.0,6.0,23/12/1446,
9,1,0.0,0.0,24/12/1446,
9,1,0.0,7.0,26/12/1446,
9,1,0.0,9.0,27/12/1446,
9,1,0.0,5.0,28/12/1446,
9,1,0.0,4.0,29/12/1446,
9,1,0.0,3.0,30/12/1446,
17,1,15.0,157.0,01/12/1446,
17,1,0.0,10.0,02/12/1446,
17,1,2.0,8.0,03/12/1446,
17,1,0.0,8.0,04/12/1446,
17,1,2.0,10.0,05/12/1446,
17,1,2.0,10.0,06/12/1446,
17,1,0.0,10.0,07/12/1446,
17,1,2.0,0.0,08/12/1446,
17,1,0.0,0.0,09/12/1446,
17,1,0.0,0.0,10/12/1446,
17,1,3.0,8.0,19/12/1446,
17,1,0.0,15.0,20/12/1446,
17,1,0.0,0.0,21/12/1446,
17,1,0.0,5.0,22/12/1446,
17,1,0.0,10.0,23/12/1446,
17,1,1.0,5.0,24/12/1446,
17,1,2.0,18.0,26/12/1446,
17,1,1.0,10.0,27/12/1446,
17,1,0.0,10.0,28/12/1446,
17,1,0.0,10.0,29/12/1446,
17,1,0.0,10.0,30/12/1446,
36,1,1.5,37.5,01/12/1446,
36,1,0.0,0.0,02/12/1446,
36,1,0.0,4.0,03/12/1446,
36,1,0.0,0.0,04/12/1446,
36,1,0.0,0.5,05/12/1446,
36,1,0.5,0.0,07/12/1446,
36,1,0.0,0.0,09/12/1446,
36,1,0.0,0.0,10/12/1446,
36,1,0.0,2.0,19/12/1446,
36,1,0.0,4.0,20/12/1446,
36,1,0.0,4.0,21/12/1446,
36,1,0.5,0.0,23/12/1446,
36,1,0.5,4.0,24/12/1446,
36,1,0.0,0.0,26/12/1446,
36,1,0.0,4.0,27/12/1446,
36,1,0.0,8.0,28/12/1446,
36,1,0.0,4.0,29/12/1446,
36,1,0.0,3.0,30/12/1446,
23,1,2.5,45.0,01/12/1446,
23,1,0.0,9.0,02/12/1446,
23,1,0.0,6.0,03/12/1446,
23,1,0.0,2.0,04/12/1446,
23,1,1.0,0.0,05/12/1446,
23,1,1.0,0.0,06/12/1446,
23,1,0.0,0.0,07/12/1446,
23,1,0.5,0.0,08/12/1446,
23,1,0.0,0.0,09/12/1446,
23,1,0.0,0.0,10/12/1446,
23,1,0.0,2.0,19/12/1446,
23,1,0.0,3.0,20/12/1446,
23,1,0.0,3.0,21/12/1446,
23,1,0.0,3.0,22/12/1446,
23,1,0.0,2.0,23/12/1446,
23,1,0.0,2.0,24/12/1446,
23,1,0.0,0.0,25/12/1446,
23,1,0.0,0.0,26/12/1446,
23,1,0.0,3.0,27/12/1446,
23,1,0.0,10.0,28/12/1446,
3,1,2.5,43.0,01/12/1446,
3,1,0.0,0.0,04/12/1446,
3,1,1.0,0.0,05/12/1446,
3,1,0.0,0.0,06/12/1446,
3,1,1.0,0.0,07/12/1446,
3,1,0.5,0.0,08/12/1446,
3,1,0.0,0.0,09/12/1446,
3,1,0.0,0.0,10/12/1446,
3,1,0.0,0.0,24/12/1446,
3,1,0.0,0.0,25/12/1446,
3,1,0.0,4.0,26/12/1446,
3,1,0.0,10.0,27/12/1446,
3,1,0.0,10.0,28/12/1446,
3,1,0.0,9.0,29/12/1446,
3,1,0.0,10.0,30/12/1446,
4,1,0.0,68.0,01/12/1446,
4,1,0.0,6.0,02/12/1446,
4,1,0.0,9.0,03/12/1446,
4,1,0.0,3.0,06/12/1446,
4,1,0.0,0.0,10/12/1446,
4,1,0.0,8.0,19/12/1446,
4,1,0.0,4.0,20/12/1446,
4,1,0.0,10.0,21/12/1446,
4,1,0.0,7.0,26/12/1446,
4,1,0.0,11.0,28/12/1446,
4,1,0.0,10.0,30/12/1446,
12,1,0.0,51.0,01/12/1446,
12,1,0.0,5.0,19/12/1446,
12,1,0.0,5.0,21/12/1446,
12,1,0.0,11.0,22/12/1446,
12,1,0.0,10.0,26/12/1446,
12,1,0.0,10.0,27/12/1446,
12,1,0.0,10.0,29/12/1446,
49,1,0.0,23.0,01/12/1446,
49,1,0.0,0.0,02/12/1446,
49,1,0.0,2.0,03/12/1446,
49,1,0.0,4.0,06/12/1446,
49,1,0.0,0.0,07/12/1446,
49,1,0.0,0.0,09/12/1446,
49,1,0.0,0.0,10/12/1446,
49,1,0.0,0.0,23/12/1446,
49,1,0.0,0.0,26/12/1446,
49,1,0.0,3.0,27/12/1446,
49,1,0.0,7.0,28/12/1446,
49,1,0.0,2.0,29/12/1446,
49,1,0.0,5.0,30/12/1446,
22,1,0.0,0.0,01/12/1446,
31,1,0.0,0.0,01/12/1446,
51,1,0.0,0.0,01/12/1446,
52,1,0.0,0.0,01/12/1446,
24,2,0.0,0.0,01/12/1446,
53,2,0.0,0.0,01/12/1446,
40,2,8.0,177.0,01/12/1446,
40,2,1.0,20.0,02/12/1446,
40,2,1.0,20.0,03/12/1446,
40,2,0.0,0.0,04/12/1446,
40,2,0.0,30.0,05/12/1446,
40,2,1.0,0.0,06/12/1446,
40,2,1.0,0.0,07/12/1446,
40,2,1.0,0.0,08/12/1446,
40,2,0.0,0.0,09/12/1446,
40,2,0.0,0.0,10/12/1446,
40,2,1.0,10.0,19/12/1446,
40,2,1.0,8.0,20/12/1446,
40,2,0.0,6.0,21/12/1446,
40,2,0.0,20.0,22/12/1446,
40,2,1.0,20.0,23/12/1446,
40,2,0.0,0.0,24/12/1446,
40,2,0.0,0.0,25/12/1446,
40,2,0.0,6.0,26/12/1446,
40,2,0.0,10.0,27/12/1446,
40,2,0.0,15.0,28/12/1446,
40,2,0.0,6.0,29/12/1446,
40,2,0.0,6.0,30/12/1446,
29,2,2.0,65.0,01/12/1446,
29,2,0.0,10.0,02/12/1446,
29,2,0.5,0.0,03/12/1446,
29,2,0.0,0.0,04/12/1446,
29,2,0.5,0.0,05/12/1446,
29,2,0.5,0.0,07/12/1446,
29,2,0.5,0.0,08/12/1446,
29,2,0.0,0.0,09/12/1446,
29,2,0.0,0.0,10/12/1446,
29,2,0.0,10.0,19/12/1446,
29,2,0.0,10.0,20/12/1446,
29,2,0.0,10.0,21/12/1446,
29,2,0.0,5.0,22/12/1446,
29,2,0.0,10.0,29/12/1446,
29,2,0.0,10.0,30/12/1446,
13,2,0.5,128.0,01/12/1446,
13,2,0.0,20.0,02/12/1446,
13,2,0.0,20.0,03/12/1446,
13,2,0.0,0.0,04/12/1446,
13,2,0.0,20.0,05/12/1446,
13,2,0.5,10.0,07/12/1446,
13,2,0.0,10.0,08/12/1446,
13,2,0.0,0.0,09/12/1446,
13,2,0.0,0.0,10/12/1446,
13,2,0.0,10.0,19/12/1446,
13,2,0.0,10.0,21/12/1446,
13,2,0.0,0.0,22/12/1446,
13,2,0.0,20.0,23/12/1446,
13,2,0.0,0.0,24/12/1446,
13,2,0.0,0.0,25/12/1446,
13,2,0.0,8.0,27/12/1446,
13,2,0.0,0.0,28/12/1446,
32,2,2.0,29.0,01/12/1446,
32,2,0.0,0.0,02/12/1446,
32,2,0.5,2.0,03/12/1446,
32,2,0.0,0.0,04/12/1446,
32,2,0.0,2.0,05/12/1446,
32,2,1.0,0.0,07/12/1446,
32,2,0.5,0.0,08/12/1446,
32,2,0.0,0.0,09/12/1446,
32,2,0.0,0.0,10/12/1446,
32,2,0.0,0.0,24/12/1446,
32,2,0.0,0.0,25/12/1446,
32,2,0.0,5.0,26/12/1446,
32,2,0.0,5.0,27/12/1446,
32,2,0.0,2.0,28/12/1446,
32,2,0.0,8.0,29/12/1446,
32,2,0.0,5.0,30/12/1446,
50,2,0.0,15.0,01/12/1446,
50,2,0.0,0.0,04/12/1446,
50,2,0.0,3.0,05/12/1446,
50,2,0.0,0.0,09/12/1446,
50,2,0.0,0.0,10/12/1446,
50,2,0.0,0.0,20/12/1446,
50,2,0.0,6.0,22/12/1446,
50,2,0.0,6.0,23/12/1446,
50,2,0.0,0.0,24/12/1446,
50,2,0.0,0.0,25/12/1446,
2,2,0.5,29.0,01/12/1446,
2,2,0.0,0.0,02/12/1446,
2,2,0.0,4.0,03/12/1446,
2,2,0.0,0.0,04/12/1446,
2,2,0.0,5.0,05/12/1446,
2,2,0.5,0.0,07/12/1446,
2,2,0.0,0.0,09/12/1446,
2,2,0.0,0.0,10/12/1446,
2,2,0.0,0.0,20/12/1446,
2,2,0.0,0.0,22/12/1446,
2,2,0.0,4.0,23/12/1446,
2,2,0.0,0.0,24/12/1446,
2,2,0.0,0.0,25/12/1446,
2,2,0.0,3.0,26/12/1446,
2,2,0.0,4.0,27/12/1446,
2,2,0.0,4.0,28/12/1446,
2,2,0.0,2.0,29/12/1446,
2,2,0.0,3.0,30/12/1446,
56,2,1.0,14.0,01/12/1446,
56,2,0.0,4.0,02/12/1446,
56,2,0.5,0.0,03/12/1446,
56,2,0.0,0.0,04/12/1446,
56,2,0.0,10.0,05/12/1446,
56,2,0.5,0.0,07/12/1446,
56,2,0.0,0.0,09/12/1446,
56,2,0.0,0.0,10/12/1446,
55,2,0.0,0.0,01/12/1446,
35,2,0.0,17.0,01/12/1446,
35,2,0.0,3.0,02/12/1446,
35,2,0.0,2.0,03/12/1446,
35,2,0.0,0.0,05/12/1446,
35,2,0.0,0.0,07/12/1446,
35,2,0.0,0.0,09/12/1446,
35,2,0.0,0.0,10/12/1446,
35,2,0.0,2.0,19/12/1446,
35,2,0.0,0.0,21/12/1446,
35,2,0.0,0.0,23/12/1446,
35,2,0.0,4.0,24/12/1446,
35,2,0.0,0.0,25/12/1446,
35,2,0.0,3.0,26/12/1446,
35,2,0.0,3.0,29/12/1446,
35,2,0.0,0.0,30/12/1446,
7,2,0.5,13.0,01/12/1446,
7,2,0.0,2.0,02/12/1446,
7,2,0.5,0.0,03/12/1446,
7,2,0.0,2.0,04/12/1446,
7,2,0.0,0.0,05/12/1446,
7,2,0.0,0.0,09/12/1446,
7,2,0.0,0.0,10/12/1446,
7,2,0.0,3.0,19/12/1446,
7,2,0.0,0.0,20/12/1446,
7,2,0.0,0.0,21/12/1446,
7,2,0.0,0.0,24/12/1446,
7,2,0.0,0.0,25/12/1446,
7,2,0.0,0.0,28/12/1446,
7,2,0.0,4.0,29/12/1446,
7,2,0.0,2.0,30/12/1446,
15,2,0.0,3.0,01/12/1446,
15,2,0.0,0.0,10/12/1446,
15,2,0.0,0.0,21/12/1446,
15,2,0.0,0.0,24/12/1446,
15,2,0.0,3.0,28/12/1446,
15,2,0.0,0.0,30/12/1446,
46,2,0.0,0.0,01/12/1446,
33,2,0.0,5.0,01/12/1446,
33,2,0.0,2.0,02/12/1446,
33,2,0.0,3.0,03/12/1446,
33,2,0.0,0.0,05/12/1446,
33,2,0.0,0.0,09/12/1446,
33,2,0.0,0.0,10/12/1446,
33,2,0.0,0.0,24/12/1446,
33,2,0.0,0.0,25/12/1446,
1,2,0.0,0.0,01/12/1446,
11,2,0.0,0.0,01/12/1446,
37,2,0.0,0.0,01/12/1446,
41,2,0.0,0.0,01/12/1446,
47,2,0.0,0.0,01/12/1446,
47,2,0.0,0.0,09/12/1446,
47,2,0.0,0.0,10/12/1446,
47,2,0.0,0.0,24/12/1446,
47,2,0.0,0.0,25/12/1446,
39,2,0.0,0.0,01/12/1446,
39,2,0.0,0.0,09/12/1446,
39,2,0.0,0.0,10/12/1446,
44,2,0.5,35.5,01/12/1446,
44,2,0.0,3.0,02/12/1446,
44,2,0.0,0.0,03/12/1446,
44,2,0.0,3.0,04/12/1446,
44,2,0.0,3.0,05/12/1446,
44,2,0.0,0.5,06/12/1446,
44,2,0.0,3.0,07/12/1446,
44,2,0.5,0.0,08/12/1446,
44,2,0.0,0.0,09/12/1446,
44,2,0.0,0.0,10/12/1446,
44,2,0.0,5.0,19/12/1446,
44,2,0.0,0.0,20/12/1446,
44,2,0.0,3.0,21/12/1446,
44,2,0.0,2.0,22/12/1446,
44,2,0.0,3.0,23/12/1446,
44,2,0.0,0.0,24/12/1446,
44,2,0.0,0.0,25/12/1446,
44,2,0.0,3.0,26/12/1446,
44,2,0.0,0.0,27/12/1446,
44,2,0.0,4.0,28/12/1446,
44,2,0.0,0.0,29/12/1446,
44,2,0.0,3.0,30/12/1446,
6,2,0.5,2.0,01/12/1446,
6,2,0.5,0.0,08/12/1446,
6,2,0.0,0.0,09/12/1446,
6,2,0.0,0.0,10/12/1446,
6,2,0.0,2.0,28/12/1446,
6,2,0.0,0.0,30/12/1446,
43,2,0.0,2.0,01/12/1446,
43,2,0.0,0.0,08/12/1446,
43,2,0.0,0.0,09/12/1446,
43,2,0.0,0.0,10/12/1446,
43,2,0.0,0.0,28/12/1446,
43,2,0.0,2.0,29/12/1446,
43,2,0.0,0.0,30/12/1446,
48,2,0.0,3.0,01/12/1446,
48,2,0.0,0.0,28/12/1446,
48,2,0.0,3.0,29/12/1446,
48,2,0.0,0.0,30/12/1446,
38,2,0.0,17.5,01/12/1446,
38,2,0.0,0.5,05/12/1446,
38,2,0.0,2.0,06/12/1446,
38,2,0.0,5.0,07/12/1446,
38,2,0.0,3.0,08/12/1446,
38,2,0.0,0.0,09/12/1446,
38,2,0.0,0.0,10/12/1446,
38,2,0.0,5.0,23/12/1446,
38,2,0.0,0.0,24/12/1446,
38,2,0.0,0.0,25/12/1446,
38,2,0.0,2.0,29/12/1446,
38,2,0.0,0.0,30/12/1446,
16,2,2.5,35.5,01/12/1446,
16,2,0.5,0.0,02/12/1446,
16,2,0.0,3.0,03/12/1446,
16,2,0.0,5.0,04/12/1446,
16,2,0.0,0.5,05/12/1446,
16,2,0.0,3.0,06/12/1446,
16,2,0.5,0.0,07/12/1446,
16,2,0.5,0.0,08/12/1446,
16,2,0.0,0.0,09/12/1446,
16,2,0.0,0.0,10/12/1446,
16,2,0.0,3.0,19/12/1446,
16,2,0.0,3.0,20/12/1446,
16,2,0.0,0.0,21/12/1446,
16,2,0.0,3.0,22/12/1446,
16,2,0.0,3.0,23/12/1446,
16,2,0.0,0.0,24/12/1446,
16,2,0.0,0.0,25/12/1446,
16,2,0.0,5.0,26/12/1446,
16,2,0.0,3.0,27/12/1446,
16,2,0.0,4.0,28/12/1446,
16,2,0.5,0.0,29/12/1446,
16,2,0.5,0.0,30/12/1446,
42,2,0.0,0.0,01/12/1446,
19,2,0.0,0.0,01/12/1446,
54,2,0.0,0.0,01/12/1446,
21,2,0.0,5.0,01/12/1446,
21,2,0.0,0.0,06/12/1446,
21,2,0.0,2.0,07/12/1446,
21,2,0.0,3.0,08/12/1446,
21,2,0.0,0.0,09/12/1446,
21,2,0.0,0.0,10/12/1446,
58,2,0.0,0.0,01/12/1446,
8,1,4.0,33.0,01/03/1446,
8,1,0.0,0.0,02/03/1446,
8,1,0.0,0.0,03/03/1446,
8,1,0.0,0.0,05/03/1446,
8,1,1.0,1.0,08/03/1446,
8,1,0.0,3.0,09/03/1446,
8,1,0.0,0.0,10/03/1446,
8,1,0.0,0.0,13/03/1446,
8,1,0.0,0.0,14/03/1446,
8,1,0.0,20.0,15/03/1446,
8,1,0.0,0.0,17/03/1446,
8,1,1.0,0.0,19/03/1446,
8,1,1.0,0.0,21/03/1446,
8,1,1.0,0.0,22/03/1446,
8,1,0.0,0.0,23/03/1446,
8,1,0.0,0.0,24/03/1446,
8,1,0.0,9.0,28/03/1446,
8,1,0.0,0.0,29/03/1446,
8,1,0.0,0.0,30/03/1446,
9,1,0.0,80.0,01/03/1446,
9,1,0.0,0.0,02/03/1446,
9,1,0.0,0.0,03/03/1446,
9,1,0.0,0.0,04/03/1446,
9,1,0.0,6.0,05/03/1446,
9,1,0.0,0.0,06/03/1446,
9,1,0.0,6.0,07/03/1446,
9,1,0.0,3.0,08/03/1446,
9,1,0.0,0.0,10/03/1446,
9,1,0.0,6.0,11/03/1446,
9,1,0.0,7.0,12/03/1446,
9,1,0.0,0.0,13/03/1446,
9,1,0.0,0.0,14/03/1446,
9,1,0.0,7.0,15/03/1446,
9,1,0.0,5.0,16/03/1446,
9,1,0.0,5.0,17/03/1446,
9,1,0.0,0.0,18/03/1446,
9,1,0.0,6.0,19/03/1446,
9,1,0.0,0.0,21/03/1446,
9,1,0.0,6.0,22/03/1446,
9,1,0.0,7.0,23/03/1446,
9,1,0.0,5.0,24/03/1446,
9,1,0.0,0.0,25/03/1446,
9,1,0.0,5.0,26/03/1446,
9,1,0.0,6.0,27/03/1446,
9,1,0.0,0.0,30/03/1446,
9,1,0.0,0.0,31/03/1446,
17,1,2.5,65.0,01/03/1446,
17,1,0.0,0.0,02/03/1446,
17,1,0.0,0.0,03/03/1446,
17,1,0.0,0.0,04/03/1446,
17,1,1.0,0.0,05/03/1446,
17,1,1.0,0.0,06/03/1446,
17,1,0.0,0.0,07/03/1446,
17,1,0.0,2.0,08/03/1446,
17,1,0.0,0.0,09/03/1446,
17,1,0.0,0.0,10/03/1446,
17,1,0.0,0.0,11/03/1446,
17,1,0.0,7.0,12/03/1446,
17,1,0.0,0.0,13/03/1446,
17,1,0.0,6.0,14/03/1446,
17,1,0.0,9.0,15/03/1446,
17,1,0.0,6.0,16/03/1446,
17,1,0.0,3.0,17/03/1446,
17,1,0.0,0.0,18/03/1446,
17,1,0.0,2.0,19/03/1446,
17,1,0.0,2.0,20/03/1446,
17,1,0.0,3.0,21/03/1446,
17,1,0.0,6.0,22/03/1446,
17,1,0.5,0.0,23/03/1446,
17,1,0.0,0.0,24/03/1446,
17,1,0.0,0.0,25/03/1446,
17,1,0.0,4.0,26/03/1446,
17,1,0.0,7.0,27/03/1446,
17,1,0.0,8.0,28/03/1446,
17,1,0.0,0.0,29/03/1446,
17,1,0.0,0.0,30/03/1446,
17,1,0.0,0.0,31/03/1446,
23,1,7.5,7.0,01/03/1446,
23,1,0.0,0.0,02/03/1446,
23,1,0.0,0.0,03/03/1446,
23,1,0.0,0.0,04/03/1446,
23,1,1.0,0.0,05/03/1446,
23,1,1.0,0.0,06/03/1446,
23,1,1.0,0.0,07/03/1446,
23,1,1.0,0.0,08/03/1446,
23,1,0.0,0.0,09/03/1446,
23,1,0.0,0.0,10/03/1446,
23,1,0.0,0.0,11/03/1446,
23,1,0.0,2.0,12/03/1446,
23,1,1.0,0.0,19/03/1446,
23,1,1.0,0.0,20/03/1446,
23,1,0.5,0.0,21/03/1446,
23,1,1.0,0.0,22/03/1446,
23,1,0.0,2.0,23/03/1446,
23,1,0.0,0.0,24/03/1446,
23,1,0.0,0.0,25/03/1446,
23,1,0.0,0.0,26/03/1446,
23,1,0.0,3.0,27/03/1446,
23,1,0.0,0.0,29/03/1446,
23,1,0.0,0.0,30/03/1446,
23,1,0.0,0.0,31/03/1446,
3,1,2.5,25.5,01/03/1446,
3,1,0.0,0.0,02/03/1446,
3,1,0.0,0.0,03/03/1446,
3,1,1.0,0.0,07/03/1446,
3,1,0.5,0.0,08/03/1446,
3,1,0.0,0.0,10/03/1446,
3,1,0.0,0.0,11/03/1446,
3,1,0.0,4.0,12/03/1446,
3,1,0.0,0.0,13/03/1446,
3,1,0.0,3.0,14/03/1446,
3,1,0.0,5.0,15/03/1446,
3,1,0.5,0.0,20/03/1446,
3,1,0.0,1.0,21/03/1446,
3,1,0.5,0.0,22/03/1446,
3,1,0.0,0.5,23/03/1446,
3,1,0.0,0.0,24/03/1446,
3,1,0.0,0.0,25/03/1446,
3,1,0.0,7.0,26/03/1446,
3,1,0.0,5.0,27/03/1446,
3,1,0.0,0.0,29/03/1446,
3,1,0.0,0.0,31/03/1446,
26,1,0.0,0.0,01/03/1446,
4,1,4.0,15.0,01/03/1446,
4,1,0.0,0.0,04/03/1446,
4,1,1.0,0.0,06/03/1446,
4,1,1.0,0.0,08/03/1446,
4,1,0.0,0.0,13/03/1446,
4,1,0.0,6.0,14/03/1446,
4,1,0.0,0.0,15/03/1446,
4,1,1.0,0.0,20/03/1446,
4,1,1.0,0.0,22/03/1446,
4,1,0.0,4.0,23/03/1446,
4,1,0.0,0.0,24/03/1446,
4,1,0.0,3.0,26/03/1446,
4,1,0.0,2.0,27/03/1446,
4,1,0.0,0.0,30/03/1446,
4,1,0.0,0.0,31/03/1446,
12,1,1.0,13.0,01/03/1446,
12,1,0.0,0.0,04/03/1446,
12,1,0.5,0.0,06/03/1446,
12,1,0.0,0.0,07/03/1446,
12,1,0.0,0.0,08/03/1446,
12,1,0.0,0.0,11/03/1446,
12,1,0.0,0.0,14/03/1446,
12,1,0.0,0.0,20/03/1446,
12,1,0.5,0.0,21/03/1446,
12,1,0.0,8.0,26/03/1446,
12,1,0.0,5.0,27/03/1446,
49,1,2.0,17.0,01/03/1446,
49,1,0.0,0.0,05/03/1446,
49,1,0.5,0.0,07/03/1446,
49,1,0.0,0.0,08/03/1446,
49,1,0.0,0.0,09/03/1446,
49,1,0.0,0.0,10/03/1446,
49,1,0.0,2.0,11/03/1446,
49,1,0.0,0.0,12/03/1446,
49,1,0.0,4.0,14/03/1446,
49,1,0.0,2.0,15/03/1446,
49,1,0.0,4.0,16/03/1446,
49,1,0.0,0.0,17/03/1446,
49,1,0.5,0.0,19/03/1446,
49,1,0.0,0.0,20/03/1446,
49,1,1.0,0.0,22/03/1446,
49,1,0.0,0.0,23/03/1446,
49,1,0.0,0.0,25/03/1446,
49,1,0.0,5.0,27/03/1446,
49,1,0.0,0.0,28/03/1446,
49,1,0.0,0.0,29/03/1446,
49,1,0.0,0.0,31/03/1446,
22,1,0.0,78.0,01/03/1446,
22,1,0.0,10.0,02/03/1446,
22,1,0.0,12.0,03/03/1446,
22,1,0.0,6.0,04/03/1446,
22,1,0.0,9.0,05/03/1446,
22,1,0.0,0.0,06/03/1446,
22,1,0.0,7.0,07/03/1446,
22,1,0.0,6.0,08/03/1446,
22,1,0.0,0.0,09/03/1446,
22,1,0.0,0.0,10/03/1446,
22,1,0.0,0.0,11/03/1446,
22,1,0.0,4.0,12/03/1446,
22,1,0.0,0.0,13/03/1446,
22,1,0.0,1.0,14/03/1446,
22,1,0.0,1.0,15/03/1446,
22,1,0.0,1.0,16/03/1446,
22,1,0.0,0.0,18/03/1446,
22,1,0.0,1.0,19/03/1446,
22,1,0.0,2.0,20/03/1446,
22,1,0.0,2.0,21/03/1446,
22,1,0.0,0.0,22/03/1446,
22,1,0.0,1.0,23/03/1446,
22,1,0.0,4.0,24/03/1446,
22,1,0.0,4.0,25/03/1446,
22,1,0.0,2.0,26/03/1446,
22,1,0.0,5.0,27/03/1446,
22,1,0.0,0.0,28/03/1446,
20,1,0.0,0.0,01/03/1446,
34,1,0.0,0.0,01/03/1446,
18,1,0.0,0.0,01/03/1446,
31,1,5.0,0.0,01/03/1446,
31,1,2.0,0.0,20/03/1446,
31,1,2.0,0.0,21/03/1446,
31,1,1.0,0.0,22/03/1446,
51,1,2.5,41.0,01/03/1446,
51,1,0.0,0.0,02/03/1446,
51,1,0.0,0.0,03/03/1446,
51,1,1.0,0.0,07/03/1446,
51,1,0.0,0.0,09/03/1446,
51,1,0.0,0.0,10/03/1446,
51,1,0.0,4.0,12/03/1446,
51,1,0.0,0.0,13/03/1446,
51,1,0.0,6.0,14/03/1446,
51,1,0.0,7.0,15/03/1446,
51,1,0.0,5.0,16/03/1446,
51,1,0.0,0.0,17/03/1446,
51,1,0.0,0.0,18/03/1446,
51,1,0.0,0.0,19/03/1446,
51,1,1.0,0.0,20/03/1446,
51,1,0.0,0.0,21/03/1446,
51,1,0.5,0.0,22/03/1446,
51,1,0.0,2.0,24/03/1446,
51,1,0.0,4.0,25/03/1446,
51,1,0.0,0.0,26/03/1446,
51,1,0.0,10.0,27/03/1446,
51,1,0.0,3.0,28/03/1446,
51,1,0.0,0.0,29/03/1446,
51,1,0.0,0.0,30/03/1446,
51,1,0.0,0.0,31/03/1446,
5,1,0.0,0.0,01/03/1446,
32,2,3.0,94.0,01/03/1446,
32,2,0.0,8.0,02/03/1446,
32,2,0.0,0.0,03/03/1446,
32,2,0.0,0.0,04/03/1446,
32,2,0.5,0.0,05/03/1446,
32,2,0.0,4.0,06/03/1446,
32,2,0.5,4.0,07/03/1446,
32,2,0.0,5.0,08/03/1446,
32,2,0.0,0.0,09/03/1446,
32,2,0.0,0.0,10/03/1446,
32,2,0.0,0.0,11/03/1446,
32,2,0.5,0.0,12/03/1446,
32,2,0.0,0.0,13/03/1446,
32,2,0.5,0.0,14/03/1446,
32,2,0.5,0.0,15/03/1446,
32,2,0.0,4.0,16/03/1446,
32,2,0.0,0.0,17/03/1446,
32,2,0.0,0.0,18/03/1446,
32,2,0.0,0.0,19/03/1446,
32,2,0.5,0.0,20/03/1446,
32,2,0.0,15.0,21/03/1446,
32,2,0.0,15.0,22/03/1446,
32,2,0.0,0.0,23/03/1446,
32,2,0.0,4.0,24/03/1446,
32,2,0.0,0.0,25/03/1446,
32,2,0.0,10.0,26/03/1446,
32,2,0.0,5.0,27/03/1446,
32,2,0.0,10.0,28/03/1446,
32,2,0.0,0.0,29/03/1446,
32,2,0.0,10.0,30/03/1446,
32,2,0.0,0.0,31/03/1446,
10,2,3.5,22.0,01/03/1446,
10,2,0.0,3.0,02/03/1446,
10,2,0.0,0.0,03/03/1446,
10,2,0.0,0.0,04/03/1446,
10,2,0.0,8.0,05/03/1446,
10,2,0.0,2.0,06/03/1446,
10,2,0.0,4.0,07/03/1446,
10,2,0.5,0.0,08/03/1446,
10,2,0.0,0.0,09/03/1446,
10,2,0.5,0.0,12/03/1446,
10,2,0.0,0.0,13/03/1446,
10,2,0.5,0.0,14/03/1446,
10,2,0.5,0.0,15/03/1446,
10,2,0.0,0.0,16/03/1446,
10,2,0.0,0.0,17/03/1446,
10,2,0.0,0.0,18/03/1446,
10,2,0.0,2.0,19/03/1446,
10,2,0.0,1.0,20/03/1446,
10,2,0.0,2.0,21/03/1446,
10,2,0.0,0.0,23/03/1446,
10,2,0.5,0.0,26/03/1446,
10,2,0.5,0.0,27/03/1446,
10,2,0.0,0.0,28/03/1446,
10,2,0.0,0.0,29/03/1446,
10,2,0.5,0.0,30/03/1446,
10,2,0.0,0.0,31/03/1446,
35,2,1.0,22.0,01/03/1446,
35,2,0.0,3.0,02/03/1446,
35,2,0.0,0.0,03/03/1446,
35,2,0.5,0.0,05/03/1446,
35,2,0.0,3.0,06/03/1446,
35,2,0.0,4.0,07/03/1446,
35,2,0.0,3.0,08/03/1446,
35,2,0.0,0.0,09/03/1446,
35,2,0.0,0.0,10/03/1446,
35,2,0.0,0.0,11/03/1446,
35,2,0.5,0.0,12/03/1446,
35,2,0.0,0.0,13/03/1446,
35,2,0.0,0.0,14/03/1446,
35,2,0.0,0.0,15/03/1446,
35,2,0.0,0.0,16/03/1446,
35,2,0.0,0.0,17/03/1446,
35,2,0.0,2.0,20/03/1446,
35,2,0.0,2.0,21/03/1446,
35,2,0.0,0.0,22/03/1446,
35,2,0.0,0.0,23/03/1446,
35,2,0.0,5.0,24/03/1446,
35,2,0.0,0.0,25/03/1446,
35,2,0.0,0.0,28/03/1446,
35,2,0.0,0.0,29/03/1446,
35,2,0.0,0.0,30/03/1446,
35,2,0.0,0.0,31/03/1446,
13,2,3.5,92.0,01/03/1446,
13,2,0.0,10.0,02/03/1446,
13,2,0.0,0.0,03/03/1446,
13,2,0.0,0.0,04/03/1446,
13,2,0.5,0.0,05/03/1446,
13,2,0.0,8.0,06/03/1446,
13,2,0.0,6.0,07/03/1446,
13,2,0.5,3.0,08/03/1446,
13,2,0.0,0.0,09/03/1446,
13,2,0.0,0.0,10/03/1446,
13,2,0.0,0.0,11/03/1446,
13,2,0.0,4.0,12/03/1446,
13,2,0.0,0.0,13/03/1446,
13,2,0.5,0.0,14/03/1446,
13,2,0.5,0.0,15/03/1446,
13,2,0.5,0.0,16/03/1446,
13,2,0.0,0.0,17/03/1446,
13,2,0.0,0.0,18/03/1446,
13,2,0.5,0.0,19/03/1446,
13,2,0.0,4.0,20/03/1446,
13,2,0.0,10.0,21/03/1446,
13,2,0.0,15.0,22/03/1446,
13,2,0.0,0.0,23/03/1446,
13,2,0.0,10.0,24/03/1446,
13,2,0.0,0.0,25/03/1446,
13,2,0.5,0.0,26/03/1446,
13,2,0.0,2.0,27/03/1446,
13,2,0.0,15.0,28/03/1446,
13,2,0.0,0.0,29/03/1446,
13,2,0.0,5.0,30/03/1446,
13,2,0.0,0.0,31/03/1446,
36,2,1.5,24.0,01/03/1446,
36,2,0.0,0.0,02/03/1446,
36,2,0.0,0.0,03/03/1446,
36,2,0.0,0.0,04/03/1446,
36,2,0.0,10.0,05/03/1446,
36,2,0.0,2.0,06/03/1446,
36,2,0.0,3.0,07/03/1446,
36,2,0.0,4.0,08/03/1446,
36,2,0.0,0.0,09/03/1446,
36,2,0.0,0.0,10/03/1446,
36,2,0.0,0.0,11/03/1446,
36,2,0.0,0.0,12/03/1446,
36,2,0.0,0.0,13/03/1446,
36,2,0.0,0.0,14/03/1446,
36,2,0.0,0.0,15/03/1446,
36,2,0.0,0.0,16/03/1446,
36,2,0.0,0.0,17/03/1446,
36,2,0.0,0.0,18/03/1446,
36,2,1.0,0.0,19/03/1446,
36,2,0.0,2.0,20/03/1446,
36,2,0.5,0.0,21/03/1446,
36,2,0.0,0.0,22/03/1446,
36,2,0.0,0.0,25/03/1446,
36,2,0.0,3.0,30/03/1446,
36,2,0.0,0.0,31/03/1446,
40,2,1.0,150.0,01/03/1446,
40,2,0.0,15.0,02/03/1446,
40,2,0.0,0.0,03/03/1446,
40,2,0.0,0.0,04/03/1446,
40,2,0.0,15.0,05/03/1446,
40,2,0.0,10.0,06/03/1446,
40,2,0.0,8.0,07/03/1446,
40,2,1.0,0.0,08/03/1446,
40,2,0.0,0.0,09/03/1446,
40,2,0.0,0.0,10/03/1446,
40,2,0.0,0.0,11/03/1446,
40,2,0.0,10.0,12/03/1446,
40,2,0.0,0.0,13/03/1446,
40,2,0.0,10.0,14/03/1446,
40,2,0.0,8.0,15/03/1446,
40,2,0.0,4.0,16/03/1446,
40,2,0.0,0.0,17/03/1446,
40,2,0.0,0.0,18/03/1446,
40,2,0.0,2.0,19/03/1446,
40,2,0.0,4.0,20/03/1446,
40,2,0.0,20.0,21/03/1446,
40,2,0.0,0.0,22/03/1446,
40,2,0.0,0.0,23/03/1446,
40,2,0.0,20.0,24/03/1446,
40,2,0.0,0.0,25/03/1446,
40,2,0.0,10.0,26/03/1446,
40,2,0.0,10.0,27/03/1446,
40,2,0.0,1.0,28/03/1446,
40,2,0.0,0.0,29/03/1446,
40,2,0.0,3.0,30/03/1446,
40,2,0.0,0.0,31/03/1446,
50,2,2.5,65.0,01/03/1446,
50,2,0.0,15.0,02/03/1446,
50,2,0.0,0.0,03/03/1446,
50,2,0.0,0.0,04/03/1446,
50,2,0.5,0.0,05/03/1446,
50,2,0.0,2.0,06/03/1446,
50,2,0.5,2.0,07/03/1446,
50,2,0.5,0.0,08/03/1446,
50,2,0.0,0.0,09/03/1446,
50,2,0.0,0.0,10/03/1446,
50,2,0.0,0.0,11/03/1446,
50,2,0.0,1.0,12/03/1446,
50,2,0.0,0.0,13/03/1446,
50,2,0.5,2.0,15/03/1446,
50,2,0.0,0.0,16/03/1446,
50,2,0.0,0.0,17/03/1446,
50,2,0.0,20.0,20/03/1446,
50,2,0.0,5.0,21/03/1446,
50,2,0.0,5.0,22/03/1446,
50,2,0.0,0.0,23/03/1446,
50,2,0.0,4.0,24/03/1446,
50,2,0.0,0.0,25/03/1446,
50,2,0.0,6.0,26/03/1446,
50,2,0.5,0.0,27/03/1446,
50,2,0.0,0.0,28/03/1446,
50,2,0.0,0.0,29/03/1446,
50,2,0.0,3.0,30/03/1446,
50,2,0.0,0.0,31/03/1446,
16,2,0.0,15.0,01/03/1446,
16,2,0.0,0.0,02/03/1446,
16,2,0.0,0.0,03/03/1446,
16,2,0.0,10.0,05/03/1446,
16,2,0.0,0.0,06/03/1446,
16,2,0.0,0.0,07/03/1446,
16,2,0.0,0.0,09/03/1446,
16,2,0.0,0.0,13/03/1446,
16,2,0.0,0.0,19/03/1446,
16,2,0.0,5.0,21/03/1446,
16,2,0.0,0.0,22/03/1446,
16,2,0.0,0.0,23/03/1446,
7,2,0.5,34.0,01/03/1446,
7,2,0.0,10.0,02/03/1446,
7,2,0.0,0.0,03/03/1446,
7,2,0.0,0.0,04/03/1446,
7,2,0.5,0.0,05/03/1446,
7,2,0.0,5.0,06/03/1446,
7,2,0.0,0.0,07/03/1446,
7,2,0.0,0.0,08/03/1446,
7,2,0.0,0.0,09/03/1446,
7,2,0.0,0.0,10/03/1446,
7,2,0.0,0.0,11/03/1446,
7,2,0.0,5.0,12/03/1446,
7,2,0.0,0.0,21/03/1446,
7,2,0.0,0.0,22/03/1446,
7,2,0.0,0.0,23/03/1446,
7,2,0.0,4.0,24/03/1446,
7,2,0.0,0.0,25/03/1446,
7,2,0.0,3.0,26/03/1446,
7,2,0.0,3.0,27/03/1446,
7,2,0.0,0.0,28/03/1446,
7,2,0.0,0.0,29/03/1446,
7,2,0.0,4.0,30/03/1446,
15,2,0.0,6.0,01/03/1446,
15,2,0.0,0.0,02/03/1446,
15,2,0.0,0.0,03/03/1446,
15,2,0.0,0.0,04/03/1446,
15,2,0.0,0.0,05/03/1446,
15,2,0.0,1.0,06/03/1446,
15,2,0.0,1.0,07/03/1446,
15,2,0.0,0.0,08/03/1446,
15,2,0.0,0.0,09/03/1446,
15,2,0.0,2.0,14/03/1446,
15,2,0.0,0.0,15/03/1446,
15,2,0.0,0.0,16/03/1446,
15,2,0.0,0.0,17/03/1446,
15,2,0.0,2.0,19/03/1446,
15,2,0.0,0.0,20/03/1446,
15,2,0.0,0.0,21/03/1446,
15,2,0.0,0.0,22/03/1446,
15,2,0.0,0.0,25/03/1446,
46,2,0.5,0.0,01/03/1446,
46,2,0.0,0.0,04/03/1446,
46,2,0.5,0.0,05/03/1446,
46,2,0.0,0.0,06/03/1446,
46,2,0.0,0.0,07/03/1446,
46,2,0.0,0.0,09/03/1446,
46,2,0.0,0.0,10/03/1446,
46,2,0.0,0.0,12/03/1446,
46,2,0.0,0.0,13/03/1446,
46,2,0.0,0.0,14/03/1446,
46,2,0.0,0.0,15/03/1446,
46,2,0.0,0.0,26/03/1446,
46,2,0.0,0.0,29/03/1446,
46,2,0.0,0.0,30/03/1446,
33,2,0.0,39.0,01/03/1446,
33,2,0.0,5.0,02/03/1446,
33,2,0.0,0.0,03/03/1446,
33,2,0.0,0.0,04/03/1446,
33,2,0.0,7.0,05/03/1446,
33,2,0.0,3.0,06/03/1446,
33,2,0.0,2.0,07/03/1446,
33,2,0.0,3.0,09/03/1446,
33,2,0.0,0.0,11/03/1446,
33,2,0.0,2.0,12/03/1446,
33,2,0.0,0.0,13/03/1446,
33,2,0.0,0.0,14/03/1446,
33,2,0.0,7.0,15/03/1446,
33,2,0.0,0.0,16/03/1446,
33,2,0.0,1.0,17/03/1446,
33,2,0.0,0.0,18/03/1446,
33,2,0.0,2.0,19/03/1446,
33,2,0.0,2.0,20/03/1446,
33,2,0.0,0.0,21/03/1446,
33,2,0.0,0.0,22/03/1446,
33,2,0.0,0.0,23/03/1446,
33,2,0.0,5.0,24/03/1446,
42,2,0.5,7.0,01/03/1446,
42,2,0.0,0.0,04/03/1446,
42,2,0.5,0.0,05/03/1446,
42,2,0.0,0.0,06/03/1446,
42,2,0.0,5.0,07/03/1446,
42,2,0.0,0.0,09/03/1446,
42,2,0.0,0.0,10/03/1446,
42,2,0.0,0.0,11/03/1446,
42,2,0.0,0.0,13/03/1446,
42,2,0.0,0.0,14/03/1446,
42,2,0.0,0.0,16/03/1446,
42,2,0.0,2.0,19/03/1446,
42,2,0.0,0.0,23/03/1446,
1,2,0.0,29.0,01/03/1446,
1,2,0.0,5.0,02/03/1446,
1,2,0.0,5.0,05/03/1446,
1,2,0.0,2.0,06/03/1446,
1,2,0.0,2.0,07/03/1446,
1,2,0.0,5.0,08/03/1446,
1,2,0.0,0.0,09/03/1446,
1,2,0.0,0.0,10/03/1446,
1,2,0.0,0.0,11/03/1446,
1,2,0.0,5.0,12/03/1446,
1,2,0.0,2.0,14/03/1446,
1,2,0.0,0.0,19/03/1446,
1,2,0.0,0.0,20/03/1446,
1,2,0.0,0.0,21/03/1446,
1,2,0.0,0.0,22/03/1446,
1,2,0.0,0.0,23/03/1446,
1,2,0.0,0.0,24/03/1446,
1,2,0.0,1.0,25/03/1446,
1,2,0.0,1.0,26/03/1446,
1,2,0.0,1.0,27/03/1446,
1,2,0.0,0.0,28/03/1446,
11,2,0.0,12.0,01/03/1446,
11,2,0.0,0.0,04/03/1446,
11,2,0.0,2.0,05/03/1446,
11,2,0.0,3.0,06/03/1446,
11,2,0.0,0.0,07/03/1446,
11,2,0.0,0.0,09/03/1446,
11,2,0.0,0.0,10/03/1446,
11,2,0.0,0.0,11/03/1446,
11,2,0.0,2.0,12/03/1446,
11,2,0.0,0.0,13/03/1446,
11,2,0.0,0.0,16/03/1446,
11,2,0.0,0.0,17/03/1446,
11,2,0.0,0.0,22/03/1446,
11,2,0.0,3.0,23/03/1446,
11,2,0.0,2.0,24/03/1446,
11,2,0.0,0.0,25/03/1446,
27,2,9.0,71.0,01/03/1446,
27,2,2.0,0.0,02/03/1446,
27,2,0.0,0.0,03/03/1446,
27,2,0.0,0.0,04/03/1446,
27,2,0.0,4.0,05/03/1446,
27,2,0.0,8.0,06/03/1446,
27,2,3.0,0.0,07/03/1446,
27,2,0.0,5.0,08/03/1446,
27,2,0.0,0.0,09/03/1446,
27,2,1.0,0.0,12/03/1446,
27,2,0.0,0.0,13/03/1446,
27,2,1.0,0.0,14/03/1446,
27,2,1.0,0.0,15/03/1446,
27,2,0.0,0.0,16/03/1446,
27,2,1.0,0.0,17/03/1446,
27,2,0.0,20.0,19/03/1446,
27,2,0.0,10.0,20/03/1446,
27,2,0.0,10.0,21/03/1446,
27,2,0.0,5.0,24/03/1446,
27,2,0.0,0.0,25/03/1446,
27,2,0.0,5.0,26/03/1446,
27,2,0.0,2.0,27/03/1446,
27,2,0.0,2.0,29/03/1446,
37,2,0.0,43.0,01/03/1446,
37,2,0.0,8.0,02/03/1446,
37,2,0.0,0.0,03/03/1446,
37,2,0.0,0.0,04/03/1446,
37,2,0.0,10.0,05/03/1446,
37,2,0.0,3.0,06/03/1446,
37,2,0.0,2.0,07/03/1446,
37,2,0.0,2.0,08/03/1446,
37,2,0.0,0.0,09/03/1446,
37,2,0.0,0.0,10/03/1446,
37,2,0.0,0.0,11/03/1446,
37,2,0.0,6.0,12/03/1446,
37,2,0.0,0.0,13/03/1446,
37,2,0.0,2.0,14/03/1446,
37,2,0.0,2.0,15/03/1446,
37,2,0.0,0.0,16/03/1446,
37,2,0.0,2.0,17/03/1446,
37,2,0.0,2.0,18/03/1446,
37,2,0.0,2.0,19/03/1446,
37,2,0.0,2.0,20/03/1446,
37,2,0.0,0.0,22/03/1446,
37,2,0.0,0.0,23/03/1446,
37,2,0.0,0.0,24/03/1446,
37,2,0.0,0.0,25/03/1446,
37,2,0.0,0.0,26/03/1446,
37,2,0.0,0.0,27/03/1446,
37,2,0.0,0.0,28/03/1446,
37,2,0.0,0.0,29/03/1446,
37,2,0.0,0.0,30/03/1446,
37,2,0.0,0.0,31/03/1446,
45,2,0.0,0.0,01/03/1446,
30,2,0.0,0.0,01/03/1446,
41,2,0.0,15.0,01/03/1446,
41,2,0.0,0.0,05/03/1446,
41,2,0.0,3.0,07/03/1446,
41,2,0.0,2.0,08/03/1446,
41,2,0.0,6.0,12/03/1446,
41,2,0.0,1.0,14/03/1446,
41,2,0.0,1.0,15/03/1446,
41,2,0.0,1.0,26/03/1446,
41,2,0.0,1.0,27/03/1446,
41,2,0.0,0.0,29/03/1446,
41,2,0.0,0.0,30/03/1446,
47,2,2.0,2.0,01/03/1446,
47,2,0.5,0.0,02/03/1446,
47,2,0.0,0.0,03/03/1446,
47,2,0.0,0.0,05/03/1446,
47,2,0.0,1.0,06/03/1446,
47,2,0.0,0.0,07/03/1446,
47,2,0.0,1.0,08/03/1446,
47,2,0.0,0.0,09/03/1446,
47,2,0.0,0.0,12/03/1446,
47,2,0.0,0.0,13/03/1446,
47,2,0.5,0.0,14/03/1446,
47,2,0.5,0.0,15/03/1446,
47,2,0.0,0.0,16/03/1446,
47,2,0.0,0.0,17/03/1446,
47,2,0.5,0.0,19/03/1446,
47,2,0.0,0.0,21/03/1446,
47,2,0.0,0.0,26/03/1446,
47,2,0.0,0.0,28/03/1446,
47,2,0.0,0.0,29/03/1446,
19,2,0.0,8.0,01/03/1446,
19,2,0.0,0.0,03/03/1446,
19,2,0.0,0.0,05/03/1446,
19,2,0.0,2.0,06/03/1446,
19,2,0.0,2.0,07/03/1446,
19,2,0.0,1.0,08/03/1446,
19,2,0.0,0.0,09/03/1446,
19,2,0.0,0.0,10/03/1446,
19,2,0.0,1.0,12/03/1446,
19,2,0.0,0.0,16/03/1446,
19,2,0.0,0.0,17/03/1446,
19,2,0.0,2.0,22/03/1446,
19,2,0.0,0.0,25/03/1446,
39,2,0.0,0.0,01/03/1446,
39,2,0.0,0.0,02/03/1446,
39,2,0.0,0.0,03/03/1446,
39,2,0.0,0.0,04/03/1446,
39,2,0.0,0.0,05/03/1446,
39,2,0.0,0.0,06/03/1446,
39,2,0.0,0.0,07/03/1446,
39,2,0.0,0.0,08/03/1446,
39,2,0.0,0.0,09/03/1446,
39,2,0.0,0.0,10/03/1446,
39,2,0.0,0.0,12/03/1446,
39,2,0.0,0.0,14/03/1446,
39,2,0.0,0.0,15/03/1446,
39,2,0.0,0.0,16/03/1446,
39,2,0.0,0.0,17/03/1446,
39,2,0.0,0.0,19/03/1446,
39,2,0.0,0.0,20/03/1446,
39,2,0.0,0.0,21/03/1446,
39,2,0.0,0.0,22/03/1446,
39,2,0.0,0.0,26/03/1446,
39,2,0.0,0.0,27/03/1446,
39,2,0.0,0.0,28/03/1446,
39,2,0.0,0.0,29/03/1446,
39,2,0.0,0.0,30/03/1446,
44,4,0.0,23.0,01/03/1446,
44,4,0.0,5.0,02/03/1446,
44,4,0.0,0.0,03/03/1446,
44,4,0.0,0.0,04/03/1446,
44,4,0.0,3.0,05/03/1446,
44,4,0.0,0.0,06/03/1446,
44,4,0.0,0.0,07/03/1446,
44,4,0.0,0.0,08/03/1446,
44,4,0.0,0.0,09/03/1446,
44,4,0.0,0.0,10/03/1446,
44,4,0.0,0.0,11/03/1446,
44,4,0.0,5.0,12/03/1446,
44,4,0.0,0.0,13/03/1446,
44,4,0.0,0.0,14/03/1446,
44,4,0.0,0.0,16/03/1446,
44,4,0.0,0.0,17/03/1446,
44,4,0.0,0.0,18/03/1446,
44,4,0.0,0.0,19/03/1446,
44,4,0.0,5.0,20/03/1446,
44,4,0.0,5.0,21/03/1446,
44,4,0.0,0.0,22/03/1446,
44,4,0.0,0.0,23/03/1446,
44,4,0.0,0.0,25/03/1446,
44,4,0.0,0.0,26/03/1446,
44,4,0.0,0.0,27/03/1446,
44,4,0.0,0.0,28/03/1446,
44,4,0.0,0.0,29/03/1446,
44,4,0.0,0.0,30/03/1446,
44,4,0.0,0.0,31/03/1446,
2,4,2.0,32.0,01/03/1446,
2,4,0.0,0.0,02/03/1446,
2,4,0.0,0.0,03/03/1446,
2,4,0.0,0.0,04/03/1446,
2,4,0.0,0.0,06/03/1446,
2,4,0.0,7.0,08/03/1446,
2,4,0.0,0.0,09/03/1446,
2,4,0.0,0.0,10/03/1446,
2,4,0.0,0.0,11/03/1446,
2,4,0.0,5.0,12/03/1446,
2,4,0.0,0.0,13/03/1446,
2,4,0.0,0.0,15/03/1446,
2,4,0.0,4.0,16/03/1446,
2,4,0.0,0.0,17/03/1446,
2,4,0.0,0.0,18/03/1446,
2,4,0.0,4.0,19/03/1446,
2,4,0.5,0.0,20/03/1446,
2,4,0.0,4.0,21/03/1446,
2,4,0.0,2.0,22/03/1446,
2,4,0.0,0.0,23/03/1446,
2,4,0.0,2.0,24/03/1446,
2,4,0.0,0.0,25/03/1446,
2,4,0.5,0.0,26/03/1446,
2,4,0.5,0.0,27/03/1446,
2,4,0.5,0.0,28/03/1446,
2,4,0.0,4.0,29/03/1446,
2,4,0.0,0.0,30/03/1446,
2,4,0.0,0.0,31/03/1446,
6,4,0.0,5.0,01/03/1446,
6,4,0.0,0.0,09/03/1446,
6,4,0.0,0.0,12/03/1446,
6,4,0.0,0.0,14/03/1446,
6,4,0.0,0.0,16/03/1446,
6,4,0.0,0.0,17/03/1446,
6,4,0.0,0.0,18/03/1446,
6,4,0.0,5.0,20/03/1446,
6,4,0.0,0.0,21/03/1446,
6,4,0.0,0.0,22/03/1446,
6,4,0.0,0.0,25/03/1446,
6,4,0.0,0.0,27/03/1446,
6,4,0.0,0.0,28/03/1446,
43,4,0.0,0.0,01/03/1446,
43,4,0.0,0.0,04/03/1446,
43,4,0.0,0.0,08/03/1446,
43,4,0.0,0.0,09/03/1446,
43,4,0.0,0.0,12/03/1446,
43,4,0.0,0.0,13/03/1446,
43,4,0.0,0.0,16/03/1446,
43,4,0.0,0.0,17/03/1446,
43,4,0.0,0.0,20/03/1446,
43,4,0.0,0.0,22/03/1446,
43,4,0.0,0.0,23/03/1446,
43,4,0.0,0.0,27/03/1446,
43,4,0.0,0.0,28/03/1446,
48,4,0.5,28.0,01/03/1446,
48,4,0.0,0.0,04/03/1446,
48,4,0.0,5.0,05/03/1446,
48,4,0.0,10.0,06/03/1446,
48,4,0.0,0.0,07/03/1446,
48,4,0.0,0.0,08/03/1446,
48,4,0.0,0.0,10/03/1446,
48,4,0.0,2.0,12/03/1446,
48,4,0.0,0.0,13/03/1446,
48,4,0.0,1.0,14/03/1446,
48,4,0.0,2.0,15/03/1446,
48,4,0.0,0.0,16/03/1446,
48,4,0.0,0.0,17/03/1446,
48,4,0.0,0.0,18/03/1446,
48,4,0.0,4.0,19/03/1446,
48,4,0.0,2.0,21/03/1446,
48,4,0.0,0.0,22/03/1446,
48,4,0.0,0.0,23/03/1446,
48,4,0.0,0.0,25/03/1446,
48,4,0.0,1.0,26/03/1446,
48,4,0.0,1.0,27/03/1446,
48,4,0.0,0.0,28/03/1446,
48,4,0.5,0.0,29/03/1446,
48,4,0.0,0.0,30/03/1446,
29,4,2.0,69.0,01/03/1446,
29,4,0.0,15.0,02/03/1446,
29,4,0.0,0.0,03/03/1446,
29,4,0.0,0.0,04/03/1446,
29,4,0.0,0.5,05/03/1446,
29,4,0.0,0.5,06/03/1446,
29,4,0.0,3.0,07/03/1446,
29,4,0.5,0.0,08/03/1446,
29,4,0.0,0.0,09/03/1446,
29,4,0.0,0.0,10/03/1446,
29,4,0.0,0.0,11/03/1446,
29,4,0.0,0.0,12/03/1446,
29,4,0.0,0.0,13/03/1446,
29,4,0.0,2.0,14/03/1446,
29,4,0.0,4.0,15/03/1446,
29,4,0.0,0.0,16/03/1446,
29,4,0.0,0.0,18/03/1446,
29,4,0.0,5.0,19/03/1446,
29,4,0.0,4.0,20/03/1446,
29,4,0.0,20.0,21/03/1446,
29,4,0.0,5.0,22/03/1446,
29,4,0.0,0.0,23/03/1446,
29,4,0.0,10.0,24/03/1446,
29,4,0.0,0.0,25/03/1446,
29,4,0.5,0.0,26/03/1446,
29,4,0.5,0.0,27/03/1446,
29,4,0.0,0.0,28/03/1446,
29,4,0.0,0.0,29/03/1446,
29,4,0.5,0.0,30/03/1446,
25,4,0.0,0.0,01/03/1446,
28,4,0.0,0.0,01/03/1446,
38,4,0.0,14.0,01/03/1446,
38,4,0.0,0.0,09/03/1446,
38,4,0.0,10.0,12/03/1446,
38,4,0.0,0.0,13/03/1446,
38,4,0.0,0.0,16/03/1446,
38,4,0.0,0.0,19/03/1446,
38,4,0.0,0.0,23/03/1446,
38,4,0.0,4.0,27/03/1446,
38,4,0.0,0.0,28/03/1446,
38,4,0.0,0.0,30/03/1446,
38,4,0.0,0.0,31/03/1446,
14,4,0.0,0.0,01/03/1446,
21,4,0.0,3.0,01/03/1446,
21,4,0.0,2.0,02/03/1446,
21,4,0.0,0.0,03/03/1446,
21,4,0.0,0.0,04/03/1446,
21,4,0.0,0.0,05/03/1446,
21,4,0.0,0.0,06/03/1446,
21,4,0.0,1.0,07/03/1446,
21,4,0.0,0.0,08/03/1446,
21,4,0.0,0.0,09/03/1446,
21,4,0.0,0.0,14/03/1446,
21,4,0.0,0.0,15/03/1446,
21,4,0.0,0.0,16/03/1446,
21,4,0.0,0.0,19/03/1446,
21,4,0.0,0.0,20/03/1446,
21,4,0.0,0.0,21/03/1446,
21,4,0.0,0.0,22/03/1446,
21,4,0.0,0.0,25/03/1446,
24,4,9.0,125.0,01/03/1446,
24,4,1.0,3.0,02/03/1446,
24,4,0.0,0.0,03/03/1446,
24,4,0.0,0.0,04/03/1446,
24,4,1.0,8.0,05/03/1446,
24,4,1.0,3.0,06/03/1446,
24,4,1.0,4.0,07/03/1446,
24,4,1.0,10.0,08/03/1446,
24,4,0.0,0.0,09/03/1446,
24,4,2.0,10.0,12/03/1446,
24,4,0.0,0.0,13/03/1446,
24,4,0.0,0.0,14/03/1446,
24,4,1.0,0.0,15/03/1446,
24,4,0.0,0.0,16/03/1446,
24,4,1.0,0.0,17/03/1446,
24,4,0.0,20.0,20/03/1446,
24,4,0.0,20.0,21/03/1446,
24,4,0.0,20.0,22/03/1446,
24,4,0.0,5.0,24/03/1446,
24,4,0.0,0.0,25/03/1446,
24,4,0.0,10.0,26/03/1446,
24,4,0.0,3.0,27/03/1446,
24,4,0.0,3.0,28/03/1446,
24,4,0.0,6.0,30/03/1446,
8,1,3.0,37.0,01/04/1446,
8,1,0.0,0.0,02/04/1446,
8,1,1.0,0.0,05/04/1446,
8,1,0.0,0.0,06/04/1446,
8,1,1.0,0.0,07/04/1446,
8,1,0.0,17.0,11/04/1446,
8,1,0.0,7.0,12/04/1446,
8,1,0.0,5.0,13/04/1446,
8,1,0.0,8.0,14/04/1446,
8,1,0.0,0.0,15/04/1446,
8,1,0.0,0.0,17/04/1446,
8,1,1.0,0.0,18/04/1446,
9,1,0.0,53.0,01/04/1446,
9,1,0.0,0.0,02/04/1446,
9,1,0.0,0.0,03/04/1446,
9,1,0.0,12.0,04/04/1446,
9,1,0.0,6.0,05/04/1446,
9,1,0.0,4.0,06/04/1446,
9,1,0.0,8.0,07/04/1446,
9,1,0.0,0.0,08/04/1446,
9,1,0.0,0.0,09/04/1446,
9,1,0.0,0.0,11/04/1446,
9,1,0.0,0.0,12/04/1446,
9,1,0.0,13.0,13/04/1446,
9,1,0.0,8.0,14/04/1446,
9,1,0.0,0.0,15/04/1446,
9,1,0.0,0.0,16/04/1446,
9,1,0.0,2.0,18/04/1446,
17,1,6.5,62.0,01/04/1446,
17,1,0.0,0.0,02/04/1446,
17,1,1.0,0.0,03/04/1446,
17,1,2.0,0.0,04/04/1446,
17,1,0.5,0.0,05/04/1446,
17,1,0.0,2.0,06/04/1446,
17,1,1.0,2.0,07/04/1446,
17,1,0.0,0.0,08/04/1446,
17,1,0.0,0.0,09/04/1446,
17,1,0.0,7.0,10/04/1446,
17,1,0.0,15.0,11/04/1446,
17,1,0.0,11.0,12/04/1446,
17,1,0.0,11.0,13/04/1446,
17,1,0.0,14.0,14/04/1446,
17,1,0.0,0.0,15/04/1446,
17,1,0.0,0.0,16/04/1446,
17,1,1.0,0.0,17/04/1446,
17,1,1.0,0.0,18/04/1446,
36,1,4.0,32.0,01/04/1446,
36,1,0.0,0.0,02/04/1446,
36,1,1.0,0.0,04/04/1446,
36,1,1.0,0.0,05/04/1446,
36,1,0.0,3.0,06/04/1446,
36,1,1.0,0.0,07/04/1446,
36,1,0.0,0.0,08/04/1446,
36,1,0.0,0.0,09/04/1446,
36,1,0.0,6.0,10/04/1446,
36,1,0.0,3.0,11/04/1446,
36,1,0.0,7.0,12/04/1446,
36,1,0.0,7.0,13/04/1446,
36,1,0.0,6.0,14/04/1446,
36,1,0.0,0.0,15/04/1446,
36,1,0.0,0.0,16/04/1446,
36,1,0.0,0.0,17/04/1446,
36,1,1.0,0.0,18/04/1446,
23,1,4.5,32.0,01/04/1446,
23,1,0.0,0.0,02/04/1446,
23,1,0.0,0.0,03/04/1446,
23,1,0.5,0.0,04/04/1446,
23,1,0.5,0.0,05/04/1446,
23,1,1.0,0.0,06/04/1446,
23,1,1.0,0.0,07/04/1446,
23,1,0.0,0.0,08/04/1446,
23,1,0.0,0.0,09/04/1446,
23,1,0.0,7.0,10/04/1446,
23,1,0.0,7.0,11/04/1446,
23,1,0.0,7.0,12/04/1446,
23,1,0.0,7.0,13/04/1446,
23,1,0.0,4.0,14/04/1446,
23,1,0.0,0.0,15/04/1446,
23,1,0.0,0.0,16/04/1446,
23,1,1.0,0.0,17/04/1446,
23,1,0.5,0.0,18/04/1446,
3,1,1.0,19.0,01/04/1446,
3,1,0.0,0.0,02/04/1446,
3,1,0.0,0.0,04/04/1446,
3,1,1.0,0.0,06/04/1446,
3,1,0.0,0.0,07/04/1446,
3,1,0.0,0.0,08/04/1446,
3,1,0.0,0.0,09/04/1446,
3,1,0.0,5.0,10/04/1446,
3,1,0.0,5.0,11/04/1446,
3,1,0.0,0.0,12/04/1446,
3,1,0.0,4.0,13/04/1446,
3,1,0.0,5.0,14/04/1446,
4,1,3.0,14.0,01/04/1446,
4,1,0.0,0.0,02/04/1446,
4,1,0.0,0.0,04/04/1446,
4,1,1.0,0.0,05/04/1446,
4,1,1.0,0.0,06/04/1446,
4,1,0.0,8.0,10/04/1446,
4,1,0.0,3.0,11/04/1446,
4,1,0.0,3.0,13/04/1446,
4,1,0.0,0.0,15/04/1446,
4,1,1.0,0.0,18/04/1446,
12,1,1.5,11.0,01/04/1446,
12,1,0.0,0.0,03/04/1446,
12,1,0.5,0.0,05/04/1446,
12,1,0.5,0.0,06/04/1446,
12,1,0.5,0.0,07/04/1446,
12,1,0.0,0.0,09/04/1446,
12,1,0.0,9.0,11/04/1446,
12,1,0.0,2.0,12/04/1446,
49,1,0.0,7.0,01/04/1446,
49,1,0.0,0.0,02/04/1446,
49,1,0.0,0.0,03/04/1446,
49,1,0.0,1.0,07/04/1446,
49,1,0.0,0.0,08/04/1446,
49,1,0.0,6.0,11/04/1446,
22,1,0.0,20.0,01/04/1446,
22,1,0.0,0.0,02/04/1446,
22,1,0.0,4.0,04/04/1446,
22,1,0.0,0.0,05/04/1446,
22,1,0.0,0.0,10/04/1446,
22,1,0.0,8.0,11/04/1446,
22,1,0.0,3.0,12/04/1446,
22,1,0.0,3.0,14/04/1446,
22,1,0.0,0.0,15/04/1446,
22,1,0.0,2.0,17/04/1446,
31,1,6.0,14.0,01/04/1446,
31,1,0.0,0.0,02/04/1446,
31,1,1.0,0.0,03/04/1446,
31,1,2.0,0.0,04/04/1446,
31,1,2.0,0.0,05/04/1446,
31,1,1.0,0.0,06/04/1446,
31,1,0.0,0.0,17/04/1446,
31,1,0.0,14.0,18/04/1446,
52,1,0.0,0.0,01/04/1446,
51,1,0.0,2.0,01/04/1446,
51,1,0.0,0.0,02/04/1446,
51,1,0.0,0.0,03/04/1446,
51,1,0.0,0.0,05/04/1446,
51,1,0.0,0.0,06/04/1446,
51,1,0.0,0.0,07/04/1446,
51,1,0.0,0.0,11/04/1446,
51,1,0.0,0.0,17/04/1446,
51,1,0.0,2.0,18/04/1446,
24,2,4.0,0.0,01/04/1446,
24,2,0.0,0.0,02/04/1446,
24,2,2.0,0.0,03/04/1446,
24,2,1.0,0.0,04/04/1446,
24,2,0.0,0.0,05/04/1446,
24,2,1.0,0.0,06/04/1446,
53,2,3.0,3.0,01/04/1446,
53,2,0.0,0.0,02/04/1446,
53,2,1.0,0.0,03/04/1446,
53,2,1.0,3.0,04/04/1446,
53,2,0.0,0.0,05/04/1446,
53,2,1.0,0.0,06/04/1446,
40,2,0.0,76.0,01/04/1446,
40,2,0.0,0.0,02/04/1446,
40,2,0.0,3.0,03/04/1446,
40,2,0.0,10.0,04/04/1446,
40,2,0.0,0.0,05/04/1446,
40,2,0.0,0.0,06/04/1446,
40,2,0.0,10.0,07/04/1446,
40,2,0.0,0.0,08/04/1446,
40,2,0.0,0.0,09/04/1446,
40,2,0.0,10.0,10/04/1446,
40,2,0.0,15.0,11/04/1446,
40,2,0.0,11.0,12/04/1446,
40,2,0.0,3.0,13/04/1446,
40,2,0.0,6.0,14/04/1446,
40,2,0.0,0.0,15/04/1446,
40,2,0.0,0.0,16/04/1446,
40,2,0.0,6.0,17/04/1446,
40,2,0.0,2.0,18/04/1446,
29,2,1.0,50.0,01/04/1446,
29,2,0.0,0.0,02/04/1446,
29,2,0.5,0.0,03/04/1446,
29,2,0.5,0.0,04/04/1446,
29,2,0.0,0.0,05/04/1446,
29,2,0.0,0.0,06/04/1446,
29,2,0.0,10.0,07/04/1446,
29,2,0.0,0.0,08/04/1446,
29,2,0.0,0.0,09/04/1446,
29,2,0.0,8.0,10/04/1446,
29,2,0.0,6.0,11/04/1446,
29,2,0.0,5.0,12/04/1446,
29,2,0.0,10.0,13/04/1446,
29,2,0.0,0.0,15/04/1446,
29,2,0.0,0.0,16/04/1446,
29,2,0.0,6.0,17/04/1446,
29,2,0.0,5.0,18/04/1446,
13,2,6.0,59.0,01/04/1446,
13,2,0.0,0.0,02/04/1446,
13,2,1.0,0.0,03/04/1446,
13,2,1.0,0.0,04/04/1446,
13,2,0.0,0.0,05/04/1446,
13,2,0.0,0.0,06/04/1446,
13,2,2.0,0.0,07/04/1446,
13,2,0.0,0.0,08/04/1446,
13,2,0.0,0.0,09/04/1446,
13,2,1.0,10.0,10/04/1446,
13,2,1.0,0.0,11/04/1446,
13,2,0.0,10.0,12/04/1446,
13,2,0.0,15.0,13/04/1446,
13,2,0.0,10.0,14/04/1446,
13,2,0.0,0.0,15/04/1446,
13,2,0.0,0.0,16/04/1446,
13,2,0.0,10.0,17/04/1446,
13,2,0.0,4.0,18/04/1446,
32,2,1.0,25.0,01/04/1446,
32,2,0.0,0.0,02/04/1446,
32,2,0.0,5.0,03/04/1446,
32,2,0.0,4.0,04/04/1446,
32,2,0.0,0.0,05/04/1446,
32,2,0.0,0.0,06/04/1446,
32,2,0.0,0.0,07/04/1446,
32,2,0.0,0.0,08/04/1446,
32,2,0.0,0.0,09/04/1446,
32,2,0.0,0.0,10/04/1446,
32,2,0.5,0.0,11/04/1446,
32,2,0.5,2.0,12/04/1446,
32,2,0.0,0.0,13/04/1446,
32,2,0.0,5.0,14/04/1446,
32,2,0.0,0.0,15/04/1446,
32,2,0.0,0.0,16/04/1446,
32,2,0.0,5.0,17/04/1446,
32,2,0.0,4.0,18/04/1446,
50,2,0.5,41.0,01/04/1446,
50,2,0.0,0.0,02/04/1446,
50,2,0.5,0.0,03/04/1446,
50,2,0.0,4.0,04/04/1446,
50,2,0.0,0.0,05/04/1446,
50,2,0.0,0.0,06/04/1446,
50,2,0.0,5.0,07/04/1446,
50,2,0.0,0.0,08/04/1446,
50,2,0.0,0.0,09/04/1446,
50,2,0.0,0.0,10/04/1446,
50,2,0.0,10.0,11/04/1446,
50,2,0.0,10.0,12/04/1446,
50,2,0.0,5.0,13/04/1446,
50,2,0.0,5.0,14/04/1446,
50,2,0.0,0.0,15/04/1446,
50,2,0.0,0.0,16/04/1446,
50,2,0.0,0.0,17/04/1446,
50,2,0.0,2.0,18/04/1446,
10,2,1.5,10.0,01/04/1446,
10,2,0.0,0.0,02/04/1446,
10,2,0.5,0.0,03/04/1446,
10,2,0.5,0.0,04/04/1446,
10,2,0.0,0.0,05/04/1446,
10,2,0.5,0.0,06/04/1446,
10,2,0.0,0.0,07/04/1446,
10,2,0.0,0.0,11/04/1446,
10,2,0.0,8.0,12/04/1446,
10,2,0.0,2.0,13/04/1446,
35,2,0.0,31.0,01/04/1446,
35,2,0.0,0.0,02/04/1446,
35,2,0.0,4.0,03/04/1446,
35,2,0.0,6.0,04/04/1446,
35,2,0.0,5.0,05/04/1446,
35,2,0.0,0.0,06/04/1446,
35,2,0.0,2.0,07/04/1446,
35,2,0.0,0.0,08/04/1446,
35,2,0.0,0.0,09/04/1446,
35,2,0.0,2.0,10/04/1446,
35,2,0.0,3.0,11/04/1446,
35,2,0.0,2.0,12/04/1446,
35,2,0.0,2.0,13/04/1446,
35,2,0.0,5.0,14/04/1446,
35,2,0.0,0.0,15/04/1446,
35,2,0.0,0.0,16/04/1446,
35,2,0.0,0.0,17/04/1446,
16,2,0.0,0.0,01/04/1446,
7,2,0.0,22.0,01/04/1446,
7,2,0.0,4.0,03/04/1446,
7,2,0.0,0.0,04/04/1446,
7,2,0.0,0.0,05/04/1446,
7,2,0.0,4.0,06/04/1446,
7,2,0.0,5.0,07/04/1446,
7,2,0.0,0.0,08/04/1446,
7,2,0.0,0.0,09/04/1446,
7,2,0.0,5.0,10/04/1446,
7,2,0.0,4.0,11/04/1446,
15,2,0.0,16.0,01/04/1446,
15,2,0.0,8.0,04/04/1446,
15,2,0.0,0.0,05/04/1446,
15,2,0.0,0.0,06/04/1446,
15,2,0.0,2.0,07/04/1446,
15,2,0.0,0.0,08/04/1446,
15,2,0.0,0.0,09/04/1446,
15,2,0.0,0.0,10/04/1446,
15,2,0.0,0.0,11/04/1446,
15,2,0.0,1.0,12/04/1446,
15,2,0.0,1.0,13/04/1446,
15,2,0.0,1.0,14/04/1446,
15,2,0.0,0.0,15/04/1446,
15,2,0.0,0.0,16/04/1446,
15,2,0.0,2.0,17/04/1446,
15,2,0.0,1.0,18/04/1446,
46,2,0.0,2.0,01/04/1446,
46,2,0.0,0.0,03/04/1446,
46,2,0.0,0.0,05/04/1446,
46,2,0.0,0.0,13/04/1446,
46,2,0.0,1.0,14/04/1446,
46,2,0.0,1.0,17/04/1446,
33,2,0.5,40.0,01/04/1446,
33,2,0.0,0.0,02/04/1446,
33,2,0.0,5.0,03/04/1446,
33,2,0.0,8.0,04/04/1446,
33,2,0.0,0.0,05/04/1446,
33,2,0.0,0.0,06/04/1446,
33,2,0.0,0.0,07/04/1446,
33,2,0.0,0.0,08/04/1446,
33,2,0.0,0.0,09/04/1446,
33,2,0.5,0.0,10/04/1446,
33,2,0.0,4.0,11/04/1446,
33,2,0.0,4.0,12/04/1446,
33,2,0.0,5.0,13/04/1446,
33,2,0.0,4.0,14/04/1446,
33,2,0.0,0.0,16/04/1446,
33,2,0.0,6.0,17/04/1446,
33,2,0.0,4.0,18/04/1446,
42,2,0.0,0.0,01/04/1446,
1,2,0.0,5.0,01/04/1446,
1,2,0.0,2.0,04/04/1446,
1,2,0.0,0.0,06/04/1446,
1,2,0.0,0.0,07/04/1446,
1,2,0.0,1.0,11/04/1446,
1,2,0.0,2.0,13/04/1446,
1,2,0.0,0.0,14/04/1446,
11,2,0.0,21.0,01/04/1446,
11,2,0.0,0.0,02/04/1446,
11,2,0.0,4.0,03/04/1446,
11,2,0.0,6.0,04/04/1446,
11,2,0.0,0.0,05/04/1446,
11,2,0.0,0.0,07/04/1446,
11,2,0.0,0.0,08/04/1446,
11,2,0.0,4.0,09/04/1446,
11,2,0.0,5.0,10/04/1446,
11,2,0.0,1.0,11/04/1446,
11,2,0.0,0.0,12/04/1446,
11,2,0.0,0.0,13/04/1446,
11,2,0.0,0.0,14/04/1446,
11,2,0.0,0.0,15/04/1446,
11,2,0.0,0.0,16/04/1446,
11,2,0.0,0.0,17/04/1446,
11,2,0.0,1.0,18/04/1446,
37,2,0.5,2.0,01/04/1446,
37,2,0.0,0.0,02/04/1446,
37,2,0.0,0.0,03/04/1446,
37,2,0.0,0.0,04/04/1446,
37,2,0.0,0.0,05/04/1446,
37,2,0.0,0.0,06/04/1446,
37,2,0.5,0.0,07/04/1446,
37,2,0.0,0.0,08/04/1446,
37,2,0.0,0.0,09/04/1446,
37,2,0.0,0.0,10/04/1446,
37,2,0.0,0.0,11/04/1446,
37,2,0.0,0.0,12/04/1446,
37,2,0.0,0.0,13/04/1446,
37,2,0.0,0.0,14/04/1446,
37,2,0.0,0.0,16/04/1446,
37,2,0.0,0.0,17/04/1446,
37,2,0.0,2.0,18/04/1446,
41,2,1.0,2.0,01/04/1446,
41,2,1.0,0.0,04/04/1446,
41,2,0.0,0.0,05/04/1446,
41,2,0.0,1.0,07/04/1446,
41,2,0.0,0.0,08/04/1446,
41,2,0.0,1.0,17/04/1446,
47,2,0.5,0.0,01/04/1446,
47,2,0.0,0.0,05/04/1446,
47,2,0.0,0.0,06/04/1446,
47,2,0.0,0.0,07/04/1446,
47,2,0.0,0.0,08/04/1446,
47,2,0.0,0.0,10/04/1446,
47,2,0.0,0.0,11/04/1446,
47,2,0.0,0.0,12/04/1446,
47,2,0.5,0.0,13/04/1446,
19,2,0.0,0.0,01/04/1446,
39,2,0.0,0.0,01/04/1446,
39,2,0.0,0.0,02/04/1446,
39,2,0.0,0.0,03/04/1446,
39,2,0.0,0.0,04/04/1446,
39,2,0.0,0.0,05/04/1446,
39,2,0.0,0.0,06/04/1446,
39,2,0.0,0.0,07/04/1446,
39,2,0.0,0.0,09/04/1446,
39,2,0.0,0.0,10/04/1446,
39,2,0.0,0.0,11/04/1446,
39,2,0.0,0.0,12/04/1446,
39,2,0.0,0.0,13/04/1446,
39,2,0.0,0.0,14/04/1446,
39,2,0.0,0.0,16/04/1446,
39,2,0.0,0.0,17/04/1446,
39,2,0.0,0.0,18/04/1446,
44,2,5.0,1.0,01/04/1446,
44,2,5.0,0.0,04/04/1446,
44,2,0.0,0.0,05/04/1446,
44,2,0.0,0.0,14/04/1446,
44,2,0.0,0.0,15/04/1446,
44,2,0.0,0.0,16/04/1446,
44,2,0.0,0.0,17/04/1446,
44,2,0.0,1.0,18/04/1446,
2,2,2.0,9.0,01/04/1446,
2,2,0.0,0.0,02/04/1446,
2,2,0.0,0.0,03/04/1446,
2,2,0.0,0.0,05/04/1446,
2,2,0.0,0.0,06/04/1446,
2,2,0.0,0.0,07/04/1446,
2,2,0.0,0.0,08/04/1446,
2,2,0.0,0.0,09/04/1446,
2,2,0.0,5.0,10/04/1446,
2,2,0.0,0.0,11/04/1446,
2,2,0.0,0.0,12/04/1446,
2,2,1.0,0.0,13/04/1446,
2,2,1.0,4.0,14/04/1446,
2,2,0.0,0.0,15/04/1446,
2,2,0.0,0.0,16/04/1446,
2,2,0.0,0.0,17/04/1446,
6,2,0.0,6.0,01/04/1446,
6,2,0.0,5.0,07/04/1446,
6,2,0.0,0.0,08/04/1446,
6,2,0.0,1.0,12/04/1446,
43,2,0.0,0.0,01/04/1446,
43,2,0.0,0.0,04/04/1446,
43,2,0.0,0.0,05/04/1446,
43,2,0.0,0.0,06/04/1446,
43,2,0.0,0.0,07/04/1446,
43,2,0.0,0.0,08/04/1446,
43,2,0.0,0.0,11/04/1446,
43,2,0.0,0.0,12/04/1446,
43,2,0.0,0.0,13/04/1446,
48,2,2.0,27.0,01/04/1446,
48,2,2.0,0.0,04/04/1446,
48,2,0.0,0.0,05/04/1446,
48,2,0.0,0.0,06/04/1446,
48,2,0.0,0.0,08/04/1446,
48,2,0.0,12.0,11/04/1446,
48,2,0.0,4.0,12/04/1446,
48,2,0.0,4.0,13/04/1446,
48,2,0.0,2.0,14/04/1446,
48,2,0.0,0.0,15/04/1446,
48,2,0.0,5.0,17/04/1446,
38,2,0.5,14.0,01/04/1446,
38,2,0.0,0.0,02/04/1446,
38,2,0.0,4.0,03/04/1446,
38,2,0.0,4.0,04/04/1446,
38,2,0.0,0.0,05/04/1446,
38,2,0.0,0.0,06/04/1446,
38,2,0.0,0.0,08/04/1446,
38,2,0.0,3.0,10/04/1446,
38,2,0.5,0.0,11/04/1446,
38,2,0.0,3.0,12/04/1446,
38,2,0.0,0.0,15/04/1446,
54,2,0.0,0.0,01/04/1446,
21,2,0.0,0.0,01/04/1446,
54,2,0.0,0.0,01/04/1446,
52,1,29.5,303.0,01/04/1446,
8,1,5.0,69.0,01/05/1446,
8,1,1.0,0.0,02/05/1446,
8,1,0.0,0.0,03/05/1446,
8,1,0.0,0.0,04/05/1446,
8,1,0.0,2.0,05/05/1446,
8,1,0.0,2.0,06/05/1446,
8,1,0.0,0.0,07/05/1446,
8,1,0.0,0.0,08/05/1446,
8,1,0.0,14.0,10/05/1446,
8,1,0.0,2.0,11/05/1446,
8,1,0.0,0.0,12/05/1446,
8,1,0.0,0.0,13/05/1446,
8,1,0.0,11.0,14/05/1446,
8,1,0.0,0.0,17/05/1446,
8,1,0.0,4.0,18/05/1446,
8,1,0.0,0.0,19/05/1446,
8,1,0.0,7.0,20/05/1446,
8,1,1.0,0.0,21/05/1446,
8,1,2.0,0.0,22/05/1446,
8,1,0.0,4.0,23/05/1446,
8,1,0.0,0.0,24/05/1446,
8,1,0.0,5.0,25/05/1446,
8,1,0.0,4.0,26/05/1446,
8,1,0.0,14.0,27/05/1446,
8,1,0.0,0.0,28/05/1446,
8,1,1.0,0.0,30/05/1446,
9,1,0.0,77.0,01/05/1446,
9,1,0.0,5.0,02/05/1446,
9,1,0.0,0.0,03/05/1446,
9,1,0.0,6.0,04/05/1446,
9,1,0.0,7.0,05/05/1446,
9,1,0.0,0.0,07/05/1446,
9,1,0.0,0.0,08/05/1446,
9,1,0.0,10.0,10/05/1446,
9,1,0.0,5.0,11/05/1446,
9,1,0.0,0.0,12/05/1446,
9,1,0.0,0.0,13/05/1446,
9,1,0.0,9.0,15/05/1446,
9,1,0.0,0.0,16/05/1446,
9,1,0.0,0.0,17/05/1446,
9,1,0.0,5.0,18/05/1446,
9,1,0.0,4.0,19/05/1446,
9,1,0.0,0.0,20/05/1446,
9,1,0.0,0.0,23/05/1446,
9,1,0.0,0.0,24/05/1446,
9,1,0.0,6.0,25/05/1446,
9,1,0.0,2.0,26/05/1446,
9,1,0.0,4.0,27/05/1446,
9,1,0.0,0.0,28/05/1446,
9,1,0.0,14.0,30/05/1446,
17,1,16.0,139.0,01/05/1446,
17,1,2.0,0.0,02/05/1446,
17,1,0.0,0.0,03/05/1446,
17,1,1.0,0.0,04/05/1446,
17,1,1.0,0.0,05/05/1446,
17,1,0.5,0.0,06/05/1446,
17,1,1.0,0.0,07/05/1446,
17,1,0.0,0.0,08/05/1446,
17,1,0.0,10.0,09/05/1446,
17,1,0.0,10.0,10/05/1446,
17,1,0.0,9.0,11/05/1446,
17,1,0.0,0.0,12/05/1446,
17,1,0.0,0.0,13/05/1446,
17,1,0.5,10.0,14/05/1446,
17,1,1.0,8.0,15/05/1446,
17,1,1.0,0.0,16/05/1446,
17,1,0.0,8.0,17/05/1446,
17,1,2.0,5.0,18/05/1446,
17,1,0.0,2.0,19/05/1446,
17,1,0.0,10.0,20/05/1446,
17,1,0.0,6.0,21/05/1446,
17,1,2.0,0.0,22/05/1446,
17,1,0.0,0.0,23/05/1446,
17,1,0.0,0.0,24/05/1446,
17,1,0.0,12.0,25/05/1446,
17,1,1.0,13.0,26/05/1446,
17,1,0.0,12.0,27/05/1446,
17,1,0.0,9.0,28/05/1446,
17,1,1.0,15.0,29/05/1446,
17,1,2.0,0.0,30/05/1446,
36,1,5.5,61.0,01/05/1446,
36,1,1.0,0.0,02/05/1446,
36,1,0.0,0.0,03/05/1446,
36,1,0.5,0.0,04/05/1446,
36,1,1.0,0.0,05/05/1446,
36,1,0.0,1.0,06/05/1446,
36,1,0.0,0.0,07/05/1446,
36,1,0.0,0.0,08/05/1446,
36,1,0.0,4.0,09/05/1446,
36,1,0.0,2.0,10/05/1446,
36,1,0.0,2.0,11/05/1446,
36,1,0.0,0.0,12/05/1446,
36,1,0.0,0.0,13/05/1446,
36,1,0.0,13.0,14/05/1446,
36,1,0.0,3.0,15/05/1446,
36,1,0.5,0.0,16/05/1446,
36,1,0.0,0.0,17/05/1446,
36,1,0.0,7.0,18/05/1446,
36,1,0.0,2.0,19/05/1446,
36,1,0.0,3.0,20/05/1446,
36,1,0.5,0.0,21/05/1446,
36,1,0.5,0.0,22/05/1446,
36,1,0.0,0.0,23/05/1446,
36,1,0.0,0.0,24/05/1446,
36,1,0.0,0.0,25/05/1446,
36,1,0.0,8.0,26/05/1446,
36,1,0.0,7.0,27/05/1446,
36,1,0.0,4.0,28/05/1446,
36,1,0.5,5.0,29/05/1446,
36,1,1.0,0.0,30/05/1446,
23,1,3.0,61.0,01/05/1446,
23,1,0.0,3.0,02/05/1446,
23,1,0.0,0.0,04/05/1446,
23,1,0.0,0.0,06/05/1446,
23,1,0.0,0.0,07/05/1446,
23,1,0.0,0.0,08/05/1446,
23,1,0.0,4.0,09/05/1446,
23,1,0.0,5.0,10/05/1446,
23,1,0.0,0.0,11/05/1446,
23,1,0.0,0.0,12/05/1446,
23,1,0.0,5.0,14/05/1446,
23,1,0.0,0.0,15/05/1446,
23,1,0.0,8.0,18/05/1446,
23,1,0.0,8.0,19/05/1446,
23,1,0.0,0.0,20/05/1446,
23,1,1.0,0.0,21/05/1446,
23,1,1.0,0.0,22/05/1446,
23,1,0.0,0.0,23/05/1446,
23,1,0.0,0.0,24/05/1446,
23,1,0.0,8.0,25/05/1446,
23,1,0.0,8.0,26/05/1446,
23,1,0.0,10.0,27/05/1446,
23,1,0.0,2.0,28/05/1446,
23,1,0.0,0.0,29/05/1446,
23,1,1.0,0.0,30/05/1446,
3,1,3.5,64.0,01/05/1446,
3,1,0.0,1.0,02/05/1446,
3,1,0.0,0.0,03/05/1446,
3,1,0.0,0.0,04/05/1446,
3,1,0.0,2.0,05/05/1446,
3,1,0.0,2.0,06/05/1446,
3,1,0.0,0.0,07/05/1446,
3,1,0.0,0.0,08/05/1446,
3,1,0.0,10.0,09/05/1446,
3,1,0.0,7.0,10/05/1446,
3,1,0.0,6.0,11/05/1446,
3,1,0.0,0.0,12/05/1446,
3,1,0.0,0.0,13/05/1446,
3,1,0.0,8.0,14/05/1446,
3,1,0.0,5.0,15/05/1446,
3,1,0.0,0.0,16/05/1446,
3,1,0.0,0.0,17/05/1446,
3,1,0.0,0.0,18/05/1446,
3,1,1.0,0.0,19/05/1446,
3,1,0.5,0.0,20/05/1446,
3,1,0.5,0.0,21/05/1446,
3,1,1.0,0.0,22/05/1446,
3,1,0.0,0.0,23/05/1446,
3,1,0.0,0.0,24/05/1446,
3,1,0.0,3.0,25/05/1446,
3,1,0.0,5.0,26/05/1446,
3,1,0.0,6.0,27/05/1446,
3,1,0.0,9.0,28/05/1446,
3,1,0.5,0.0,30/05/1446,
4,1,4.0,84.0,01/05/1446,
4,1,0.0,0.0,03/05/1446,
4,1,1.0,0.0,05/05/1446,
4,1,1.0,0.0,06/05/1446,
4,1,0.0,10.0,09/05/1446,
4,1,0.0,8.0,11/05/1446,
4,1,0.0,0.0,12/05/1446,
4,1,0.0,0.0,13/05/1446,
4,1,0.0,7.0,14/05/1446,
4,1,0.0,0.0,17/05/1446,
4,1,0.0,4.0,19/05/1446,
4,1,0.0,5.0,20/05/1446,
4,1,0.0,0.0,23/05/1446,
4,1,0.0,0.0,24/05/1446,
4,1,0.0,8.0,25/05/1446,
4,1,0.0,10.0,26/05/1446,
4,1,1.0,10.0,27/05/1446,
4,1,0.0,10.0,28/05/1446,
4,1,1.0,12.0,29/05/1446,
12,1,2.0,63.0,01/05/1446,
12,1,0.0,0.0,03/05/1446,
12,1,0.0,2.0,05/05/1446,
12,1,0.0,2.0,06/05/1446,
12,1,0.0,0.0,07/05/1446,
12,1,0.0,11.0,09/05/1446,
12,1,0.0,9.0,11/05/1446,
12,1,0.0,0.0,12/05/1446,
12,1,0.0,0.0,13/05/1446,
12,1,1.0,0.0,14/05/1446,
12,1,0.0,0.0,17/05/1446,
12,1,0.0,2.0,20/05/1446,
12,1,1.0,0.0,21/05/1446,
12,1,0.0,0.0,23/05/1446,
12,1,0.0,0.0,24/05/1446,
12,1,0.0,8.0,25/05/1446,
12,1,0.0,5.0,26/05/1446,
12,1,0.0,10.0,27/05/1446,
12,1,0.0,11.0,28/05/1446,
12,1,0.0,3.0,29/05/1446,
49,1,1.5,51.0,01/05/1446,
49,1,0.5,0.0,04/05/1446,
49,1,0.5,0.0,05/05/1446,
49,1,0.0,8.0,06/05/1446,
49,1,0.0,0.0,07/05/1446,
49,1,0.0,8.0,09/05/1446,
49,1,0.0,7.0,10/05/1446,
49,1,0.0,5.0,11/05/1446,
49,1,0.0,0.0,12/05/1446,
49,1,0.0,7.0,14/05/1446,
49,1,0.0,4.0,15/05/1446,
49,1,0.0,0.0,17/05/1446,
49,1,0.0,2.0,18/05/1446,
49,1,0.0,0.0,19/05/1446,
49,1,0.5,0.0,21/05/1446,
49,1,0.0,0.0,22/05/1446,
49,1,0.0,0.0,23/05/1446,
49,1,0.0,0.0,24/05/1446,
49,1,0.0,0.0,26/05/1446,
49,1,0.0,0.0,27/05/1446,
49,1,0.0,10.0,29/05/1446,
22,1,0.0,28.0,01/05/1446,
22,1,0.0,0.0,04/05/1446,
22,1,0.0,2.0,05/05/1446,
22,1,0.0,0.0,06/05/1446,
22,1,0.0,2.0,07/05/1446,
22,1,0.0,2.0,08/05/1446,
22,1,0.0,2.0,10/05/1446,
22,1,0.0,0.0,12/05/1446,
22,1,0.0,1.0,14/05/1446,
22,1,0.0,2.0,15/05/1446,
22,1,0.0,2.0,16/05/1446,
22,1,0.0,1.0,17/05/1446,
22,1,0.0,3.0,18/05/1446,
22,1,0.0,1.0,19/05/1446,
22,1,0.0,1.0,20/05/1446,
22,1,0.0,0.0,21/05/1446,
22,1,0.0,1.0,22/05/1446,
22,1,0.0,1.0,23/05/1446,
22,1,0.0,1.0,25/05/1446,
22,1,0.0,1.0,26/05/1446,
22,1,0.0,2.0,28/05/1446,
22,1,0.0,3.0,29/05/1446,
22,1,0.0,0.0,30/05/1446,
31,1,0.0,0.0,01/05/1446,
51,1,4.0,41.0,01/05/1446,
51,1,0.0,0.0,03/05/1446,
51,1,0.0,2.0,05/05/1446,
51,1,0.0,0.0,07/05/1446,
51,1,0.0,0.0,08/05/1446,
51,1,0.0,8.0,10/05/1446,
51,1,0.0,0.0,13/05/1446,
51,1,0.0,10.0,14/05/1446,
51,1,0.0,10.0,15/05/1446,
51,1,0.0,0.0,16/05/1446,
51,1,0.0,0.0,17/05/1446,
51,1,0.0,0.0,18/05/1446,
51,1,1.0,0.0,19/05/1446,
51,1,1.0,0.0,20/05/1446,
51,1,2.0,0.0,21/05/1446,
51,1,0.0,0.0,23/05/1446,
51,1,0.0,0.0,27/05/1446,
51,1,0.0,10.0,28/05/1446,
51,1,0.0,1.0,30/05/1446,
52,1,3.0,12.0,01/05/1446,
52,1,1.0,3.0,05/05/1446,
52,1,0.0,0.0,07/05/1446,
52,1,0.0,0.0,12/05/1446,
52,1,0.0,0.0,13/05/1446,
52,1,1.0,0.0,20/05/1446,
52,1,0.0,0.0,23/05/1446,
52,1,0.0,0.0,24/05/1446,
52,1,0.0,3.0,25/05/1446,
52,1,0.0,2.0,26/05/1446,
52,1,0.0,0.0,27/05/1446,
52,1,0.0,4.0,29/05/1446,
52,1,1.0,0.0,30/05/1446,
24,2,0.0,25.0,01/05/1446,
24,2,0.0,2.0,24/05/1446,
24,2,0.0,3.0,25/05/1446,
24,2,0.0,4.0,26/05/1446,
24,2,0.0,7.0,27/05/1446,
24,2,0.0,3.0,28/05/1446,
24,2,0.0,0.0,29/05/1446,
24,2,0.0,6.0,30/05/1446,
53,2,0.0,75.0,01/05/1446,
53,2,0.0,20.0,24/05/1446,
53,2,0.0,20.0,25/05/1446,
53,2,0.0,10.0,26/05/1446,
53,2,0.0,10.0,27/05/1446,
53,2,0.0,10.0,28/05/1446,
53,2,0.0,0.0,29/05/1446,
53,2,0.0,5.0,30/05/1446,
40,2,10.5,187.0,01/05/1446,
40,2,0.0,2.0,02/05/1446,
40,2,0.0,0.0,03/05/1446,
40,2,0.0,5.0,04/05/1446,
40,2,0.0,4.0,05/05/1446,
40,2,0.0,12.0,06/05/1446,
40,2,0.0,0.0,07/05/1446,
40,2,0.0,20.0,08/05/1446,
40,2,0.0,15.0,09/05/1446,
40,2,0.0,12.0,10/05/1446,
40,2,0.0,0.0,11/05/1446,
40,2,0.0,20.0,12/05/1446,
40,2,0.0,0.0,13/05/1446,
40,2,0.0,10.0,14/05/1446,
40,2,0.0,14.0,15/05/1446,
40,2,0.0,0.0,16/05/1446,
40,2,0.0,15.0,17/05/1446,
40,2,1.0,0.0,18/05/1446,
40,2,2.0,0.0,19/05/1446,
40,2,1.0,0.0,20/05/1446,
40,2,0.5,0.0,21/05/1446,
40,2,0.0,0.0,22/05/1446,
40,2,0.0,0.0,23/05/1446,
40,2,1.0,20.0,24/05/1446,
40,2,1.0,20.0,25/05/1446,
40,2,1.0,4.0,26/05/1446,
40,2,1.0,0.0,27/05/1446,
40,2,1.0,6.0,28/05/1446,
40,2,0.0,0.0,29/05/1446,
40,2,1.0,8.0,30/05/1446,
29,2,0.0,207.0,01/05/1446,
29,2,0.0,10.0,02/05/1446,
29,2,0.0,0.0,03/05/1446,
29,2,0.0,10.0,04/05/1446,
29,2,0.0,8.0,05/05/1446,
29,2,0.0,7.0,06/05/1446,
29,2,0.0,0.0,07/05/1446,
29,2,0.0,4.0,08/05/1446,
29,2,0.0,20.0,09/05/1446,
29,2,0.0,0.0,14/05/1446,
29,2,0.0,20.0,15/05/1446,
29,2,0.0,0.0,16/05/1446,
29,2,0.0,13.0,17/05/1446,
29,2,0.0,10.0,18/05/1446,
29,2,0.0,10.0,19/05/1446,
29,2,0.0,10.0,20/05/1446,
29,2,0.0,10.0,21/05/1446,
29,2,0.0,0.0,22/05/1446,
29,2,0.0,0.0,23/05/1446,
29,2,0.0,10.0,24/05/1446,
29,2,0.0,15.0,25/05/1446,
29,2,0.0,15.0,26/05/1446,
29,2,0.0,10.0,27/05/1446,
29,2,0.0,10.0,28/05/1446,
29,2,0.0,0.0,29/05/1446,
29,2,0.0,15.0,30/05/1446,
13,2,6.0,156.0,01/05/1446,
13,2,0.5,4.0,02/05/1446,
13,2,0.0,0.0,03/05/1446,
13,2,0.5,0.0,05/05/1446,
13,2,0.0,4.0,06/05/1446,
13,2,0.0,0.0,07/05/1446,
13,2,0.0,15.0,08/05/1446,
13,2,0.0,13.0,09/05/1446,
13,2,0.0,20.0,11/05/1446,
13,2,0.0,0.0,12/05/1446,
13,2,0.0,15.0,13/05/1446,
13,2,0.0,0.0,14/05/1446,
13,2,1.0,2.0,15/05/1446,
13,2,0.0,0.0,16/05/1446,
13,2,0.0,2.0,17/05/1446,
13,2,2.0,15.0,18/05/1446,
13,2,0.0,15.0,19/05/1446,
13,2,0.5,0.0,20/05/1446,
13,2,0.5,0.0,21/05/1446,
13,2,0.0,0.0,22/05/1446,
13,2,0.0,0.0,23/05/1446,
13,2,0.0,20.0,24/05/1446,
13,2,0.0,15.0,25/05/1446,
13,2,0.0,15.0,26/05/1446,
13,2,0.5,0.0,27/05/1446,
13,2,0.5,0.0,28/05/1446,
13,2,0.0,0.0,29/05/1446,
13,2,0.0,1.0,30/05/1446,
32,2,5.0,68.0,01/05/1446,
32,2,0.0,0.0,04/05/1446,
32,2,0.0,10.0,05/05/1446,
32,2,0.0,8.0,06/05/1446,
32,2,0.0,0.0,07/05/1446,
32,2,0.0,3.0,08/05/1446,
32,2,0.0,8.0,09/05/1446,
32,2,0.0,0.0,10/05/1446,
32,2,0.0,0.0,11/05/1446,
32,2,0.0,0.0,12/05/1446,
32,2,0.0,0.0,13/05/1446,
32,2,0.0,2.0,14/05/1446,
32,2,0.0,10.0,15/05/1446,
32,2,0.0,0.0,16/05/1446,
32,2,0.0,10.0,17/05/1446,
32,2,0.0,0.0,18/05/1446,
32,2,0.0,5.0,19/05/1446,
32,2,1.0,0.0,20/05/1446,
32,2,0.0,0.0,22/05/1446,
32,2,0.0,0.0,23/05/1446,
32,2,0.5,0.0,24/05/1446,
32,2,0.5,0.0,25/05/1446,
32,2,1.0,3.0,26/05/1446,
32,2,1.0,3.0,27/05/1446,
32,2,1.0,0.0,28/05/1446,
32,2,0.0,0.0,29/05/1446,
32,2,0.0,6.0,30/05/1446,
50,2,6.5,47.0,01/05/1446,
50,2,0.0,0.0,03/05/1446,
50,2,0.5,2.0,05/05/1446,
50,2,0.0,4.0,06/05/1446,
50,2,0.0,0.0,07/05/1446,
50,2,0.0,4.0,08/05/1446,
50,2,0.0,0.0,09/05/1446,
50,2,0.0,0.0,10/05/1446,
50,2,0.0,0.0,11/05/1446,
50,2,0.0,0.0,12/05/1446,
50,2,0.0,2.0,13/05/1446,
50,2,0.0,3.0,14/05/1446,
50,2,0.0,5.0,15/05/1446,
50,2,0.0,0.0,16/05/1446,
50,2,0.0,10.0,17/05/1446,
50,2,0.0,10.0,18/05/1446,
50,2,1.0,0.0,19/05/1446,
50,2,1.0,0.0,20/05/1446,
50,2,0.5,0.0,21/05/1446,
50,2,0.0,0.0,22/05/1446,
50,2,0.0,0.0,23/05/1446,
50,2,0.5,0.0,24/05/1446,
50,2,1.0,0.0,25/05/1446,
50,2,1.0,3.0,26/05/1446,
50,2,0.5,3.0,27/05/1446,
50,2,0.5,0.0,28/05/1446,
50,2,0.0,0.0,29/05/1446,
50,2,0.0,1.0,30/05/1446,
10,2,2.0,14.0,01/05/1446,
10,2,0.0,2.0,08/05/1446,
10,2,0.0,4.0,09/05/1446,
10,2,0.0,0.0,11/05/1446,
10,2,0.0,0.0,24/05/1446,
10,2,0.0,4.0,25/05/1446,
10,2,2.0,0.0,28/05/1446,
10,2,0.0,0.0,29/05/1446,
10,2,0.0,4.0,30/05/1446,
35,2,2.0,23.5,01/05/1446,
35,2,0.0,0.0,03/05/1446,
35,2,0.0,5.0,04/05/1446,
35,2,0.0,0.0,05/05/1446,
35,2,0.0,4.0,06/05/1446,
35,2,0.0,0.0,07/05/1446,
35,2,0.0,0.0,08/05/1446,
35,2,0.0,4.0,09/05/1446,
35,2,0.0,0.0,11/05/1446,
35,2,0.5,0.0,12/05/1446,
35,2,0.0,0.0,13/05/1446,
35,2,0.0,0.0,14/05/1446,
35,2,0.0,0.0,15/05/1446,
35,2,0.0,0.0,16/05/1446,
35,2,0.0,0.0,17/05/1446,
35,2,0.0,8.0,18/05/1446,
35,2,1.0,0.0,20/05/1446,
35,2,0.0,0.5,21/05/1446,
35,2,0.0,0.0,22/05/1446,
35,2,0.0,0.0,23/05/1446,
35,2,0.0,0.0,24/05/1446,
35,2,0.5,0.0,25/05/1446,
35,2,0.0,2.0,26/05/1446,
35,2,0.0,0.0,27/05/1446,
35,2,0.0,0.0,28/05/1446,
35,2,0.0,0.0,30/05/1446,
7,2,0.0,26.0,01/05/1446,
7,2,0.0,8.0,04/05/1446,
7,2,0.0,3.0,06/05/1446,
7,2,0.0,0.0,07/05/1446,
7,2,0.0,5.0,09/05/1446,
7,2,0.0,0.0,15/05/1446,
7,2,0.0,0.0,16/05/1446,
7,2,0.0,10.0,26/05/1446,
7,2,0.0,0.0,28/05/1446,
7,2,0.0,0.0,29/05/1446,
15,2,0.0,26.0,01/05/1446,
15,2,0.0,0.0,02/05/1446,
15,2,0.0,0.0,03/05/1446,
15,2,0.0,0.0,04/05/1446,
15,2,0.0,1.0,05/05/1446,
15,2,0.0,5.0,08/05/1446,
15,2,0.0,5.0,09/05/1446,
15,2,0.0,4.0,10/05/1446,
15,2,0.0,0.0,11/05/1446,
15,2,0.0,0.0,12/05/1446,
15,2,0.0,5.0,13/05/1446,
15,2,0.0,0.0,14/05/1446,
15,2,0.0,0.0,15/05/1446,
15,2,0.0,0.0,16/05/1446,
15,2,0.0,0.0,17/05/1446,
15,2,0.0,0.0,18/05/1446,
15,2,0.0,0.0,19/05/1446,
15,2,0.0,3.0,20/05/1446,
15,2,0.0,3.0,21/05/1446,
15,2,0.0,0.0,22/05/1446,
15,2,0.0,0.0,23/05/1446,
15,2,0.0,0.0,24/05/1446,
15,2,0.0,0.0,26/05/1446,
15,2,0.0,0.0,27/05/1446,
15,2,0.0,0.0,28/05/1446,
46,2,0.0,8.0,01/05/1446,
46,2,0.0,3.0,09/05/1446,
46,2,0.0,3.0,22/05/1446,
46,2,0.0,0.0,23/05/1446,
46,2,0.0,2.0,26/05/1446,
46,2,0.0,0.0,27/05/1446,
33,2,3.0,44.0,01/05/1446,
33,2,0.0,2.0,02/05/1446,
33,2,0.0,0.0,03/05/1446,
33,2,0.0,5.0,04/05/1446,
33,2,0.0,0.0,07/05/1446,
33,2,0.0,15.0,08/05/1446,
33,2,0.0,0.0,09/05/1446,
33,2,0.0,2.0,10/05/1446,
33,2,0.0,0.0,11/05/1446,
33,2,0.0,0.0,12/05/1446,
33,2,0.0,2.0,13/05/1446,
33,2,0.0,0.0,14/05/1446,
33,2,0.0,4.0,15/05/1446,
33,2,0.0,0.0,16/05/1446,
33,2,0.0,4.0,17/05/1446,
33,2,0.0,0.0,18/05/1446,
33,2,0.5,0.0,19/05/1446,
33,2,0.0,0.0,20/05/1446,
33,2,0.5,0.0,21/05/1446,
33,2,0.0,0.0,22/05/1446,
33,2,0.0,0.0,23/05/1446,
33,2,0.0,0.0,24/05/1446,
33,2,0.5,4.0,25/05/1446,
33,2,0.5,0.0,26/05/1446,
33,2,0.5,0.0,27/05/1446,
33,2,0.5,0.0,28/05/1446,
33,2,0.0,0.0,29/05/1446,
33,2,0.0,6.0,30/05/1446,
1,2,0.0,17.0,01/05/1446,
1,2,0.0,0.0,03/05/1446,
1,2,0.0,6.0,04/05/1446,
1,2,0.0,5.0,08/05/1446,
1,2,0.0,6.0,09/05/1446,
11,2,1.5,24.0,01/05/1446,
11,2,0.0,0.0,02/05/1446,
11,2,0.0,0.0,03/05/1446,
11,2,0.0,0.0,04/05/1446,
11,2,0.0,0.0,05/05/1446,
11,2,0.0,0.0,06/05/1446,
11,2,0.0,0.0,07/05/1446,
11,2,0.0,0.0,08/05/1446,
11,2,0.0,0.0,09/05/1446,
11,2,0.0,2.0,10/05/1446,
11,2,0.0,0.0,11/05/1446,
11,2,0.0,0.0,12/05/1446,
11,2,0.0,0.0,13/05/1446,
11,2,0.0,0.0,16/05/1446,
11,2,0.0,0.0,17/05/1446,
11,2,0.0,3.0,18/05/1446,
11,2,0.0,6.0,19/05/1446,
11,2,0.0,4.0,20/05/1446,
11,2,0.0,3.0,21/05/1446,
11,2,0.0,0.0,22/05/1446,
11,2,0.0,0.0,23/05/1446,
11,2,0.0,5.0,24/05/1446,
11,2,0.5,0.0,25/05/1446,
11,2,0.5,0.0,26/05/1446,
11,2,0.5,0.0,27/05/1446,
11,2,0.0,0.0,28/05/1446,
11,2,0.0,0.0,29/05/1446,
11,2,0.0,1.0,30/05/1446,
37,2,4.0,13.0,01/05/1446,
37,2,0.0,0.0,02/05/1446,
37,2,0.0,0.0,03/05/1446,
37,2,0.0,0.0,04/05/1446,
37,2,0.0,0.0,05/05/1446,
37,2,0.0,0.0,06/05/1446,
37,2,0.0,0.0,07/05/1446,
37,2,0.0,0.0,08/05/1446,
37,2,0.0,0.0,09/05/1446,
37,2,0.0,0.0,10/05/1446,
37,2,0.0,0.0,11/05/1446,
37,2,0.0,0.0,12/05/1446,
37,2,0.0,0.0,13/05/1446,
37,2,0.0,0.0,16/05/1446,
37,2,0.0,1.0,17/05/1446,
37,2,0.0,0.0,18/05/1446,
37,2,1.0,10.0,19/05/1446,
37,2,1.0,0.0,20/05/1446,
37,2,0.5,0.0,21/05/1446,
37,2,0.0,0.0,22/05/1446,
37,2,0.0,0.0,23/05/1446,
37,2,0.5,0.0,24/05/1446,
37,2,0.5,2.0,25/05/1446,
37,2,0.0,0.0,26/05/1446,
37,2,0.5,0.0,27/05/1446,
37,2,0.0,0.0,28/05/1446,
37,2,0.0,0.0,29/05/1446,
37,2,0.0,0.0,30/05/1446,
41,2,0.0,10.0,01/05/1446,
41,2,0.0,0.0,04/05/1446,
41,2,0.0,1.0,08/05/1446,
41,2,0.0,8.0,09/05/1446,
41,2,0.0,0.0,11/05/1446,
41,2,0.0,0.0,12/05/1446,
41,2,0.0,1.0,15/05/1446,
47,2,3.0,5.0,01/05/1446,
47,2,0.0,0.0,03/05/1446,
47,2,0.5,0.0,06/05/1446,
47,2,0.5,0.0,08/05/1446,
47,2,0.5,2.0,09/05/1446,
47,2,0.0,0.0,11/05/1446,
47,2,0.0,0.0,15/05/1446,
47,2,0.0,0.0,16/05/1446,
47,2,0.0,0.5,17/05/1446,
47,2,0.0,0.5,18/05/1446,
47,2,0.0,0.0,19/05/1446,
47,2,0.0,0.0,20/05/1446,
47,2,0.5,0.0,21/05/1446,
47,2,0.0,0.0,22/05/1446,
47,2,0.0,0.0,23/05/1446,
47,2,0.5,0.0,24/05/1446,
47,2,0.0,0.0,25/05/1446,
47,2,0.0,0.0,26/05/1446,
47,2,0.5,0.0,27/05/1446,
47,2,0.0,0.0,28/05/1446,
47,2,0.0,0.0,29/05/1446,
47,2,0.0,2.0,30/05/1446,
39,2,0.0,16.0,01/05/1446,
39,2,0.0,0.0,02/05/1446,
39,2,0.0,0.0,03/05/1446,
39,2,0.0,0.0,04/05/1446,
39,2,0.0,0.0,05/05/1446,
39,2,0.0,0.0,06/05/1446,
39,2,0.0,5.0,07/05/1446,
39,2,0.0,2.0,08/05/1446,
39,2,0.0,2.0,09/05/1446,
39,2,0.0,0.0,10/05/1446,
39,2,0.0,0.0,11/05/1446,
39,2,0.0,0.0,12/05/1446,
39,2,0.0,0.0,13/05/1446,
39,2,0.0,2.0,14/05/1446,
39,2,0.0,3.0,16/05/1446,
39,2,0.0,2.0,17/05/1446,
39,2,0.0,0.0,18/05/1446,
39,2,0.0,0.0,19/05/1446,
39,2,0.0,0.0,20/05/1446,
39,2,0.0,0.0,22/05/1446,
39,2,0.0,0.0,23/05/1446,
39,2,0.0,0.0,24/05/1446,
39,2,0.0,0.0,25/05/1446,
39,2,0.0,0.0,26/05/1446,
39,2,0.0,0.0,27/05/1446,
39,2,0.0,0.0,28/05/1446,
39,2,0.0,0.0,29/05/1446,
39,2,0.0,0.0,30/05/1446,
44,2,1.0,55.0,01/05/1446,
44,2,0.0,0.0,02/05/1446,
44,2,0.0,0.0,03/05/1446,
44,2,0.0,1.0,04/05/1446,
44,2,0.0,1.0,05/05/1446,
44,2,0.0,0.0,06/05/1446,
44,2,0.0,0.0,07/05/1446,
44,2,0.0,1.0,08/05/1446,
44,2,0.0,10.0,09/05/1446,
44,2,0.0,0.0,10/05/1446,
44,2,0.0,0.0,11/05/1446,
44,2,0.0,0.0,12/05/1446,
44,2,0.0,0.0,13/05/1446,
44,2,0.0,0.0,14/05/1446,
44,2,0.0,0.0,15/05/1446,
44,2,0.0,0.0,16/05/1446,
44,2,0.0,0.0,17/05/1446,
44,2,0.0,3.0,18/05/1446,
44,2,0.0,6.0,19/05/1446,
44,2,0.0,5.0,20/05/1446,
44,2,0.0,2.0,21/05/1446,
44,2,0.0,0.0,22/05/1446,
44,2,0.0,0.0,23/05/1446,
44,2,0.0,8.0,24/05/1446,
44,2,0.0,8.0,25/05/1446,
44,2,0.5,0.0,26/05/1446,
44,2,0.5,0.0,27/05/1446,
44,2,0.0,10.0,28/05/1446,
44,2,0.0,0.0,29/05/1446,
44,2,0.0,0.0,30/05/1446,
2,2,3.0,20.0,01/05/1446,
2,2,0.0,10.0,02/05/1446,
2,2,0.0,0.0,03/05/1446,
2,2,0.0,0.0,06/05/1446,
2,2,0.0,0.0,07/05/1446,
2,2,0.0,6.0,08/05/1446,
2,2,1.0,0.0,09/05/1446,
2,2,0.0,0.0,11/05/1446,
2,2,0.0,0.0,12/05/1446,
2,2,0.0,0.0,13/05/1446,
2,2,0.0,2.0,14/05/1446,
2,2,0.0,0.0,15/05/1446,
2,2,0.0,0.0,16/05/1446,
2,2,0.0,0.0,17/05/1446,
2,2,0.0,0.0,18/05/1446,
2,2,0.0,0.0,19/05/1446,
2,2,0.0,0.0,20/05/1446,
2,2,0.0,0.0,22/05/1446,
2,2,0.0,0.0,23/05/1446,
2,2,0.5,0.0,24/05/1446,
2,2,0.5,0.0,25/05/1446,
2,2,0.5,0.0,26/05/1446,
2,2,0.0,0.0,27/05/1446,
2,2,0.5,2.0,28/05/1446,
2,2,0.0,0.0,29/05/1446,
6,2,0.0,50.0,01/05/1446,
6,2,0.0,5.0,04/05/1446,
6,2,0.0,3.0,05/05/1446,
6,2,0.0,0.0,11/05/1446,
6,2,0.0,0.0,12/05/1446,
6,2,0.0,0.0,13/05/1446,
6,2,0.0,14.0,14/05/1446,
6,2,0.0,13.0,21/05/1446,
6,2,0.0,0.0,22/05/1446,
6,2,0.0,0.0,23/05/1446,
6,2,0.0,8.0,26/05/1446,
6,2,0.0,0.0,28/05/1446,
6,2,0.0,0.0,29/05/1446,
6,2,0.0,7.0,30/05/1446,
43,2,0.0,11.0,01/05/1446,
43,2,0.0,0.0,02/05/1446,
43,2,0.0,0.0,03/05/1446,
43,2,0.0,0.0,04/05/1446,
43,2,0.0,0.0,09/05/1446,
43,2,0.0,4.0,10/05/1446,
43,2,0.0,0.0,11/05/1446,
43,2,0.0,0.0,13/05/1446,
43,2,0.0,7.0,14/05/1446,
43,2,0.0,0.0,15/05/1446,
43,2,0.0,0.0,16/05/1446,
43,2,0.0,0.0,17/05/1446,
43,2,0.0,0.0,18/05/1446,
43,2,0.0,0.0,19/05/1446,
43,2,0.0,0.0,20/05/1446,
43,2,0.0,0.0,28/05/1446,
43,2,0.0,0.0,29/05/1446,
43,2,0.0,0.0,30/05/1446,
48,2,1.0,40.0,01/05/1446,
48,2,0.0,12.0,04/05/1446,
48,2,0.0,2.0,05/05/1446,
48,2,0.5,0.0,06/05/1446,
48,2,0.0,0.0,07/05/1446,
48,2,0.0,4.0,08/05/1446,
48,2,0.0,2.0,09/05/1446,
48,2,0.0,0.0,11/05/1446,
48,2,0.0,0.0,12/05/1446,
48,2,0.0,4.0,13/05/1446,
48,2,0.0,2.0,15/05/1446,
48,2,0.0,2.0,17/05/1446,
48,2,0.0,2.0,18/05/1446,
48,2,0.0,10.0,19/05/1446,
48,2,0.0,0.0,20/05/1446,
48,2,0.0,0.0,22/05/1446,
48,2,0.0,0.0,23/05/1446,
48,2,0.0,0.0,24/05/1446,
48,2,0.0,0.0,26/05/1446,
48,2,0.0,0.0,27/05/1446,
48,2,0.0,0.0,28/05/1446,
48,2,0.0,0.0,29/05/1446,
48,2,0.5,0.0,30/05/1446,
38,2,0.0,14.0,01/05/1446,
38,2,0.0,10.0,02/05/1446,
38,2,0.0,0.0,03/05/1446,
38,2,0.0,4.0,09/05/1446,
38,2,0.0,0.0,23/05/1446,
16,2,1.0,50.0,01/05/1446,
16,2,0.0,0.0,05/05/1446,
16,2,0.0,2.0,06/05/1446,
16,2,0.0,5.0,08/05/1446,
16,2,0.0,0.0,09/05/1446,
16,2,0.0,10.0,10/05/1446,
16,2,0.0,0.0,11/05/1446,
16,2,0.0,0.0,12/05/1446,
16,2,0.0,1.0,13/05/1446,
16,2,0.0,0.0,15/05/1446,
16,2,0.0,0.0,16/05/1446,
16,2,0.0,0.0,17/05/1446,
16,2,0.0,4.0,18/05/1446,
16,2,0.0,4.0,19/05/1446,
16,2,0.0,4.0,20/05/1446,
16,2,0.0,5.0,22/05/1446,
16,2,0.0,0.0,23/05/1446,
16,2,0.0,0.0,24/05/1446,
16,2,0.0,15.0,25/05/1446,
16,2,0.5,0.0,28/05/1446,
16,2,0.0,0.0,29/05/1446,
16,2,0.5,0.0,30/05/1446,
42,2,0.0,13.0,01/05/1446,
42,2,0.0,0.0,24/05/1446,
42,2,0.0,5.0,25/05/1446,
42,2,0.0,5.0,26/05/1446,
42,2,0.0,0.0,27/05/1446,
42,2,0.0,0.0,28/05/1446,
42,2,0.0,0.0,29/05/1446,
42,2,0.0,3.0,30/05/1446,
19,2,0.0,0.0,01/05/1446,
54,2,6.0,10.0,01/05/1446,
54,2,0.5,0.0,02/05/1446,
54,2,0.0,0.0,03/05/1446,
54,2,0.0,4.0,04/05/1446,
54,2,0.5,0.0,05/05/1446,
54,2,0.5,2.0,08/05/1446,
54,2,0.5,0.0,09/05/1446,
54,2,0.0,0.0,11/05/1446,
54,2,0.0,0.0,12/05/1446,
54,2,0.5,0.0,14/05/1446,
54,2,0.5,0.0,15/05/1446,
54,2,0.0,2.0,17/05/1446,
54,2,0.5,0.0,18/05/1446,
54,2,0.5,0.0,19/05/1446,
54,2,0.5,0.0,20/05/1446,
54,2,0.5,0.0,21/05/1446,
54,2,0.0,0.0,22/05/1446,
54,2,0.0,0.0,23/05/1446,
54,2,0.0,2.0,24/05/1446,
54,2,0.5,0.0,25/05/1446,
54,2,0.5,0.0,26/05/1446,
54,2,0.0,0.0,28/05/1446,
54,2,0.0,0.0,29/05/1446,
21,2,0.0,10.0,01/05/1446,
21,2,0.0,0.0,02/05/1446,
21,2,0.0,0.0,03/05/1446,
21,2,0.0,2.0,09/05/1446,
21,2,0.0,0.0,17/05/1446,
21,2,0.0,0.0,18/05/1446,
21,2,0.0,0.0,20/05/1446,
21,2,0.0,1.0,21/05/1446,
21,2,0.0,0.0,22/05/1446,
21,2,0.0,0.0,23/05/1446,
21,2,0.0,0.0,24/05/1446,
21,2,0.0,7.0,25/05/1446,
21,2,0.0,0.0,28/05/1446,
21,2,0.0,0.0,29/05/1446,
21,2,0.0,0.0,30/05/1446,
8,1,7.0,84.0,01/06/1446,
8,1,1.0,0.0,02/06/1446,
8,1,1.0,0.0,03/06/1446,
8,1,0.0,2.0,04/06/1446,
8,1,0.0,2.0,05/06/1446,
8,1,0.0,8.0,08/06/1446,
8,1,0.0,12.0,09/06/1446,
8,1,0.0,7.0,10/06/1446,
8,1,0.0,8.0,11/06/1446,
8,1,0.0,0.0,14/06/1446,
8,1,0.0,0.0,15/06/1446,
8,1,0.0,0.0,16/06/1446,
8,1,0.0,5.0,17/06/1446,
8,1,1.0,0.0,18/06/1446,
8,1,0.0,0.0,19/06/1446,
8,1,1.0,0.0,20/06/1446,
8,1,0.0,0.0,22/06/1446,
8,1,0.0,20.0,24/06/1446,
8,1,0.0,20.0,25/06/1446,
8,1,0.0,0.0,26/06/1446,
8,1,0.0,0.0,28/06/1446,
8,1,1.0,0.0,29/06/1446,
8,1,1.0,0.0,30/06/1446,
8,1,1.0,0.0,31/06/1446,
9,1,0.0,115.0,01/06/1446,
9,1,0.0,5.0,02/06/1446,
9,1,0.0,14.0,03/06/1446,
9,1,0.0,5.0,04/06/1446,
9,1,0.0,3.0,05/06/1446,
9,1,0.0,0.0,06/06/1446,
9,1,0.0,0.0,07/06/1446,
9,1,0.0,7.0,08/06/1446,
9,1,0.0,6.0,09/06/1446,
9,1,0.0,6.0,10/06/1446,
9,1,0.0,8.0,11/06/1446,
9,1,0.0,0.0,12/06/1446,
9,1,0.0,6.0,13/06/1446,
9,1,0.0,0.0,14/06/1446,
9,1,0.0,0.0,15/06/1446,
9,1,0.0,3.0,16/06/1446,
9,1,0.0,0.0,17/06/1446,
9,1,0.0,6.0,18/06/1446,
9,1,0.0,7.0,19/06/1446,
9,1,0.0,8.0,20/06/1446,
9,1,0.0,0.0,21/06/1446,
9,1,0.0,5.0,22/06/1446,
9,1,0.0,0.0,23/06/1446,
9,1,0.0,13.0,24/06/1446,
9,1,0.0,4.0,25/06/1446,
9,1,0.0,0.0,26/06/1446,
9,1,0.0,2.0,27/06/1446,
9,1,0.0,0.0,28/06/1446,
9,1,0.0,7.0,30/06/1446,
9,1,0.0,0.0,31/06/1446,
17,1,13.0,115.0,01/06/1446,
17,1,1.0,0.0,02/06/1446,
17,1,1.0,0.0,03/06/1446,
17,1,0.0,4.0,04/06/1446,
17,1,1.0,0.0,05/06/1446,
17,1,0.0,0.0,06/06/1446,
17,1,0.0,6.0,07/06/1446,
17,1,0.0,10.0,08/06/1446,
17,1,0.0,11.0,09/06/1446,
17,1,0.5,10.0,10/06/1446,
17,1,0.5,10.0,11/06/1446,
17,1,0.0,0.0,12/06/1446,
17,1,0.0,10.0,13/06/1446,
17,1,0.0,0.0,14/06/1446,
17,1,2.0,0.0,15/06/1446,
17,1,1.0,0.0,16/06/1446,
17,1,0.0,5.0,17/06/1446,
17,1,2.0,0.0,18/06/1446,
17,1,2.0,0.0,19/06/1446,
17,1,0.0,7.0,20/06/1446,
17,1,0.0,11.0,21/06/1446,
17,1,0.0,7.0,22/06/1446,
17,1,0.0,0.0,23/06/1446,
17,1,0.0,10.0,24/06/1446,
17,1,0.0,8.0,27/06/1446,
17,1,0.0,0.0,28/06/1446,
17,1,0.0,6.0,29/06/1446,
17,1,1.0,0.0,30/06/1446,
17,1,1.0,0.0,31/06/1446,
36,1,3.0,48.0,01/06/1446,
36,1,0.5,0.0,02/06/1446,
36,1,0.5,0.0,03/06/1446,
36,1,0.5,0.0,04/06/1446,
36,1,0.5,0.0,05/06/1446,
36,1,0.0,0.0,06/06/1446,
36,1,0.0,6.0,08/06/1446,
36,1,0.0,7.0,09/06/1446,
36,1,0.0,5.0,10/06/1446,
36,1,0.0,7.0,11/06/1446,
36,1,0.0,0.0,12/06/1446,
36,1,0.0,5.0,13/06/1446,
36,1,0.0,0.0,14/06/1446,
36,1,0.0,0.0,15/06/1446,
36,1,0.0,1.0,16/06/1446,
36,1,0.0,1.0,17/06/1446,
36,1,0.0,1.0,18/06/1446,
36,1,0.0,0.0,19/06/1446,
36,1,0.0,1.0,20/06/1446,
36,1,0.0,0.0,21/06/1446,
36,1,0.0,0.0,22/06/1446,
36,1,0.0,0.0,23/06/1446,
36,1,0.0,3.0,24/06/1446,
36,1,0.0,5.0,25/06/1446,
36,1,0.0,0.0,26/06/1446,
36,1,0.0,5.0,27/06/1446,
36,1,0.0,0.0,28/06/1446,
36,1,0.0,1.0,29/06/1446,
36,1,0.5,0.0,30/06/1446,
36,1,0.5,0.0,31/06/1446,
23,1,5.5,74.0,01/06/1446,
23,1,0.5,0.0,02/06/1446,
23,1,1.0,0.0,03/06/1446,
23,1,1.0,0.0,04/06/1446,
23,1,1.0,0.0,05/06/1446,
23,1,0.0,0.0,06/06/1446,
23,1,0.0,0.0,07/06/1446,
23,1,0.0,5.0,08/06/1446,
23,1,0.0,10.0,09/06/1446,
23,1,1.0,10.0,10/06/1446,
23,1,0.0,11.0,11/06/1446,
23,1,0.0,0.0,12/06/1446,
23,1,0.0,10.0,13/06/1446,
23,1,0.0,0.0,14/06/1446,
23,1,1.0,0.0,15/06/1446,
23,1,0.0,0.0,16/06/1446,
23,1,0.0,5.0,17/06/1446,
23,1,0.0,4.0,18/06/1446,
23,1,0.0,4.0,19/06/1446,
23,1,0.0,3.0,22/06/1446,
23,1,0.0,0.0,23/06/1446,
23,1,0.0,8.0,24/06/1446,
23,1,0.0,0.0,25/06/1446,
23,1,0.0,0.0,26/06/1446,
23,1,0.0,0.0,27/06/1446,
23,1,0.0,0.0,28/06/1446,
23,1,0.0,4.0,30/06/1446,
3,1,2.0,68.0,01/06/1446,
3,1,0.0,0.0,02/06/1446,
3,1,0.5,0.0,03/06/1446,
3,1,0.5,0.0,04/06/1446,
3,1,0.0,0.0,05/06/1446,
3,1,0.0,0.0,06/06/1446,
3,1,0.0,0.0,07/06/1446,
3,1,0.0,7.0,08/06/1446,
3,1,0.0,11.0,09/06/1446,
3,1,0.0,14.0,11/06/1446,
3,1,0.0,0.0,12/06/1446,
3,1,0.0,11.0,13/06/1446,
3,1,0.0,0.0,14/06/1446,
3,1,0.0,0.0,15/06/1446,
3,1,1.0,0.0,16/06/1446,
3,1,0.0,3.0,17/06/1446,
3,1,0.0,2.0,18/06/1446,
3,1,0.0,3.0,19/06/1446,
3,1,0.0,1.0,20/06/1446,
3,1,0.0,0.0,21/06/1446,
3,1,0.0,0.0,22/06/1446,
3,1,0.0,0.0,23/06/1446,
3,1,0.0,5.0,24/06/1446,
3,1,0.0,1.0,25/06/1446,
3,1,0.0,0.0,26/06/1446,
3,1,0.0,3.0,27/06/1446,
3,1,0.0,0.0,28/06/1446,
3,1,0.0,3.0,30/06/1446,
3,1,0.0,4.0,31/06/1446,
4,1,10.5,83.0,01/06/1446,
4,1,1.0,0.0,02/06/1446,
4,1,2.0,0.0,03/06/1446,
4,1,0.0,0.0,07/06/1446,
4,1,1.0,10.0,08/06/1446,
4,1,0.0,11.0,09/06/1446,
4,1,0.5,10.0,10/06/1446,
4,1,0.0,10.0,11/06/1446,
4,1,0.0,0.0,12/06/1446,
4,1,0.0,0.0,14/06/1446,
4,1,1.0,0.0,15/06/1446,
4,1,1.0,0.0,16/06/1446,
4,1,1.0,0.0,17/06/1446,
4,1,1.0,0.0,19/06/1446,
4,1,0.0,10.0,22/06/1446,
4,1,0.0,0.0,23/06/1446,
4,1,1.0,10.0,24/06/1446,
4,1,0.0,17.0,25/06/1446,
4,1,0.0,0.0,26/06/1446,
4,1,0.0,0.0,28/06/1446,
4,1,0.0,5.0,29/06/1446,
4,1,0.0,0.0,30/06/1446,
4,1,1.0,0.0,31/06/1446,
12,1,4.0,75.0,01/06/1446,
12,1,0.0,4.0,02/06/1446,
12,1,0.0,4.0,04/06/1446,
12,1,0.0,2.0,07/06/1446,
12,1,0.0,14.0,08/06/1446,
12,1,0.0,10.0,09/06/1446,
12,1,0.0,10.0,10/06/1446,
12,1,0.0,7.0,11/06/1446,
12,1,0.0,0.0,12/06/1446,
12,1,0.0,0.0,14/06/1446,
12,1,1.0,0.0,15/06/1446,
12,1,0.0,4.0,16/06/1446,
12,1,0.0,4.0,19/06/1446,
12,1,0.0,0.0,22/06/1446,
12,1,0.0,0.0,23/06/1446,
12,1,0.0,12.0,24/06/1446,
12,1,0.0,0.0,25/06/1446,
12,1,0.0,0.0,26/06/1446,
12,1,0.0,0.0,28/06/1446,
12,1,2.0,0.0,29/06/1446,
12,1,1.0,0.0,30/06/1446,
12,1,0.0,4.0,31/06/1446,
49,1,1.5,46.0,01/06/1446,
49,1,0.5,0.0,03/06/1446,
49,1,0.0,0.0,04/06/1446,
49,1,0.0,0.0,05/06/1446,
49,1,0.0,0.0,06/06/1446,
49,1,1.0,0.0,07/06/1446,
49,1,0.0,10.0,08/06/1446,
49,1,0.0,10.0,09/06/1446,
49,1,0.0,5.0,11/06/1446,
49,1,0.0,0.0,12/06/1446,
49,1,0.0,6.0,13/06/1446,
49,1,0.0,0.0,14/06/1446,
49,1,0.0,0.0,15/06/1446,
49,1,0.0,0.0,16/06/1446,
49,1,0.0,0.0,17/06/1446,
49,1,0.0,0.0,18/06/1446,
49,1,0.0,3.0,19/06/1446,
49,1,0.0,1.0,20/06/1446,
49,1,0.0,0.0,21/06/1446,
49,1,0.0,11.0,25/06/1446,
49,1,0.0,0.0,26/06/1446,
22,1,0.0,16.0,01/06/1446,
22,1,0.0,2.0,02/06/1446,
22,1,0.0,2.0,03/06/1446,
22,1,0.0,5.0,05/06/1446,
22,1,0.0,1.0,09/06/1446,
22,1,0.0,1.0,10/06/1446,
22,1,0.0,1.0,11/06/1446,
22,1,0.0,0.0,12/06/1446,
22,1,0.0,0.0,13/06/1446,
22,1,0.0,1.0,15/06/1446,
22,1,0.0,1.0,16/06/1446,
22,1,0.0,1.0,18/06/1446,
22,1,0.0,1.0,20/06/1446,
31,1,1.0,0.0,01/06/1446,
31,1,1.0,0.0,05/06/1446,
31,1,0.0,0.0,06/06/1446,
51,1,5.0,39.0,01/06/1446,
51,1,0.0,4.0,03/06/1446,
51,1,0.0,7.0,04/06/1446,
51,1,0.0,11.0,09/06/1446,
51,1,0.0,11.0,13/06/1446,
51,1,2.0,0.0,15/06/1446,
51,1,0.0,0.0,16/06/1446,
51,1,0.0,0.0,18/06/1446,
51,1,1.0,0.0,19/06/1446,
51,1,0.0,0.0,22/06/1446,
51,1,0.0,6.0,24/06/1446,
51,1,1.0,0.0,30/06/1446,
51,1,1.0,0.0,31/06/1446,
52,1,8.5,46.0,01/06/1446,
52,1,1.0,0.0,02/06/1446,
52,1,1.0,0.0,03/06/1446,
52,1,0.0,5.0,04/06/1446,
52,1,1.0,0.0,05/06/1446,
52,1,0.0,0.0,07/06/1446,
52,1,0.0,5.0,08/06/1446,
52,1,0.0,0.0,09/06/1446,
52,1,0.0,3.0,10/06/1446,
52,1,0.0,3.0,11/06/1446,
52,1,0.0,3.0,13/06/1446,
52,1,0.0,0.0,14/06/1446,
52,1,1.0,0.0,15/06/1446,
52,1,1.0,0.0,16/06/1446,
52,1,1.0,4.0,17/06/1446,
52,1,0.5,0.0,18/06/1446,
52,1,1.0,0.0,19/06/1446,
52,1,1.0,0.0,20/06/1446,
52,1,0.0,0.0,21/06/1446,
52,1,0.0,0.0,22/06/1446,
52,1,0.0,0.0,23/06/1446,
52,1,0.0,5.0,24/06/1446,
52,1,0.0,5.0,25/06/1446,
52,1,0.0,0.0,26/06/1446,
52,1,0.0,9.0,27/06/1446,
52,1,0.0,4.0,31/06/1446,
24,2,0.0,88.0,01/06/1446,
24,2,0.0,20.0,02/06/1446,
24,2,0.0,6.0,03/06/1446,
24,2,0.0,0.0,11/06/1446,
24,2,0.0,8.0,22/06/1446,
24,2,0.0,0.0,23/06/1446,
24,2,0.0,0.0,24/06/1446,
24,2,0.0,20.0,25/06/1446,
24,2,0.0,0.0,26/06/1446,
24,2,0.0,0.0,28/06/1446,
24,2,0.0,20.0,29/06/1446,
24,2,0.0,8.0,30/06/1446,
24,2,0.0,6.0,31/06/1446,
53,2,0.0,106.0,01/06/1446,
53,2,0.0,10.0,02/06/1446,
53,2,0.0,10.0,03/06/1446,
53,2,0.0,4.0,04/06/1446,
53,2,0.0,0.0,11/06/1446,
53,2,0.0,2.0,22/06/1446,
53,2,0.0,0.0,23/06/1446,
53,2,0.0,0.0,24/06/1446,
53,2,0.0,20.0,25/06/1446,
53,2,0.0,0.0,26/06/1446,
53,2,0.0,0.0,28/06/1446,
53,2,0.0,20.0,29/06/1446,
53,2,0.0,20.0,30/06/1446,
53,2,0.0,20.0,31/06/1446,
40,2,9.5,159.0,01/06/1446,
40,2,1.0,0.0,02/06/1446,
40,2,1.0,2.0,03/06/1446,
40,2,0.5,0.0,04/06/1446,
40,2,0.0,20.0,05/06/1446,
40,2,0.0,0.0,06/06/1446,
40,2,1.0,0.0,07/06/1446,
40,2,0.0,7.0,08/06/1446,
40,2,1.0,6.0,09/06/1446,
40,2,0.0,30.0,10/06/1446,
40,2,0.0,0.0,11/06/1446,
40,2,0.0,3.0,12/06/1446,
40,2,0.0,0.0,13/06/1446,
40,2,0.0,20.0,14/06/1446,
40,2,0.0,10.0,15/06/1446,
40,2,0.0,10.0,16/06/1446,
40,2,0.0,10.0,17/06/1446,
40,2,0.5,10.0,18/06/1446,
40,2,1.0,0.0,19/06/1446,
40,2,0.0,0.0,23/06/1446,
40,2,0.0,0.0,24/06/1446,
40,2,1.0,1.0,25/06/1446,
40,2,0.0,0.0,26/06/1446,
40,2,0.0,0.0,28/06/1446,
40,2,1.0,20.0,29/06/1446,
40,2,1.0,0.0,30/06/1446,
40,2,0.5,10.0,31/06/1446,
29,2,5.0,98.0,01/06/1446,
29,2,0.0,20.0,02/06/1446,
29,2,0.0,20.0,03/06/1446,
29,2,0.0,4.0,04/06/1446,
29,2,1.0,0.0,05/06/1446,
29,2,0.0,0.0,06/06/1446,
29,2,0.5,0.0,07/06/1446,
29,2,0.5,10.0,08/06/1446,
29,2,0.5,10.0,09/06/1446,
29,2,0.5,2.0,10/06/1446,
29,2,0.0,0.0,11/06/1446,
29,2,0.0,0.0,12/06/1446,
29,2,0.5,0.0,13/06/1446,
29,2,0.0,0.0,14/06/1446,
29,2,0.5,0.0,15/06/1446,
29,2,0.0,0.0,16/06/1446,
29,2,0.5,0.0,17/06/1446,
29,2,0.0,0.0,18/06/1446,
29,2,0.5,0.0,19/06/1446,
29,2,0.0,0.0,20/06/1446,
29,2,0.0,0.0,21/06/1446,
29,2,0.0,0.0,22/06/1446,
29,2,0.0,0.0,23/06/1446,
29,2,0.0,0.0,24/06/1446,
29,2,0.0,2.0,25/06/1446,
29,2,0.0,0.0,26/06/1446,
29,2,0.0,0.0,27/06/1446,
29,2,0.0,0.0,28/06/1446,
29,2,0.0,4.0,29/06/1446,
29,2,0.0,16.0,30/06/1446,
29,2,0.0,10.0,31/06/1446,
13,2,3.5,174.0,01/06/1446,
13,2,0.5,2.0,02/06/1446,
13,2,0.5,0.0,03/06/1446,
13,2,0.5,0.0,04/06/1446,
13,2,0.5,20.0,05/06/1446,
13,2,0.0,0.0,06/06/1446,
13,2,0.0,8.0,07/06/1446,
13,2,0.0,10.0,08/06/1446,
13,2,0.0,6.0,09/06/1446,
13,2,0.0,15.0,10/06/1446,
13,2,0.0,0.0,11/06/1446,
13,2,0.0,1.0,12/06/1446,
13,2,0.0,0.0,13/06/1446,
13,2,0.0,0.0,14/06/1446,
13,2,0.0,20.0,15/06/1446,
13,2,0.0,20.0,16/06/1446,
13,2,0.0,10.0,17/06/1446,
13,2,0.5,0.0,18/06/1446,
13,2,0.5,0.0,19/06/1446,
13,2,0.0,0.0,20/06/1446,
13,2,0.0,0.0,21/06/1446,
13,2,0.0,0.0,22/06/1446,
13,2,0.0,0.0,23/06/1446,
13,2,0.0,0.0,24/06/1446,
13,2,0.5,0.0,25/06/1446,
13,2,0.0,0.0,26/06/1446,
13,2,0.0,2.0,27/06/1446,
13,2,0.0,0.0,28/06/1446,
13,2,0.0,20.0,29/06/1446,
13,2,0.0,20.0,30/06/1446,
13,2,0.0,20.0,31/06/1446,
32,2,8.5,65.0,01/06/1446,
32,2,1.0,2.0,02/06/1446,
32,2,1.0,0.0,03/06/1446,
32,2,1.0,0.0,04/06/1446,
32,2,0.5,0.0,05/06/1446,
32,2,0.0,0.0,06/06/1446,
32,2,0.0,10.0,07/06/1446,
32,2,0.5,0.0,08/06/1446,
32,2,0.5,10.0,09/06/1446,
32,2,0.5,3.0,10/06/1446,
32,2,0.0,0.0,11/06/1446,
32,2,0.0,0.0,13/06/1446,
32,2,0.0,20.0,15/06/1446,
32,2,0.5,10.0,16/06/1446,
32,2,0.5,0.0,17/06/1446,
32,2,0.5,0.0,18/06/1446,
32,2,0.0,0.0,19/06/1446,
32,2,0.0,0.0,20/06/1446,
32,2,0.0,0.0,21/06/1446,
32,2,0.0,0.0,22/06/1446,
32,2,0.0,0.0,23/06/1446,
32,2,0.0,0.0,24/06/1446,
32,2,0.0,0.0,26/06/1446,
32,2,1.0,0.0,27/06/1446,
32,2,0.0,0.0,28/06/1446,
32,2,0.0,0.0,29/06/1446,
32,2,0.5,10.0,30/06/1446,
32,2,0.5,0.0,31/06/1446,
50,2,10.5,101.0,01/06/1446,
50,2,1.0,1.0,02/06/1446,
50,2,0.5,0.0,03/06/1446,
50,2,0.5,0.0,04/06/1446,
50,2,0.5,3.0,05/06/1446,
50,2,0.0,0.0,06/06/1446,
50,2,0.0,10.0,07/06/1446,
50,2,0.5,4.0,08/06/1446,
50,2,0.5,10.0,09/06/1446,
50,2,0.5,3.0,10/06/1446,
50,2,0.0,0.0,11/06/1446,
50,2,4.0,0.0,13/06/1446,
50,2,0.0,0.0,14/06/1446,
50,2,0.0,8.0,15/06/1446,
50,2,0.0,20.0,16/06/1446,
50,2,0.5,0.0,17/06/1446,
50,2,0.5,10.0,18/06/1446,
50,2,0.0,0.0,20/06/1446,
50,2,0.0,0.0,21/06/1446,
50,2,0.0,0.0,22/06/1446,
50,2,0.0,0.0,23/06/1446,
50,2,0.0,0.0,24/06/1446,
50,2,0.5,0.0,25/06/1446,
50,2,0.0,0.0,26/06/1446,
50,2,0.0,2.0,27/06/1446,
50,2,0.0,10.0,28/06/1446,
50,2,0.0,10.0,29/06/1446,
50,2,0.5,10.0,30/06/1446,
50,2,0.5,0.0,31/06/1446,
2,2,4.5,51.0,01/06/1446,
2,2,0.5,0.0,02/06/1446,
2,2,0.5,0.0,03/06/1446,
2,2,0.0,3.0,04/06/1446,
2,2,0.0,1.0,05/06/1446,
2,2,0.0,0.0,07/06/1446,
2,2,0.0,2.0,08/06/1446,
2,2,0.0,2.0,09/06/1446,
2,2,3.0,0.0,13/06/1446,
2,2,0.0,0.0,14/06/1446,
2,2,0.5,2.0,15/06/1446,
2,2,0.0,5.0,16/06/1446,
2,2,0.0,5.0,17/06/1446,
2,2,0.0,10.0,18/06/1446,
2,2,0.0,0.0,20/06/1446,
2,2,0.0,0.0,21/06/1446,
2,2,0.0,0.0,22/06/1446,
2,2,0.0,0.0,23/06/1446,
2,2,0.0,0.0,24/06/1446,
2,2,0.0,6.0,25/06/1446,
2,2,0.0,0.0,26/06/1446,
2,2,0.0,3.0,27/06/1446,
2,2,0.0,0.0,28/06/1446,
2,2,0.0,6.0,29/06/1446,
2,2,0.0,6.0,30/06/1446,
56,2,2.0,56.0,01/06/1446,
56,2,0.5,0.0,02/06/1446,
56,2,0.5,0.0,03/06/1446,
56,2,0.0,0.0,04/06/1446,
56,2,0.0,1.0,05/06/1446,
56,2,0.0,0.0,06/06/1446,
56,2,0.0,2.0,07/06/1446,
56,2,0.0,2.0,08/06/1446,
56,2,0.0,2.0,09/06/1446,
56,2,0.5,0.0,10/06/1446,
56,2,0.0,0.0,11/06/1446,
56,2,0.0,0.0,12/06/1446,
56,2,0.0,5.0,14/06/1446,
56,2,0.0,6.0,15/06/1446,
56,2,0.0,10.0,16/06/1446,
56,2,0.0,10.0,17/06/1446,
56,2,0.0,5.0,18/06/1446,
56,2,0.0,0.0,20/06/1446,
56,2,0.0,0.0,21/06/1446,
56,2,0.0,0.0,22/06/1446,
56,2,0.0,0.0,23/06/1446,
56,2,0.0,0.0,24/06/1446,
56,2,0.5,0.0,25/06/1446,
56,2,0.0,0.0,26/06/1446,
56,2,0.0,0.0,27/06/1446,
56,2,0.0,0.0,28/06/1446,
56,2,0.0,0.0,29/06/1446,
56,2,0.0,3.0,30/06/1446,
56,2,0.0,10.0,31/06/1446,
55,2,1.0,9.0,01/06/1446,
55,2,0.0,4.0,02/06/1446,
55,2,0.0,5.0,04/06/1446,
55,2,0.0,0.0,24/06/1446,
55,2,0.0,0.0,25/06/1446,
55,2,0.0,0.0,28/06/1446,
55,2,0.5,0.0,30/06/1446,
55,2,0.5,0.0,31/06/1446,
35,2,3.0,53.5,01/06/1446,
35,2,0.5,0.0,02/06/1446,
35,2,0.5,2.0,03/06/1446,
35,2,0.5,0.0,04/06/1446,
35,2,0.5,0.0,05/06/1446,
35,2,0.0,0.0,06/06/1446,
35,2,0.5,0.0,07/06/1446,
35,2,0.0,0.0,08/06/1446,
35,2,0.0,6.0,09/06/1446,
35,2,0.5,0.0,10/06/1446,
35,2,0.0,0.0,11/06/1446,
35,2,0.0,0.0,12/06/1446,
35,2,0.0,8.0,13/06/1446,
35,2,0.0,6.0,14/06/1446,
35,2,0.0,5.0,15/06/1446,
35,2,0.0,2.0,16/06/1446,
35,2,0.0,8.0,17/06/1446,
35,2,0.0,2.0,18/06/1446,
35,2,0.0,0.0,19/06/1446,
35,2,0.0,0.0,20/06/1446,
35,2,0.0,0.0,21/06/1446,
35,2,0.0,0.0,22/06/1446,
35,2,0.0,0.0,23/06/1446,
35,2,0.0,0.0,25/06/1446,
35,2,0.0,0.0,26/06/1446,
35,2,0.0,0.5,27/06/1446,
35,2,0.0,0.0,28/06/1446,
35,2,0.0,0.0,29/06/1446,
35,2,0.0,8.0,30/06/1446,
35,2,0.0,6.0,31/06/1446,
7,2,0.0,15.0,01/06/1446,
7,2,0.0,4.0,02/06/1446,
7,2,0.0,6.0,03/06/1446,
7,2,0.0,0.0,04/06/1446,
7,2,0.0,5.0,05/06/1446,
7,2,0.0,0.0,06/06/1446,
15,2,1.0,26.0,01/06/1446,
15,2,0.0,4.0,03/06/1446,
15,2,0.0,10.0,04/06/1446,
15,2,0.0,1.0,05/06/1446,
15,2,0.0,0.0,06/06/1446,
15,2,0.0,4.0,07/06/1446,
15,2,0.0,2.0,08/06/1446,
15,2,0.5,0.0,09/06/1446,
15,2,0.5,0.0,10/06/1446,
15,2,0.0,0.0,11/06/1446,
15,2,0.0,0.0,12/06/1446,
15,2,0.0,0.0,13/06/1446,
15,2,0.0,0.0,14/06/1446,
15,2,0.0,0.0,15/06/1446,
15,2,0.0,0.0,16/06/1446,
15,2,0.0,0.0,18/06/1446,
15,2,0.0,0.0,19/06/1446,
15,2,0.0,0.0,20/06/1446,
15,2,0.0,0.0,28/06/1446,
15,2,0.0,0.0,29/06/1446,
15,2,0.0,3.0,30/06/1446,
15,2,0.0,2.0,31/06/1446,
46,2,0.0,0.0,01/06/1446,
46,2,0.0,0.0,04/06/1446,
46,2,0.0,0.0,17/06/1446,
33,2,2.5,60.0,01/06/1446,
33,2,0.0,0.0,02/06/1446,
33,2,0.0,5.0,03/06/1446,
33,2,0.0,0.0,07/06/1446,
33,2,0.0,10.0,08/06/1446,
33,2,0.0,20.0,09/06/1446,
33,2,0.0,4.0,10/06/1446,
33,2,0.0,0.0,11/06/1446,
33,2,0.0,0.0,12/06/1446,
33,2,0.0,2.0,13/06/1446,
33,2,0.5,0.0,14/06/1446,
33,2,0.5,0.0,15/06/1446,
33,2,0.0,1.0,16/06/1446,
33,2,0.0,0.0,17/06/1446,
33,2,0.0,0.0,18/06/1446,
33,2,0.5,0.0,19/06/1446,
33,2,0.5,0.0,20/06/1446,
33,2,0.0,0.0,21/06/1446,
33,2,0.0,0.0,22/06/1446,
33,2,0.0,0.0,23/06/1446,
33,2,0.0,0.0,24/06/1446,
33,2,0.0,2.0,25/06/1446,
33,2,0.0,0.0,26/06/1446,
33,2,0.5,0.0,27/06/1446,
33,2,0.0,0.0,28/06/1446,
33,2,0.0,6.0,29/06/1446,
33,2,0.0,10.0,30/06/1446,
1,2,0.0,4.0,01/06/1446,
1,2,0.0,0.0,08/06/1446,
1,2,0.0,0.0,09/06/1446,
1,2,0.0,4.0,10/06/1446,
1,2,0.0,0.0,11/06/1446,
11,2,1.5,36.0,01/06/1446,
11,2,0.5,2.0,02/06/1446,
11,2,0.5,0.0,03/06/1446,
11,2,0.0,0.0,04/06/1446,
11,2,0.0,2.0,05/06/1446,
11,2,0.0,0.0,06/06/1446,
11,2,0.0,0.0,07/06/1446,
11,2,0.5,0.0,08/06/1446,
11,2,0.0,2.0,09/06/1446,
11,2,0.0,0.0,10/06/1446,
11,2,0.0,0.0,11/06/1446,
11,2,0.0,0.0,12/06/1446,
11,2,0.0,0.0,13/06/1446,
11,2,0.0,0.0,14/06/1446,
11,2,0.0,0.0,15/06/1446,
11,2,0.0,0.0,16/06/1446,
11,2,0.0,0.0,18/06/1446,
11,2,0.0,0.0,20/06/1446,
11,2,0.0,0.0,21/06/1446,
11,2,0.0,0.0,23/06/1446,
11,2,0.0,0.0,24/06/1446,
11,2,0.0,0.0,25/06/1446,
11,2,0.0,0.0,26/06/1446,
11,2,0.0,1.0,27/06/1446,
11,2,0.0,0.0,28/06/1446,
11,2,0.0,1.0,29/06/1446,
11,2,0.0,20.0,30/06/1446,
11,2,0.0,8.0,31/06/1446,
37,2,2.5,38.0,01/06/1446,
37,2,1.0,0.0,02/06/1446,
37,2,0.5,0.0,03/06/1446,
37,2,0.0,8.0,04/06/1446,
37,2,0.0,0.0,05/06/1446,
37,2,0.0,0.0,06/06/1446,
37,2,0.0,0.0,07/06/1446,
37,2,0.0,2.0,08/06/1446,
37,2,0.0,2.0,09/06/1446,
37,2,0.0,4.0,10/06/1446,
37,2,0.0,0.0,11/06/1446,
37,2,0.0,0.0,12/06/1446,
37,2,0.0,0.0,13/06/1446,
37,2,0.0,2.0,14/06/1446,
37,2,0.0,4.0,15/06/1446,
37,2,0.0,2.0,16/06/1446,
37,2,0.0,1.0,17/06/1446,
37,2,0.0,0.0,18/06/1446,
37,2,0.0,2.0,19/06/1446,
37,2,0.0,0.0,20/06/1446,
37,2,0.0,0.0,21/06/1446,
37,2,0.0,0.0,22/06/1446,
37,2,0.0,0.0,23/06/1446,
37,2,0.0,0.0,24/06/1446,
37,2,0.0,5.0,25/06/1446,
37,2,0.0,0.0,26/06/1446,
37,2,0.0,1.0,27/06/1446,
37,2,0.0,0.0,28/06/1446,
37,2,1.0,0.0,29/06/1446,
37,2,0.0,2.0,30/06/1446,
37,2,0.0,3.0,31/06/1446,
41,2,0.0,0.0,01/06/1446,
47,2,1.0,7.0,01/06/1446,
47,2,0.5,0.0,02/06/1446,
47,2,0.0,0.0,03/06/1446,
47,2,0.5,0.0,05/06/1446,
47,2,0.0,0.0,06/06/1446,
47,2,0.0,0.0,07/06/1446,
47,2,0.0,0.0,11/06/1446,
47,2,0.0,0.0,17/06/1446,
47,2,0.0,5.0,18/06/1446,
47,2,0.0,0.0,22/06/1446,
47,2,0.0,0.0,23/06/1446,
47,2,0.0,0.0,24/06/1446,
47,2,0.0,0.0,25/06/1446,
47,2,0.0,0.0,26/06/1446,
47,2,0.0,0.0,27/06/1446,
47,2,0.0,2.0,30/06/1446,
39,2,0.0,18.0,01/06/1446,
39,2,0.0,0.0,02/06/1446,
39,2,0.0,0.0,05/06/1446,
39,2,0.0,0.0,06/06/1446,
39,2,0.0,0.0,07/06/1446,
39,2,0.0,2.0,08/06/1446,
39,2,0.0,0.0,09/06/1446,
39,2,0.0,2.0,10/06/1446,
39,2,0.0,0.0,11/06/1446,
39,2,0.0,0.0,13/06/1446,
39,2,0.0,2.0,15/06/1446,
39,2,0.0,0.0,17/06/1446,
39,2,0.0,3.0,18/06/1446,
39,2,0.0,0.0,19/06/1446,
39,2,0.0,0.0,20/06/1446,
39,2,0.0,0.0,21/06/1446,
39,2,0.0,0.0,24/06/1446,
39,2,0.0,0.0,28/06/1446,
39,2,0.0,6.0,29/06/1446,
39,2,0.0,1.0,30/06/1446,
39,2,0.0,2.0,31/06/1446,
44,2,1.5,42.0,01/06/1446,
44,2,0.0,4.0,02/06/1446,
44,2,0.5,0.0,03/06/1446,
44,2,0.0,0.0,04/06/1446,
44,2,0.0,0.0,05/06/1446,
44,2,0.0,0.0,06/06/1446,
44,2,0.5,0.0,07/06/1446,
44,2,0.5,0.0,08/06/1446,
44,2,0.0,0.0,09/06/1446,
44,2,0.0,2.0,10/06/1446,
44,2,0.0,0.0,11/06/1446,
44,2,0.0,2.0,12/06/1446,
44,2,0.0,0.0,13/06/1446,
44,2,0.0,0.0,14/06/1446,
44,2,0.0,0.0,15/06/1446,
44,2,0.0,0.0,16/06/1446,
44,2,0.0,0.0,17/06/1446,
44,2,0.0,2.0,18/06/1446,
44,2,0.0,0.0,20/06/1446,
44,2,0.0,1.0,21/06/1446,
44,2,0.0,0.0,22/06/1446,
44,2,0.0,0.0,23/06/1446,
44,2,0.0,0.0,24/06/1446,
44,2,0.0,5.0,25/06/1446,
44,2,0.0,0.0,26/06/1446,
44,2,0.0,0.0,28/06/1446,
44,2,0.0,3.0,29/06/1446,
44,2,0.0,8.0,30/06/1446,
44,2,0.0,15.0,31/06/1446,
6,2,2.5,23.0,01/06/1446,
6,2,0.0,0.0,02/06/1446,
6,2,0.0,0.0,03/06/1446,
6,2,0.0,8.0,04/06/1446,
6,2,0.0,5.0,05/06/1446,
6,2,1.0,0.0,07/06/1446,
6,2,1.0,0.0,08/06/1446,
6,2,0.5,0.0,09/06/1446,
6,2,0.0,0.0,11/06/1446,
6,2,0.0,0.0,14/06/1446,
6,2,0.0,0.0,17/06/1446,
6,2,0.0,0.0,18/06/1446,
6,2,0.0,10.0,25/06/1446,
43,2,0.0,5.0,01/06/1446,
43,2,0.0,0.0,24/06/1446,
43,2,0.0,5.0,25/06/1446,
43,2,0.0,0.0,30/06/1446,
48,2,0.5,41.0,01/06/1446,
48,2,0.5,0.0,02/06/1446,
48,2,0.0,3.0,03/06/1446,
48,2,0.0,2.0,04/06/1446,
48,2,0.0,2.0,05/06/1446,
48,2,0.0,4.0,07/06/1446,
48,2,0.0,3.0,08/06/1446,
48,2,0.0,2.0,09/06/1446,
48,2,0.0,2.0,10/06/1446,
48,2,0.0,0.0,14/06/1446,
48,2,0.0,2.0,15/06/1446,
48,2,0.0,4.0,16/06/1446,
48,2,0.0,2.0,17/06/1446,
48,2,0.0,2.0,18/06/1446,
48,2,0.0,0.0,19/06/1446,
48,2,0.0,0.0,21/06/1446,
48,2,0.0,0.0,22/06/1446,
48,2,0.0,0.0,23/06/1446,
48,2,0.0,0.0,24/06/1446,
48,2,0.0,3.0,25/06/1446,
48,2,0.0,0.0,26/06/1446,
48,2,0.0,2.0,27/06/1446,
48,2,0.0,0.0,28/06/1446,
48,2,0.0,8.0,30/06/1446,
38,2,0.0,21.0,01/06/1446,
38,2,0.0,8.0,09/06/1446,
38,2,0.0,5.0,16/06/1446,
38,2,0.0,8.0,25/06/1446,
16,2,4.0,33.5,01/06/1446,
16,2,0.0,0.0,02/06/1446,
16,2,0.5,0.0,03/06/1446,
16,2,0.0,0.0,04/06/1446,
16,2,0.5,0.0,05/06/1446,
16,2,0.0,0.0,07/06/1446,
16,2,0.0,0.0,08/06/1446,
16,2,0.5,0.0,09/06/1446,
16,2,0.5,0.0,10/06/1446,
16,2,0.0,0.0,11/06/1446,
16,2,0.0,0.5,12/06/1446,
16,2,0.0,0.0,13/06/1446,
16,2,0.0,2.0,14/06/1446,
16,2,0.5,0.0,15/06/1446,
16,2,0.5,0.0,16/06/1446,
16,2,0.5,0.0,17/06/1446,
16,2,0.0,1.0,18/06/1446,
16,2,0.5,0.0,19/06/1446,
16,2,0.0,0.0,20/06/1446,
16,2,0.0,0.0,21/06/1446,
16,2,0.0,0.0,22/06/1446,
16,2,0.0,0.0,23/06/1446,
16,2,0.0,0.0,24/06/1446,
16,2,0.0,2.0,25/06/1446,
16,2,0.0,0.0,26/06/1446,
16,2,0.0,2.0,27/06/1446,
16,2,0.0,0.0,28/06/1446,
16,2,0.0,6.0,29/06/1446,
16,2,0.0,10.0,30/06/1446,
16,2,0.0,10.0,31/06/1446,
42,2,0.0,0.0,01/06/1446,
19,2,0.0,0.0,01/06/1446,
54,2,3.0,7.0,01/06/1446,
54,2,0.0,2.0,03/06/1446,
54,2,0.0,2.0,04/06/1446,
54,2,0.5,0.0,05/06/1446,
54,2,0.0,1.0,08/06/1446,
54,2,2.0,2.0,09/06/1446,
54,2,0.0,0.0,11/06/1446,
54,2,0.5,0.0,25/06/1446,
21,2,0.0,6.0,01/06/1446,
21,2,0.0,0.0,02/06/1446,
21,2,0.0,0.0,05/06/1446,
21,2,0.0,0.0,06/06/1446,
21,2,0.0,0.0,07/06/1446,
21,2,0.0,0.0,08/06/1446,
21,2,0.0,2.0,09/06/1446,
21,2,0.0,0.0,10/06/1446,
21,2,0.0,0.0,11/06/1446,
21,2,0.0,0.0,16/06/1446,
21,2,0.0,2.0,18/06/1446,
21,2,0.0,2.0,19/06/1446,
21,2,0.0,0.0,21/06/1446,
21,2,0.0,0.0,22/06/1446,
21,2,0.0,0.0,23/06/1446,
21,2,0.0,0.0,24/06/1446,
21,2,0.0,0.0,25/06/1446,
21,2,0.0,0.0,26/06/1446,
21,2,0.0,0.0,28/06/1446,
21,2,0.0,0.0,29/06/1446,
21,2,0.0,0.0,30/06/1446,
21,2,0.0,0.0,31/06/1446,
8,1,8.0,93.0,01/07/1446,
8,1,0.0,0.0,02/07/1446,
8,1,0.0,0.0,05/07/1446,
8,1,0.0,20.0,06/07/1446,
8,1,0.0,7.0,07/07/1446,
8,1,0.0,10.0,08/07/1446,
8,1,0.0,0.0,10/07/1446,
8,1,0.0,0.0,12/07/1446,
8,1,0.0,3.0,13/07/1446,
8,1,0.0,6.0,14/07/1446,
8,1,0.0,6.0,15/07/1446,
8,1,2.0,0.0,16/07/1446,
8,1,0.0,0.0,19/07/1446,
8,1,2.0,5.0,20/07/1446,
8,1,0.0,0.0,21/07/1446,
8,1,0.0,5.0,22/07/1446,
8,1,0.0,12.0,23/07/1446,
8,1,0.0,14.0,24/07/1446,
8,1,1.0,0.0,26/07/1446,
8,1,0.0,0.0,28/07/1446,
8,1,0.0,0.0,29/07/1446,
8,1,1.0,5.0,30/07/1446,
8,1,2.0,0.0,31/07/1446,
9,1,0.0,76.0,01/07/1446,
9,1,0.0,0.0,02/07/1446,
9,1,0.0,2.0,03/07/1446,
9,1,0.0,3.0,04/07/1446,
9,1,0.0,0.0,05/07/1446,
9,1,0.0,10.0,06/07/1446,
9,1,0.0,0.0,07/07/1446,
9,1,0.0,0.0,08/07/1446,
9,1,0.0,3.0,09/07/1446,
9,1,0.0,16.0,11/07/1446,
9,1,0.0,0.0,12/07/1446,
9,1,0.0,5.0,13/07/1446,
9,1,0.0,6.0,14/07/1446,
9,1,0.0,6.0,15/07/1446,
9,1,0.0,5.0,16/07/1446,
9,1,0.0,0.0,19/07/1446,
9,1,0.0,0.0,20/07/1446,
9,1,0.0,0.0,21/07/1446,
9,1,0.0,5.0,22/07/1446,
9,1,0.0,3.0,23/07/1446,
9,1,0.0,10.0,24/07/1446,
9,1,0.0,2.0,26/07/1446,
9,1,0.0,0.0,27/07/1446,
9,1,0.0,0.0,28/07/1446,
9,1,0.0,0.0,30/07/1446,
9,1,0.0,0.0,31/07/1446,
17,1,18.0,140.0,01/07/1446,
17,1,1.0,0.0,02/07/1446,
17,1,2.0,0.0,03/07/1446,
17,1,0.0,5.0,04/07/1446,
17,1,1.0,0.0,05/07/1446,
17,1,0.0,10.0,06/07/1446,
17,1,1.0,11.0,07/07/1446,
17,1,0.0,18.0,08/07/1446,
17,1,0.0,10.0,09/07/1446,
17,1,0.0,0.0,10/07/1446,
17,1,1.0,8.0,11/07/1446,
17,1,0.0,0.0,12/07/1446,
17,1,2.0,0.0,13/07/1446,
17,1,1.0,0.0,14/07/1446,
17,1,1.0,0.0,15/07/1446,
17,1,0.0,5.0,17/07/1446,
17,1,0.0,0.0,18/07/1446,
17,1,0.0,0.0,19/07/1446,
17,1,0.0,15.0,20/07/1446,
17,1,0.0,0.0,21/07/1446,
17,1,0.0,10.0,22/07/1446,
17,1,1.0,8.0,23/07/1446,
17,1,0.0,10.0,24/07/1446,
17,1,1.0,10.0,25/07/1446,
17,1,2.0,0.0,26/07/1446,
17,1,1.0,5.0,27/07/1446,
17,1,0.0,0.0,28/07/1446,
17,1,0.0,10.0,29/07/1446,
17,1,1.0,5.0,30/07/1446,
17,1,2.0,0.0,31/07/1446,
36,1,6.0,58.0,01/07/1446,
36,1,0.5,2.0,02/07/1446,
36,1,0.5,0.0,03/07/1446,
36,1,0.5,0.0,04/07/1446,
36,1,0.0,0.0,05/07/1446,
36,1,0.5,5.0,06/07/1446,
36,1,0.5,7.0,07/07/1446,
36,1,0.0,5.0,08/07/1446,
36,1,0.0,5.0,09/07/1446,
36,1,0.0,0.0,10/07/1446,
36,1,0.0,10.0,11/07/1446,
36,1,0.0,0.0,12/07/1446,
36,1,0.0,2.0,13/07/1446,
36,1,0.0,0.0,19/07/1446,
36,1,0.0,15.0,20/07/1446,
36,1,0.0,0.0,21/07/1446,
36,1,0.0,1.0,22/07/1446,
36,1,0.0,6.0,23/07/1446,
36,1,1.0,0.0,26/07/1446,
36,1,0.5,0.0,27/07/1446,
36,1,0.0,0.0,28/07/1446,
36,1,1.0,0.0,29/07/1446,
36,1,0.5,0.0,30/07/1446,
36,1,0.5,0.0,31/07/1446,
23,1,5.0,63.0,01/07/1446,
23,1,0.0,0.0,02/07/1446,
23,1,1.0,0.0,03/07/1446,
23,1,1.0,0.0,04/07/1446,
23,1,0.0,0.0,05/07/1446,
23,1,0.0,0.0,06/07/1446,
23,1,0.0,16.0,08/07/1446,
23,1,0.0,0.0,10/07/1446,
23,1,0.0,10.0,11/07/1446,
23,1,0.0,0.0,12/07/1446,
23,1,1.0,0.0,14/07/1446,
23,1,1.0,0.0,15/07/1446,
23,1,1.0,0.0,16/07/1446,
23,1,0.0,1.0,17/07/1446,
23,1,0.0,0.0,18/07/1446,
23,1,0.0,9.0,20/07/1446,
23,1,0.0,6.0,22/07/1446,
23,1,0.0,7.0,23/07/1446,
23,1,0.0,7.0,24/07/1446,
23,1,0.0,0.0,26/07/1446,
23,1,0.0,0.0,27/07/1446,
23,1,0.0,0.0,28/07/1446,
23,1,0.0,4.0,29/07/1446,
23,1,0.0,3.0,30/07/1446,
23,1,0.0,0.0,31/07/1446,
3,1,4.0,82.0,01/07/1446,
3,1,0.0,0.0,02/07/1446,
3,1,0.0,4.0,03/07/1446,
3,1,0.0,5.0,04/07/1446,
3,1,0.0,0.0,05/07/1446,
3,1,0.0,3.0,06/07/1446,
3,1,0.0,2.0,07/07/1446,
3,1,0.0,5.0,08/07/1446,
3,1,0.0,8.0,09/07/1446,
3,1,0.0,0.0,10/07/1446,
3,1,0.0,11.0,11/07/1446,
3,1,0.0,0.0,12/07/1446,
3,1,0.0,5.0,14/07/1446,
3,1,0.0,0.0,15/07/1446,
3,1,0.5,0.0,16/07/1446,
3,1,0.5,0.0,17/07/1446,
3,1,0.0,0.0,18/07/1446,
3,1,0.0,0.0,19/07/1446,
3,1,0.0,10.0,20/07/1446,
3,1,0.0,0.0,21/07/1446,
3,1,0.0,5.0,22/07/1446,
3,1,0.0,3.0,23/07/1446,
3,1,0.0,4.0,24/07/1446,
3,1,0.0,10.0,25/07/1446,
3,1,1.0,0.0,26/07/1446,
3,1,2.0,0.0,27/07/1446,
3,1,0.0,0.0,28/07/1446,
3,1,0.0,2.0,29/07/1446,
3,1,0.0,5.0,31/07/1446,
4,1,12.0,65.0,01/07/1446,
4,1,1.0,0.0,02/07/1446,
4,1,1.0,0.0,03/07/1446,
4,1,0.0,0.0,05/07/1446,
4,1,0.0,10.0,06/07/1446,
4,1,1.0,9.0,07/07/1446,
4,1,0.0,0.0,08/07/1446,
4,1,1.0,8.0,09/07/1446,
4,1,0.0,0.0,10/07/1446,
4,1,2.0,0.0,14/07/1446,
4,1,0.0,8.0,15/07/1446,
4,1,0.0,4.0,16/07/1446,
4,1,1.0,0.0,17/07/1446,
4,1,0.0,0.0,19/07/1446,
4,1,0.0,5.0,20/07/1446,
4,1,0.0,0.0,21/07/1446,
4,1,0.0,4.0,22/07/1446,
4,1,1.0,7.0,23/07/1446,
4,1,0.0,10.0,24/07/1446,
4,1,1.0,0.0,26/07/1446,
4,1,1.0,0.0,27/07/1446,
4,1,0.0,0.0,28/07/1446,
4,1,1.0,0.0,29/07/1446,
4,1,1.0,0.0,31/07/1446,
12,1,4.5,92.0,01/07/1446,
12,1,0.0,0.0,02/07/1446,
12,1,1.0,0.0,03/07/1446,
12,1,0.0,0.0,05/07/1446,
12,1,0.0,16.0,06/07/1446,
12,1,0.0,26.0,07/07/1446,
12,1,0.0,5.0,09/07/1446,
12,1,0.0,0.0,10/07/1446,
12,1,0.5,0.0,14/07/1446,
12,1,0.5,0.0,16/07/1446,
12,1,0.0,0.0,17/07/1446,
12,1,0.0,0.0,19/07/1446,
12,1,0.0,11.0,20/07/1446,
12,1,0.0,5.0,22/07/1446,
12,1,0.0,12.0,23/07/1446,
12,1,0.0,14.0,24/07/1446,
12,1,0.0,0.0,26/07/1446,
12,1,0.0,3.0,27/07/1446,
12,1,1.0,0.0,29/07/1446,
12,1,0.5,0.0,30/07/1446,
12,1,1.0,0.0,31/07/1446,
49,1,0.0,8.0,01/07/1446,
49,1,0.0,0.0,09/07/1446,
49,1,0.0,8.0,11/07/1446,
49,1,0.0,0.0,17/07/1446,
49,1,0.0,0.0,18/07/1446,
49,1,0.0,0.0,21/07/1446,
49,1,0.0,0.0,22/07/1446,
49,1,0.0,0.0,31/07/1446,
22,1,0.0,9.0,01/07/1446,
22,1,0.0,1.0,07/07/1446,
22,1,0.0,1.0,08/07/1446,
22,1,0.0,1.0,09/07/1446,
22,1,0.0,0.0,10/07/1446,
22,1,0.0,1.0,11/07/1446,
22,1,0.0,1.0,12/07/1446,
22,1,0.0,1.0,14/07/1446,
22,1,0.0,1.0,15/07/1446,
22,1,0.0,0.0,25/07/1446,
22,1,0.0,0.0,26/07/1446,
22,1,0.0,1.0,27/07/1446,
22,1,0.0,1.0,28/07/1446,
22,1,0.0,0.0,29/07/1446,
31,1,0.0,0.0,01/07/1446,
51,1,5.0,51.0,01/07/1446,
51,1,0.0,0.0,02/07/1446,
51,1,0.0,10.0,04/07/1446,
51,1,0.0,5.0,06/07/1446,
51,1,0.0,0.0,07/07/1446,
51,1,0.0,6.0,08/07/1446,
51,1,0.0,0.0,10/07/1446,
51,1,1.0,0.0,16/07/1446,
51,1,1.0,0.0,17/07/1446,
51,1,0.0,0.0,18/07/1446,
51,1,0.0,0.0,19/07/1446,
51,1,0.0,0.0,21/07/1446,
51,1,0.0,11.0,23/07/1446,
51,1,0.0,11.0,24/07/1446,
51,1,0.0,0.0,25/07/1446,
51,1,0.0,8.0,27/07/1446,
51,1,1.0,0.0,29/07/1446,
51,1,1.0,0.0,30/07/1446,
51,1,1.0,0.0,31/07/1446,
52,1,4.5,40.0,01/07/1446,
52,1,0.0,0.0,02/07/1446,
52,1,1.0,0.0,03/07/1446,
52,1,1.0,0.0,04/07/1446,
52,1,0.0,0.0,05/07/1446,
52,1,0.0,5.0,06/07/1446,
52,1,0.0,5.0,07/07/1446,
52,1,0.0,2.0,08/07/1446,
52,1,0.0,0.0,10/07/1446,
52,1,0.0,10.0,11/07/1446,
52,1,0.0,0.0,12/07/1446,
52,1,0.0,1.0,13/07/1446,
52,1,0.5,0.0,14/07/1446,
52,1,0.0,4.0,15/07/1446,
52,1,1.0,0.0,16/07/1446,
52,1,1.0,0.0,17/07/1446,
52,1,0.0,0.0,18/07/1446,
52,1,0.0,0.0,19/07/1446,
52,1,0.0,3.0,20/07/1446,
52,1,0.0,0.0,21/07/1446,
52,1,0.0,5.0,22/07/1446,
52,1,0.0,5.0,23/07/1446,
52,1,0.0,0.0,28/07/1446,
24,2,15.5,45.0,01/07/1446,
24,2,0.0,0.0,02/07/1446,
24,2,2.0,0.0,03/07/1446,
24,2,0.0,6.0,04/07/1446,
24,2,0.0,0.0,05/07/1446,
24,2,2.0,5.0,06/07/1446,
24,2,0.5,0.0,07/07/1446,
24,2,2.0,5.0,08/07/1446,
24,2,2.0,10.0,09/07/1446,
24,2,1.0,5.0,10/07/1446,
24,2,0.0,0.0,11/07/1446,
24,2,0.0,0.0,12/07/1446,
24,2,2.0,0.0,13/07/1446,
24,2,2.0,0.0,14/07/1446,
24,2,1.0,0.0,15/07/1446,
24,2,1.0,0.0,16/07/1446,
24,2,0.0,0.0,18/07/1446,
24,2,0.0,0.0,19/07/1446,
24,2,0.0,6.0,20/07/1446,
24,2,0.0,0.0,21/07/1446,
24,2,0.0,4.0,22/07/1446,
24,2,0.0,4.0,23/07/1446,
24,2,0.0,0.0,24/07/1446,
24,2,0.0,0.0,25/07/1446,
24,2,0.0,0.0,26/07/1446,
53,2,3.5,85.0,01/07/1446,
53,2,0.0,0.0,02/07/1446,
53,2,0.0,6.0,03/07/1446,
53,2,1.0,0.0,04/07/1446,
53,2,0.0,0.0,05/07/1446,
53,2,0.0,1.0,06/07/1446,
53,2,0.5,2.0,07/07/1446,
53,2,0.5,0.0,08/07/1446,
53,2,0.5,0.0,09/07/1446,
53,2,0.0,0.0,10/07/1446,
53,2,0.0,0.0,11/07/1446,
53,2,0.0,0.0,12/07/1446,
53,2,0.0,20.0,13/07/1446,
53,2,0.0,20.0,14/07/1446,
53,2,0.0,20.0,15/07/1446,
53,2,0.0,1.0,16/07/1446,
53,2,1.0,0.0,17/07/1446,
53,2,0.0,0.0,18/07/1446,
53,2,0.0,0.0,19/07/1446,
53,2,0.0,2.0,20/07/1446,
53,2,0.0,0.0,21/07/1446,
53,2,0.0,4.0,22/07/1446,
53,2,0.0,4.0,23/07/1446,
53,2,0.0,0.0,24/07/1446,
53,2,0.0,5.0,25/07/1446,
53,2,0.0,0.0,26/07/1446,
40,2,5.5,224.0,01/07/1446,
40,2,0.0,0.0,02/07/1446,
40,2,0.5,6.0,03/07/1446,
40,2,0.0,6.0,04/07/1446,
40,2,0.0,0.0,05/07/1446,
40,2,0.5,20.0,06/07/1446,
40,2,0.5,0.0,07/07/1446,
40,2,0.5,0.0,08/07/1446,
40,2,0.5,0.0,09/07/1446,
40,2,0.0,0.0,10/07/1446,
40,2,0.0,0.0,11/07/1446,
40,2,0.0,0.0,12/07/1446,
40,2,0.5,20.0,13/07/1446,
40,2,0.0,20.0,14/07/1446,
40,2,0.0,10.0,15/07/1446,
40,2,1.0,0.0,16/07/1446,
40,2,0.0,30.0,17/07/1446,
40,2,0.0,0.0,18/07/1446,
40,2,0.0,0.0,19/07/1446,
40,2,0.0,4.0,20/07/1446,
40,2,0.0,0.0,21/07/1446,
40,2,0.0,6.0,22/07/1446,
40,2,0.0,10.0,23/07/1446,
40,2,0.0,0.0,24/07/1446,
40,2,0.0,10.0,25/07/1446,
40,2,0.0,0.0,26/07/1446,
40,2,0.0,32.0,27/07/1446,
40,2,0.0,45.0,28/07/1446,
40,2,1.0,0.0,29/07/1446,
40,2,0.5,5.0,30/07/1446,
40,2,0.0,0.0,31/07/1446,
29,2,2.0,110.0,01/07/1446,
29,2,0.0,0.0,02/07/1446,
29,2,0.0,2.0,03/07/1446,
29,2,0.5,0.0,04/07/1446,
29,2,0.0,0.0,05/07/1446,
29,2,0.5,4.0,06/07/1446,
29,2,0.0,4.0,07/07/1446,
29,2,0.5,0.0,08/07/1446,
29,2,0.5,0.0,09/07/1446,
29,2,0.0,0.0,10/07/1446,
29,2,0.0,0.0,11/07/1446,
29,2,0.0,0.0,12/07/1446,
29,2,0.0,6.0,13/07/1446,
29,2,0.0,10.0,14/07/1446,
29,2,0.0,6.0,15/07/1446,
29,2,0.0,4.0,16/07/1446,
29,2,0.0,20.0,17/07/1446,
29,2,0.0,0.0,18/07/1446,
29,2,0.0,0.0,19/07/1446,
29,2,0.0,20.0,20/07/1446,
29,2,0.0,0.0,21/07/1446,
29,2,0.0,4.0,22/07/1446,
29,2,0.0,5.0,23/07/1446,
29,2,0.0,0.0,24/07/1446,
29,2,0.0,5.0,25/07/1446,
29,2,0.0,0.0,26/07/1446,
29,2,0.0,3.0,27/07/1446,
29,2,0.0,5.0,28/07/1446,
29,2,0.0,5.0,29/07/1446,
29,2,0.0,7.0,30/07/1446,
29,2,0.0,0.0,31/07/1446,
13,2,5.5,215.0,01/07/1446,
13,2,0.0,0.0,02/07/1446,
13,2,0.0,30.0,03/07/1446,
13,2,0.5,0.0,04/07/1446,
13,2,0.0,0.0,05/07/1446,
13,2,0.5,0.0,06/07/1446,
13,2,0.5,0.0,07/07/1446,
13,2,0.5,0.0,08/07/1446,
13,2,0.5,20.0,09/07/1446,
13,2,0.0,0.0,10/07/1446,
13,2,0.0,0.0,11/07/1446,
13,2,0.0,0.0,12/07/1446,
13,2,0.0,20.0,13/07/1446,
13,2,0.0,20.0,14/07/1446,
13,2,0.0,20.0,15/07/1446,
13,2,0.0,20.0,16/07/1446,
13,2,0.0,10.0,17/07/1446,
13,2,0.0,0.0,18/07/1446,
13,2,0.0,0.0,19/07/1446,
13,2,0.5,2.0,20/07/1446,
13,2,0.0,0.0,21/07/1446,
13,2,0.5,0.0,22/07/1446,
13,2,0.0,8.0,23/07/1446,
13,2,0.0,0.0,24/07/1446,
13,2,0.0,10.0,25/07/1446,
13,2,0.0,0.0,26/07/1446,
13,2,0.0,30.0,27/07/1446,
13,2,0.0,24.0,28/07/1446,
13,2,1.0,0.0,29/07/1446,
13,2,1.0,1.0,30/07/1446,
13,2,0.0,0.0,31/07/1446,
32,2,2.5,39.0,01/07/1446,
32,2,0.0,0.0,02/07/1446,
32,2,0.5,0.0,03/07/1446,
32,2,0.5,1.0,04/07/1446,
32,2,0.0,0.0,05/07/1446,
32,2,0.0,0.0,06/07/1446,
32,2,0.0,4.0,07/07/1446,
32,2,0.5,0.0,08/07/1446,
32,2,1.0,0.0,09/07/1446,
32,2,0.0,0.0,10/07/1446,
32,2,0.0,0.0,11/07/1446,
32,2,0.0,0.0,12/07/1446,
32,2,0.0,0.0,13/07/1446,
32,2,0.0,1.0,16/07/1446,
32,2,0.0,2.0,17/07/1446,
32,2,0.0,0.0,18/07/1446,
32,2,0.0,0.0,19/07/1446,
32,2,0.0,4.0,20/07/1446,
32,2,0.0,0.0,21/07/1446,
32,2,0.0,4.0,22/07/1446,
32,2,0.0,4.0,23/07/1446,
32,2,0.0,0.0,24/07/1446,
32,2,0.0,0.0,26/07/1446,
32,2,0.0,0.0,27/07/1446,
32,2,0.0,5.0,28/07/1446,
32,2,0.0,2.0,29/07/1446,
32,2,0.0,12.0,30/07/1446,
32,2,0.0,0.0,31/07/1446,
50,2,2.0,60.0,01/07/1446,
50,2,0.0,0.0,02/07/1446,
50,2,0.5,0.0,03/07/1446,
50,2,0.0,3.0,04/07/1446,
50,2,0.0,0.0,05/07/1446,
50,2,0.5,3.0,06/07/1446,
50,2,0.0,4.0,07/07/1446,
50,2,0.5,0.0,08/07/1446,
50,2,0.5,0.0,09/07/1446,
50,2,0.0,0.0,10/07/1446,
50,2,0.0,0.0,11/07/1446,
50,2,0.0,0.0,12/07/1446,
50,2,0.0,4.0,13/07/1446,
50,2,0.0,8.0,14/07/1446,
50,2,0.0,10.0,15/07/1446,
50,2,0.0,0.0,19/07/1446,
50,2,0.0,5.0,20/07/1446,
50,2,0.0,0.0,21/07/1446,
50,2,0.0,4.0,22/07/1446,
50,2,0.0,4.0,23/07/1446,
50,2,0.0,0.0,24/07/1446,
50,2,0.0,0.0,26/07/1446,
50,2,0.0,5.0,27/07/1446,
50,2,0.0,2.0,29/07/1446,
50,2,0.0,8.0,30/07/1446,
50,2,0.0,0.0,31/07/1446,
2,2,3.0,36.0,01/07/1446,
2,2,0.0,0.0,02/07/1446,
2,2,0.0,0.0,03/07/1446,
2,2,0.5,0.0,04/07/1446,
2,2,0.0,0.0,05/07/1446,
2,2,0.5,0.0,06/07/1446,
2,2,0.5,0.0,07/07/1446,
2,2,0.0,2.0,08/07/1446,
2,2,0.5,0.0,09/07/1446,
2,2,0.0,0.0,10/07/1446,
2,2,0.0,0.0,11/07/1446,
2,2,0.0,0.0,12/07/1446,
2,2,0.5,0.0,14/07/1446,
2,2,0.0,6.0,15/07/1446,
2,2,0.0,10.0,16/07/1446,
2,2,0.5,0.0,17/07/1446,
2,2,0.0,0.0,19/07/1446,
2,2,0.0,10.0,20/07/1446,
2,2,0.0,0.0,21/07/1446,
2,2,0.0,0.0,23/07/1446,
2,2,0.0,0.0,24/07/1446,
2,2,0.0,0.0,25/07/1446,
2,2,0.0,8.0,28/07/1446,
56,2,2.0,96.0,01/07/1446,
56,2,0.0,0.0,02/07/1446,
56,2,0.0,16.0,03/07/1446,
56,2,0.0,10.0,04/07/1446,
56,2,0.0,0.0,05/07/1446,
56,2,0.0,23.0,06/07/1446,
56,2,1.0,0.0,07/07/1446,
56,2,0.5,0.0,08/07/1446,
56,2,0.5,0.0,09/07/1446,
56,2,0.0,0.0,10/07/1446,
56,2,0.0,0.0,11/07/1446,
56,2,0.0,0.0,12/07/1446,
56,2,0.0,0.0,13/07/1446,
56,2,0.0,6.0,14/07/1446,
56,2,0.0,9.0,15/07/1446,
56,2,0.0,0.0,19/07/1446,
56,2,0.0,8.0,20/07/1446,
56,2,0.0,0.0,21/07/1446,
56,2,0.0,3.0,22/07/1446,
56,2,0.0,4.0,23/07/1446,
56,2,0.0,0.0,24/07/1446,
56,2,0.0,0.0,25/07/1446,
56,2,0.0,0.0,26/07/1446,
56,2,0.0,5.0,27/07/1446,
56,2,0.0,5.0,28/07/1446,
56,2,0.0,5.0,29/07/1446,
56,2,0.0,2.0,30/07/1446,
56,2,0.0,0.0,31/07/1446,
55,2,2.0,23.0,01/07/1446,
55,2,0.5,0.0,04/07/1446,
55,2,0.0,0.0,05/07/1446,
55,2,0.5,2.0,06/07/1446,
55,2,0.5,0.0,07/07/1446,
55,2,0.5,0.0,08/07/1446,
55,2,0.0,1.0,09/07/1446,
55,2,0.0,0.0,10/07/1446,
55,2,0.0,0.0,12/07/1446,
55,2,0.0,6.0,13/07/1446,
55,2,0.0,2.0,14/07/1446,
55,2,0.0,9.0,15/07/1446,
55,2,0.0,1.0,16/07/1446,
55,2,0.0,0.0,19/07/1446,
55,2,0.0,2.0,20/07/1446,
55,2,0.0,0.0,21/07/1446,
35,2,3.0,50.0,01/07/1446,
35,2,0.0,0.0,02/07/1446,
35,2,0.0,10.0,03/07/1446,
35,2,0.0,10.0,04/07/1446,
35,2,0.0,0.0,05/07/1446,
35,2,0.5,0.0,06/07/1446,
35,2,0.5,0.0,07/07/1446,
35,2,0.5,3.0,08/07/1446,
35,2,0.5,0.0,09/07/1446,
35,2,0.0,0.0,10/07/1446,
35,2,0.0,0.0,11/07/1446,
35,2,0.5,0.0,13/07/1446,
35,2,0.0,0.0,14/07/1446,
35,2,0.0,3.0,15/07/1446,
35,2,0.0,5.0,16/07/1446,
35,2,0.0,0.0,17/07/1446,
35,2,0.0,0.0,18/07/1446,
35,2,0.0,0.0,19/07/1446,
35,2,0.0,2.0,20/07/1446,
35,2,0.0,0.0,21/07/1446,
35,2,0.5,0.0,22/07/1446,
35,2,0.0,0.0,23/07/1446,
35,2,0.0,0.0,24/07/1446,
35,2,0.0,0.0,25/07/1446,
35,2,0.0,2.0,26/07/1446,
35,2,0.0,4.0,27/07/1446,
35,2,0.0,4.0,28/07/1446,
35,2,0.0,5.0,29/07/1446,
35,2,0.0,2.0,30/07/1446,
35,2,0.0,0.0,31/07/1446,
7,2,0.0,29.0,01/07/1446,
7,2,0.0,10.0,03/07/1446,
7,2,0.0,0.0,05/07/1446,
7,2,0.0,4.0,16/07/1446,
7,2,0.0,2.0,17/07/1446,
7,2,0.0,0.0,18/07/1446,
7,2,0.0,0.0,19/07/1446,
7,2,0.0,1.0,20/07/1446,
7,2,0.0,12.0,30/07/1446,
15,2,1.0,34.0,01/07/1446,
15,2,0.0,0.0,02/07/1446,
15,2,0.0,7.0,03/07/1446,
15,2,0.5,0.0,04/07/1446,
15,2,0.0,0.0,05/07/1446,
15,2,0.0,1.0,06/07/1446,
15,2,0.5,0.0,07/07/1446,
15,2,0.0,1.0,09/07/1446,
15,2,0.0,0.0,10/07/1446,
15,2,0.0,0.0,11/07/1446,
15,2,0.0,0.0,12/07/1446,
15,2,0.0,10.0,13/07/1446,
15,2,0.0,0.0,24/07/1446,
15,2,0.0,2.0,25/07/1446,
15,2,0.0,0.0,26/07/1446,
15,2,0.0,10.0,27/07/1446,
15,2,0.0,2.0,28/07/1446,
15,2,0.0,1.0,29/07/1446,
15,2,0.0,0.0,31/07/1446,
46,2,0.0,23.0,01/07/1446,
46,2,0.0,10.0,14/07/1446,
46,2,0.0,5.0,15/07/1446,
46,2,0.0,6.0,16/07/1446,
46,2,0.0,2.0,17/07/1446,
46,2,0.0,0.0,18/07/1446,
46,2,0.0,0.0,19/07/1446,
46,2,0.0,0.0,20/07/1446,
33,2,3.0,72.0,01/07/1446,
33,2,0.0,10.0,04/07/1446,
33,2,0.0,0.0,05/07/1446,
33,2,0.5,0.0,06/07/1446,
33,2,0.0,2.0,07/07/1446,
33,2,1.0,0.0,08/07/1446,
33,2,0.0,0.0,12/07/1446,
33,2,0.0,10.0,13/07/1446,
33,2,0.0,10.0,14/07/1446,
33,2,0.0,10.0,15/07/1446,
33,2,0.0,10.0,16/07/1446,
33,2,0.5,0.0,17/07/1446,
33,2,0.0,0.0,18/07/1446,
33,2,0.0,0.0,19/07/1446,
33,2,1.0,0.0,20/07/1446,
33,2,0.0,0.0,21/07/1446,
33,2,0.0,0.0,22/07/1446,
33,2,0.0,2.0,23/07/1446,
33,2,0.0,0.0,24/07/1446,
33,2,0.0,2.0,25/07/1446,
33,2,0.0,0.0,26/07/1446,
33,2,0.0,8.0,28/07/1446,
33,2,0.0,2.0,29/07/1446,
33,2,0.0,6.0,30/07/1446,
33,2,0.0,0.0,31/07/1446,
1,2,0.0,0.0,01/07/1446,
11,2,0.0,56.0,01/07/1446,
11,2,0.0,0.0,02/07/1446,
11,2,0.0,1.0,04/07/1446,
11,2,0.0,0.0,05/07/1446,
11,2,0.0,1.0,06/07/1446,
11,2,0.0,5.0,07/07/1446,
11,2,0.0,7.0,08/07/1446,
11,2,0.0,3.0,09/07/1446,
11,2,0.0,0.0,10/07/1446,
11,2,0.0,0.0,12/07/1446,
11,2,0.0,5.0,13/07/1446,
11,2,0.0,5.0,14/07/1446,
11,2,0.0,5.0,15/07/1446,
11,2,0.0,2.0,16/07/1446,
11,2,0.0,2.0,17/07/1446,
11,2,0.0,0.0,18/07/1446,
11,2,0.0,0.0,19/07/1446,
11,2,0.0,1.0,20/07/1446,
11,2,0.0,0.0,21/07/1446,
11,2,0.0,0.0,22/07/1446,
11,2,0.0,4.0,23/07/1446,
11,2,0.0,8.0,29/07/1446,
11,2,0.0,7.0,30/07/1446,
11,2,0.0,0.0,31/07/1446,
37,2,1.0,41.0,01/07/1446,
37,2,0.0,0.0,02/07/1446,
37,2,0.0,2.0,03/07/1446,
37,2,0.0,2.0,04/07/1446,
37,2,0.0,0.0,05/07/1446,
37,2,0.0,5.0,06/07/1446,
37,2,0.5,0.0,07/07/1446,
37,2,0.5,0.0,08/07/1446,
37,2,0.0,1.0,09/07/1446,
37,2,0.0,0.0,10/07/1446,
37,2,0.0,0.0,12/07/1446,
37,2,0.0,3.0,13/07/1446,
37,2,0.0,4.0,14/07/1446,
37,2,0.0,8.0,16/07/1446,
37,2,0.0,2.0,17/07/1446,
37,2,0.0,0.0,18/07/1446,
37,2,0.0,0.0,19/07/1446,
37,2,0.0,2.0,20/07/1446,
37,2,0.0,0.0,21/07/1446,
37,2,0.0,2.0,22/07/1446,
37,2,0.0,3.0,23/07/1446,
37,2,0.0,0.0,24/07/1446,
37,2,0.0,0.0,25/07/1446,
37,2,0.0,2.0,27/07/1446,
37,2,0.0,2.0,28/07/1446,
37,2,0.0,1.0,29/07/1446,
37,2,0.0,2.0,30/07/1446,
37,2,0.0,0.0,31/07/1446,
41,2,0.0,0.0,01/07/1446,
47,2,0.0,2.0,01/07/1446,
47,2,0.0,2.0,30/07/1446,
47,2,0.0,0.0,31/07/1446,
39,2,0.0,10.0,01/07/1446,
39,2,0.0,0.0,02/07/1446,
39,2,0.0,0.0,04/07/1446,
39,2,0.0,0.0,05/07/1446,
39,2,0.0,1.0,06/07/1446,
39,2,0.0,2.0,07/07/1446,
39,2,0.0,2.0,08/07/1446,
39,2,0.0,0.0,12/07/1446,
39,2,0.0,0.0,13/07/1446,
39,2,0.0,0.0,14/07/1446,
39,2,0.0,0.0,19/07/1446,
39,2,0.0,3.0,20/07/1446,
39,2,0.0,0.0,21/07/1446,
39,2,0.0,0.0,22/07/1446,
39,2,0.0,0.0,23/07/1446,
39,2,0.0,0.0,26/07/1446,
39,2,0.0,0.0,27/07/1446,
39,2,0.0,0.0,28/07/1446,
39,2,0.0,0.0,29/07/1446,
39,2,0.0,2.0,30/07/1446,
39,2,0.0,0.0,31/07/1446,
44,2,0.0,76.0,01/07/1446,
44,2,0.0,0.0,02/07/1446,
44,2,0.0,0.0,03/07/1446,
44,2,0.0,5.0,04/07/1446,
44,2,0.0,0.0,05/07/1446,
44,2,0.0,2.0,06/07/1446,
44,2,0.0,0.0,07/07/1446,
44,2,0.0,7.0,08/07/1446,
44,2,0.0,3.0,09/07/1446,
44,2,0.0,0.0,10/07/1446,
44,2,0.0,0.0,11/07/1446,
44,2,0.0,0.0,12/07/1446,
44,2,0.0,8.0,13/07/1446,
44,2,0.0,5.0,14/07/1446,
44,2,0.0,8.0,15/07/1446,
44,2,0.0,2.0,16/07/1446,
44,2,0.0,2.0,17/07/1446,
44,2,0.0,0.0,18/07/1446,
44,2,0.0,0.0,19/07/1446,
44,2,0.0,0.0,21/07/1446,
44,2,0.0,12.0,22/07/1446,
44,2,0.0,9.0,23/07/1446,
44,2,0.0,0.0,24/07/1446,
44,2,0.0,5.0,25/07/1446,
44,2,0.0,0.0,26/07/1446,
44,2,0.0,3.0,27/07/1446,
44,2,0.0,2.0,28/07/1446,
44,2,0.0,2.0,29/07/1446,
44,2,0.0,1.0,30/07/1446,
44,2,0.0,0.0,31/07/1446,
6,2,0.0,0.0,01/07/1446,
6,2,0.0,0.0,11/07/1446,
6,2,0.0,0.0,21/07/1446,
6,2,0.0,0.0,25/07/1446,
43,2,0.0,3.0,01/07/1446,
43,2,0.0,0.0,08/07/1446,
43,2,0.0,0.0,25/07/1446,
43,2,0.0,0.0,26/07/1446,
43,2,0.0,1.0,27/07/1446,
43,2,0.0,2.0,28/07/1446,
48,2,1.0,20.0,01/07/1446,
48,2,0.0,0.0,04/07/1446,
48,2,0.0,0.0,05/07/1446,
48,2,0.5,0.0,06/07/1446,
48,2,0.5,0.0,07/07/1446,
48,2,0.0,0.0,09/07/1446,
48,2,0.0,0.0,10/07/1446,
48,2,0.0,0.0,18/07/1446,
48,2,0.0,0.0,19/07/1446,
48,2,0.0,0.0,20/07/1446,
48,2,0.0,0.0,22/07/1446,
48,2,0.0,10.0,23/07/1446,
48,2,0.0,0.0,26/07/1446,
48,2,0.0,3.0,27/07/1446,
48,2,0.0,2.0,29/07/1446,
48,2,0.0,5.0,30/07/1446,
48,2,0.0,0.0,31/07/1446,
38,2,0.0,0.0,01/07/1446,
16,2,5.0,78.0,01/07/1446,
16,2,0.0,0.0,02/07/1446,
16,2,0.0,10.0,03/07/1446,
16,2,0.5,0.0,04/07/1446,
16,2,0.0,0.0,05/07/1446,
16,2,0.5,0.0,06/07/1446,
16,2,0.0,2.0,07/07/1446,
16,2,0.5,0.0,08/07/1446,
16,2,0.5,0.0,09/07/1446,
16,2,0.0,0.0,10/07/1446,
16,2,0.0,0.0,11/07/1446,
16,2,0.0,10.0,13/07/1446,
16,2,0.0,10.0,14/07/1446,
16,2,0.0,10.0,15/07/1446,
16,2,0.0,10.0,16/07/1446,
16,2,0.5,0.0,17/07/1446,
16,2,0.0,0.0,18/07/1446,
16,2,0.0,0.0,19/07/1446,
16,2,1.0,0.0,20/07/1446,
16,2,0.0,0.0,21/07/1446,
16,2,0.0,8.0,22/07/1446,
16,2,0.0,10.0,23/07/1446,
16,2,0.0,0.0,24/07/1446,
16,2,0.0,2.0,25/07/1446,
16,2,0.0,0.0,26/07/1446,
16,2,0.0,0.0,27/07/1446,
16,2,0.5,0.0,28/07/1446,
16,2,0.5,0.0,29/07/1446,
16,2,0.5,6.0,30/07/1446,
16,2,0.0,0.0,31/07/1446,
42,2,0.0,0.0,01/07/1446,
19,2,0.0,0.0,01/07/1446,
54,2,0.5,9.0,01/07/1446,
54,2,0.5,0.0,03/07/1446,
54,2,0.0,1.0,04/07/1446,
54,2,0.0,0.0,05/07/1446,
54,2,0.0,2.0,06/07/1446,
54,2,0.0,0.0,07/07/1446,
54,2,0.0,2.0,13/07/1446,
54,2,0.0,4.0,15/07/1446,
21,2,0.0,9.0,01/07/1446,
21,2,0.0,0.0,02/07/1446,
21,2,0.0,0.0,04/07/1446,
21,2,0.0,0.0,06/07/1446,
21,2,0.0,5.0,07/07/1446,
21,2,0.0,0.0,08/07/1446,
21,2,0.0,0.0,09/07/1446,
21,2,0.0,0.0,10/07/1446,
21,2,0.0,0.0,11/07/1446,
21,2,0.0,4.0,15/07/1446,
21,2,0.0,0.0,19/07/1446,
8,1,2.0,99.0,01/08/1446,
8,1,0.0,26.0,02/08/1446,
8,1,0.0,16.0,03/08/1446,
8,1,0.0,14.0,04/08/1446,
8,1,0.0,8.0,05/08/1446,
8,1,0.0,0.0,06/08/1446,
8,1,1.0,0.0,09/08/1446,
8,1,0.0,0.0,10/08/1446,
8,1,1.0,0.0,11/08/1446,
8,1,0.0,1.0,13/08/1446,
8,1,0.0,4.0,14/08/1446,
8,1,0.0,0.0,18/08/1446,
8,1,0.0,10.0,19/08/1446,
8,1,0.0,0.0,21/08/1446,
8,1,0.0,0.0,22/08/1446,
8,1,0.0,0.0,24/08/1446,
8,1,0.0,0.0,25/08/1446,
8,1,0.0,8.0,26/08/1446,
8,1,0.0,10.0,27/08/1446,
8,1,0.0,2.0,28/08/1446,
8,1,0.0,0.0,29/08/1446,
8,1,0.0,0.0,30/08/1446,
9,1,7.0,149.0,01/08/1446,
9,1,0.0,20.0,03/08/1446,
9,1,0.0,20.0,04/08/1446,
9,1,0.0,40.0,05/08/1446,
9,1,0.0,0.0,06/08/1446,
9,1,0.0,0.0,08/08/1446,
9,1,0.0,4.0,09/08/1446,
9,1,0.0,0.0,10/08/1446,
9,1,0.0,4.0,11/08/1446,
9,1,0.0,7.0,12/08/1446,
9,1,0.0,3.0,13/08/1446,
9,1,0.0,2.0,14/08/1446,
9,1,1.0,5.0,17/08/1446,
9,1,0.0,0.0,18/08/1446,
9,1,1.0,5.0,19/08/1446,
9,1,1.0,7.0,20/08/1446,
9,1,0.0,0.0,21/08/1446,
9,1,0.0,0.0,22/08/1446,
9,1,0.0,3.0,23/08/1446,
9,1,4.0,0.0,24/08/1446,
9,1,0.0,9.0,25/08/1446,
9,1,0.0,9.0,26/08/1446,
9,1,0.0,11.0,27/08/1446,
9,1,0.0,0.0,28/08/1446,
9,1,0.0,0.0,29/08/1446,
9,1,0.0,0.0,30/08/1446,
17,1,12.0,170.0,01/08/1446,
17,1,0.0,28.0,02/08/1446,
17,1,0.0,17.0,03/08/1446,
17,1,0.0,20.0,04/08/1446,
17,1,1.0,24.0,05/08/1446,
17,1,0.0,0.0,06/08/1446,
17,1,0.0,10.0,07/08/1446,
17,1,0.0,0.0,08/08/1446,
17,1,1.0,0.0,09/08/1446,
17,1,0.0,0.0,10/08/1446,
17,1,0.0,5.0,11/08/1446,
17,1,2.0,0.0,12/08/1446,
17,1,2.0,0.0,13/08/1446,
17,1,0.0,8.0,14/08/1446,
17,1,0.0,0.0,16/08/1446,
17,1,0.0,12.0,17/08/1446,
17,1,0.0,11.0,18/08/1446,
17,1,0.0,11.0,19/08/1446,
17,1,0.0,10.0,20/08/1446,
17,1,0.0,0.0,21/08/1446,
17,1,0.0,0.0,22/08/1446,
17,1,0.0,9.0,23/08/1446,
17,1,0.0,0.0,24/08/1446,
17,1,3.0,0.0,25/08/1446,
17,1,2.0,0.0,26/08/1446,
17,1,0.0,5.0,27/08/1446,
17,1,1.0,0.0,28/08/1446,
17,1,0.0,0.0,29/08/1446,
17,1,0.0,0.0,30/08/1446,
36,1,2.5,87.0,01/08/1446,
36,1,0.0,12.0,02/08/1446,
36,1,0.0,20.0,03/08/1446,
36,1,0.0,8.0,04/08/1446,
36,1,0.0,20.0,05/08/1446,
36,1,0.0,0.0,06/08/1446,
36,1,0.0,3.0,07/08/1446,
36,1,0.0,0.0,08/08/1446,
36,1,1.0,0.0,09/08/1446,
36,1,0.0,2.0,10/08/1446,
36,1,0.0,3.0,11/08/1446,
36,1,1.0,0.0,12/08/1446,
36,1,0.0,2.0,13/08/1446,
36,1,0.5,0.0,14/08/1446,
36,1,0.0,1.0,15/08/1446,
36,1,0.0,4.0,17/08/1446,
36,1,0.0,1.0,18/08/1446,
36,1,0.0,4.0,19/08/1446,
36,1,0.0,4.0,20/08/1446,
36,1,0.0,0.0,21/08/1446,
36,1,0.0,0.0,22/08/1446,
36,1,0.0,1.0,23/08/1446,
36,1,0.0,1.0,25/08/1446,
36,1,0.0,1.0,26/08/1446,
36,1,0.0,0.0,28/08/1446,
36,1,0.0,0.0,29/08/1446,
36,1,0.0,0.0,30/08/1446,
23,1,4.0,72.0,01/08/1446,
23,1,0.0,11.0,03/08/1446,
23,1,0.0,20.0,04/08/1446,
23,1,0.0,20.0,05/08/1446,
23,1,0.0,0.0,06/08/1446,
23,1,0.0,15.0,07/08/1446,
23,1,0.0,0.0,08/08/1446,
23,1,0.5,0.0,09/08/1446,
23,1,0.0,0.0,10/08/1446,
23,1,0.5,0.0,11/08/1446,
23,1,0.0,0.0,12/08/1446,
23,1,1.0,0.0,13/08/1446,
23,1,0.5,0.0,14/08/1446,
23,1,0.5,0.0,15/08/1446,
23,1,0.0,0.0,16/08/1446,
23,1,0.0,6.0,23/08/1446,
23,1,1.0,0.0,24/08/1446,
23,1,0.0,0.0,25/08/1446,
23,1,0.0,0.0,30/08/1446,
3,1,1.0,104.0,01/08/1446,
3,1,0.0,20.0,02/08/1446,
3,1,0.0,20.0,03/08/1446,
3,1,0.0,6.0,04/08/1446,
3,1,0.0,40.0,05/08/1446,
3,1,0.0,0.0,06/08/1446,
3,1,0.0,4.0,07/08/1446,
3,1,0.0,0.0,08/08/1446,
3,1,0.5,0.0,09/08/1446,
3,1,0.0,0.0,10/08/1446,
3,1,0.5,0.0,11/08/1446,
3,1,0.0,10.0,17/08/1446,
3,1,0.0,0.0,26/08/1446,
3,1,0.0,4.0,27/08/1446,
3,1,0.0,0.0,29/08/1446,
3,1,0.0,0.0,30/08/1446,
4,1,3.0,119.0,01/08/1446,
4,1,0.0,20.0,03/08/1446,
4,1,0.0,9.0,04/08/1446,
4,1,0.0,40.0,05/08/1446,
4,1,0.0,0.0,06/08/1446,
4,1,0.0,6.0,07/08/1446,
4,1,0.0,0.0,09/08/1446,
4,1,0.0,0.0,10/08/1446,
4,1,0.0,1.0,11/08/1446,
4,1,0.0,1.0,12/08/1446,
4,1,1.0,0.0,15/08/1446,
4,1,0.0,0.0,16/08/1446,
4,1,0.0,7.0,17/08/1446,
4,1,0.0,10.0,19/08/1446,
4,1,1.0,10.0,20/08/1446,
4,1,0.0,0.0,21/08/1446,
4,1,0.0,0.0,22/08/1446,
4,1,1.0,0.0,24/08/1446,
4,1,0.0,5.0,25/08/1446,
4,1,0.0,5.0,26/08/1446,
4,1,0.0,5.0,27/08/1446,
4,1,0.0,0.0,28/08/1446,
4,1,0.0,0.0,29/08/1446,
4,1,0.0,0.0,30/08/1446,
12,1,4.0,51.0,01/08/1446,
12,1,0.0,11.0,03/08/1446,
12,1,0.0,16.0,04/08/1446,
12,1,0.0,16.0,05/08/1446,
12,1,0.0,0.0,06/08/1446,
12,1,0.0,5.0,07/08/1446,
12,1,0.5,0.0,09/08/1446,
12,1,0.0,0.0,10/08/1446,
12,1,0.0,2.0,11/08/1446,
12,1,0.0,1.0,15/08/1446,
12,1,0.5,0.0,24/08/1446,
12,1,1.0,0.0,25/08/1446,
12,1,0.5,0.0,26/08/1446,
12,1,0.5,0.0,27/08/1446,
12,1,1.0,0.0,28/08/1446,
12,1,0.0,0.0,29/08/1446,
12,1,0.0,0.0,30/08/1446,
49,1,0.0,20.0,01/08/1446,
49,1,0.0,3.0,02/08/1446,
49,1,0.0,15.0,03/08/1446,
49,1,0.0,0.0,06/08/1446,
49,1,0.0,0.0,08/08/1446,
49,1,0.0,0.0,09/08/1446,
49,1,0.0,0.0,10/08/1446,
49,1,0.0,2.0,11/08/1446,
49,1,0.0,0.0,27/08/1446,
49,1,0.0,0.0,29/08/1446,
49,1,0.0,0.0,30/08/1446,
22,1,0.0,0.0,01/08/1446,
22,1,0.0,0.0,07/08/1446,
31,1,8.0,53.0,01/08/1446,
31,1,0.0,0.0,02/08/1446,
31,1,1.0,20.0,03/08/1446,
31,1,1.0,13.0,04/08/1446,
31,1,1.0,10.0,05/08/1446,
31,1,0.0,0.0,06/08/1446,
31,1,1.0,0.0,09/08/1446,
31,1,1.0,0.0,10/08/1446,
31,1,1.0,0.0,11/08/1446,
31,1,1.0,0.0,12/08/1446,
31,1,1.0,10.0,18/08/1446,
51,1,0.0,27.0,01/08/1446,
51,1,0.0,20.0,05/08/1446,
51,1,0.0,0.0,06/08/1446,
51,1,0.0,0.0,07/08/1446,
51,1,0.0,0.0,09/08/1446,
51,1,0.0,0.0,10/08/1446,
51,1,0.0,0.0,11/08/1446,
51,1,0.0,0.0,15/08/1446,
51,1,0.0,7.0,19/08/1446,
51,1,0.0,0.0,29/08/1446,
52,1,0.0,0.0,01/08/1446,
24,2,6.0,25.0,01/08/1446,
24,2,0.0,10.0,24/08/1446,
24,2,0.0,10.0,26/08/1446,
24,2,3.0,0.0,27/08/1446,
24,2,3.0,5.0,28/08/1446,
24,2,0.0,0.0,29/08/1446,
24,2,0.0,0.0,30/08/1446,
53,2,0.5,40.0,01/08/1446,
53,2,0.0,10.0,24/08/1446,
53,2,0.0,10.0,26/08/1446,
53,2,0.0,10.0,27/08/1446,
53,2,0.5,10.0,28/08/1446,
53,2,0.0,0.0,29/08/1446,
53,2,0.0,0.0,30/08/1446,
40,2,7.5,106.0,01/08/1446,
40,2,0.0,0.0,02/08/1446,
40,2,1.0,0.0,03/08/1446,
40,2,1.0,20.0,04/08/1446,
40,2,0.5,20.0,05/08/1446,
40,2,0.0,0.0,06/08/1446,
40,2,0.5,0.0,07/08/1446,
40,2,0.0,0.0,08/08/1446,
40,2,0.0,0.0,09/08/1446,
40,2,0.5,0.0,10/08/1446,
40,2,0.0,6.0,11/08/1446,
40,2,0.0,6.0,12/08/1446,
40,2,0.0,3.0,13/08/1446,
40,2,0.0,6.0,14/08/1446,
40,2,0.0,0.0,15/08/1446,
40,2,0.0,0.0,16/08/1446,
40,2,0.0,10.0,17/08/1446,
40,2,0.0,0.0,18/08/1446,
40,2,0.0,6.0,19/08/1446,
40,2,1.0,4.0,20/08/1446,
40,2,1.0,0.0,22/08/1446,
40,2,0.0,0.0,23/08/1446,
40,2,1.0,0.0,24/08/1446,
40,2,0.0,6.0,25/08/1446,
40,2,0.0,9.0,26/08/1446,
40,2,1.0,0.0,27/08/1446,
40,2,0.0,10.0,28/08/1446,
40,2,0.0,0.0,29/08/1446,
40,2,0.0,0.0,30/08/1446,
29,2,3.0,113.0,01/08/1446,
29,2,0.0,0.0,02/08/1446,
29,2,0.0,10.0,03/08/1446,
29,2,0.0,10.0,04/08/1446,
29,2,0.0,10.0,05/08/1446,
29,2,0.0,0.0,06/08/1446,
29,2,0.0,0.0,07/08/1446,
29,2,0.0,0.0,08/08/1446,
29,2,0.0,0.0,09/08/1446,
29,2,0.0,10.0,10/08/1446,
29,2,0.0,10.0,11/08/1446,
29,2,0.0,10.0,12/08/1446,
29,2,1.0,0.0,13/08/1446,
29,2,0.5,0.0,14/08/1446,
29,2,0.0,0.0,15/08/1446,
29,2,0.0,0.0,16/08/1446,
29,2,0.0,4.0,17/08/1446,
29,2,0.0,0.0,18/08/1446,
29,2,0.5,2.0,19/08/1446,
29,2,0.5,10.0,20/08/1446,
29,2,0.0,0.0,21/08/1446,
29,2,0.0,2.0,22/08/1446,
29,2,0.0,0.0,23/08/1446,
29,2,0.0,9.0,24/08/1446,
29,2,0.5,0.0,25/08/1446,
29,2,0.0,11.0,26/08/1446,
29,2,0.0,10.0,27/08/1446,
29,2,0.0,5.0,28/08/1446,
29,2,0.0,0.0,29/08/1446,
29,2,0.0,0.0,30/08/1446,
13,2,7.5,98.0,01/08/1446,
13,2,0.0,0.0,02/08/1446,
13,2,1.0,0.0,03/08/1446,
13,2,0.5,20.0,04/08/1446,
13,2,0.5,20.0,05/08/1446,
13,2,0.0,0.0,06/08/1446,
13,2,0.5,0.0,07/08/1446,
13,2,0.0,0.0,08/08/1446,
13,2,0.0,0.0,09/08/1446,
13,2,0.5,4.0,10/08/1446,
13,2,0.0,9.0,11/08/1446,
13,2,0.5,0.0,12/08/1446,
13,2,1.0,0.0,13/08/1446,
13,2,0.0,5.0,14/08/1446,
13,2,0.0,0.0,15/08/1446,
13,2,0.0,0.0,16/08/1446,
13,2,1.0,0.0,17/08/1446,
13,2,0.0,0.0,18/08/1446,
13,2,0.0,6.0,19/08/1446,
13,2,1.0,0.0,20/08/1446,
13,2,0.5,6.0,21/08/1446,
13,2,0.0,6.0,22/08/1446,
13,2,0.0,0.0,23/08/1446,
13,2,0.5,0.0,24/08/1446,
13,2,0.0,6.0,25/08/1446,
13,2,0.0,6.0,27/08/1446,
13,2,0.0,10.0,28/08/1446,
13,2,0.0,0.0,29/08/1446,
13,2,0.0,0.0,30/08/1446,
32,2,10.5,50.5,01/08/1446,
32,2,0.0,0.0,02/08/1446,
32,2,0.0,10.0,03/08/1446,
32,2,0.0,0.0,04/08/1446,
32,2,0.0,10.0,05/08/1446,
32,2,0.0,0.0,06/08/1446,
32,2,0.0,1.0,07/08/1446,
32,2,0.0,0.0,08/08/1446,
32,2,0.0,0.0,09/08/1446,
32,2,0.0,2.0,10/08/1446,
32,2,0.0,5.0,11/08/1446,
32,2,0.5,5.0,12/08/1446,
32,2,0.0,5.0,13/08/1446,
32,2,0.0,10.0,14/08/1446,
32,2,0.0,0.0,15/08/1446,
32,2,0.0,0.0,16/08/1446,
32,2,0.0,0.0,17/08/1446,
32,2,0.0,2.0,22/08/1446,
32,2,0.0,0.0,23/08/1446,
32,2,10.0,0.0,24/08/1446,
32,2,0.0,0.5,28/08/1446,
32,2,0.0,0.0,29/08/1446,
32,2,0.0,0.0,30/08/1446,
50,2,2.0,72.0,01/08/1446,
50,2,0.0,0.0,02/08/1446,
50,2,0.0,4.0,03/08/1446,
50,2,0.0,4.0,04/08/1446,
50,2,0.0,6.0,05/08/1446,
50,2,0.0,0.0,06/08/1446,
50,2,0.0,0.0,07/08/1446,
50,2,0.0,0.0,08/08/1446,
50,2,0.0,0.0,09/08/1446,
50,2,0.0,0.0,10/08/1446,
50,2,0.0,10.0,11/08/1446,
50,2,0.0,3.0,12/08/1446,
50,2,0.0,11.0,13/08/1446,
50,2,0.0,0.0,15/08/1446,
50,2,0.0,4.0,17/08/1446,
50,2,0.0,0.0,18/08/1446,
50,2,0.5,0.0,19/08/1446,
50,2,0.5,6.0,20/08/1446,
50,2,0.0,0.0,21/08/1446,
50,2,0.0,2.0,22/08/1446,
50,2,0.0,0.0,23/08/1446,
50,2,0.0,12.0,24/08/1446,
50,2,0.5,0.0,25/08/1446,
50,2,0.5,0.0,26/08/1446,
50,2,0.0,10.0,28/08/1446,
50,2,0.0,0.0,29/08/1446,
50,2,0.0,0.0,30/08/1446,
2,2,0.5,18.0,01/08/1446,
2,2,0.0,0.0,04/08/1446,
2,2,0.0,0.0,05/08/1446,
2,2,0.0,0.0,08/08/1446,
2,2,0.0,0.0,09/08/1446,
2,2,0.0,6.0,10/08/1446,
2,2,0.0,3.0,11/08/1446,
2,2,0.0,0.0,12/08/1446,
2,2,0.0,2.0,13/08/1446,
2,2,0.5,0.0,14/08/1446,
2,2,0.0,0.0,15/08/1446,
2,2,0.0,2.0,17/08/1446,
2,2,0.0,0.0,19/08/1446,
2,2,0.0,0.0,26/08/1446,
2,2,0.0,2.0,27/08/1446,
2,2,0.0,3.0,28/08/1446,
2,2,0.0,0.0,29/08/1446,
2,2,0.0,0.0,30/08/1446,
56,2,1.5,31.0,01/08/1446,
56,2,0.0,0.0,02/08/1446,
56,2,0.0,3.0,03/08/1446,
56,2,0.0,0.0,04/08/1446,
56,2,0.0,6.0,05/08/1446,
56,2,0.0,0.0,06/08/1446,
56,2,0.0,2.0,07/08/1446,
56,2,0.0,0.0,08/08/1446,
56,2,0.0,0.0,09/08/1446,
56,2,0.0,5.0,10/08/1446,
56,2,0.0,2.0,11/08/1446,
56,2,0.0,0.0,12/08/1446,
56,2,0.0,0.0,13/08/1446,
56,2,0.5,0.0,14/08/1446,
56,2,0.0,0.0,15/08/1446,
56,2,0.0,5.0,16/08/1446,
56,2,0.0,3.0,17/08/1446,
56,2,0.0,0.0,18/08/1446,
56,2,0.5,0.0,19/08/1446,
56,2,0.5,0.0,20/08/1446,
56,2,0.0,0.0,21/08/1446,
56,2,0.0,2.0,27/08/1446,
56,2,0.0,3.0,28/08/1446,
56,2,0.0,0.0,29/08/1446,
56,2,0.0,0.0,30/08/1446,
55,2,0.0,11.0,01/08/1446,
55,2,0.0,2.0,25/08/1446,
55,2,0.0,5.0,26/08/1446,
55,2,0.0,2.0,27/08/1446,
55,2,0.0,2.0,28/08/1446,
55,2,0.0,0.0,29/08/1446,
55,2,0.0,0.0,30/08/1446,
35,2,1.0,29.0,01/08/1446,
35,2,0.0,0.0,03/08/1446,
35,2,0.0,0.0,04/08/1446,
35,2,0.0,8.0,05/08/1446,
35,2,0.0,0.0,06/08/1446,
35,2,0.0,0.0,08/08/1446,
35,2,0.0,0.0,09/08/1446,
35,2,0.0,5.0,10/08/1446,
35,2,0.0,3.0,11/08/1446,
35,2,0.0,0.0,12/08/1446,
35,2,0.0,0.0,13/08/1446,
35,2,0.0,2.0,14/08/1446,
35,2,0.0,0.0,15/08/1446,
35,2,0.0,2.0,16/08/1446,
35,2,0.0,3.0,17/08/1446,
35,2,0.0,0.0,18/08/1446,
35,2,0.0,0.0,20/08/1446,
35,2,0.5,0.0,24/08/1446,
35,2,0.5,0.0,25/08/1446,
35,2,0.0,3.0,26/08/1446,
35,2,0.0,0.0,27/08/1446,
35,2,0.0,3.0,28/08/1446,
35,2,0.0,0.0,29/08/1446,
35,2,0.0,0.0,30/08/1446,
7,2,0.0,6.0,01/08/1446,
7,2,0.0,0.0,04/08/1446,
7,2,0.0,0.0,08/08/1446,
7,2,0.0,0.0,09/08/1446,
7,2,0.0,6.0,14/08/1446,
15,2,0.0,9.0,01/08/1446,
15,2,0.0,1.0,03/08/1446,
15,2,0.0,0.0,04/08/1446,
15,2,0.0,1.0,05/08/1446,
15,2,0.0,1.0,08/08/1446,
15,2,0.0,0.0,09/08/1446,
15,2,0.0,0.0,10/08/1446,
15,2,0.0,0.0,11/08/1446,
15,2,0.0,3.0,12/08/1446,
15,2,0.0,0.0,13/08/1446,
15,2,0.0,0.0,14/08/1446,
15,2,0.0,0.0,15/08/1446,
15,2,0.0,0.0,16/08/1446,
15,2,0.0,0.0,18/08/1446,
15,2,0.0,0.0,19/08/1446,
15,2,0.0,3.0,22/08/1446,
15,2,0.0,0.0,29/08/1446,
15,2,0.0,0.0,30/08/1446,
46,2,0.0,0.0,01/08/1446,
33,2,0.5,9.0,01/08/1446,
33,2,0.0,0.0,02/08/1446,
33,2,0.5,0.0,03/08/1446,
33,2,0.0,3.0,05/08/1446,
33,2,0.0,0.0,06/08/1446,
33,2,0.0,0.0,08/08/1446,
33,2,0.0,0.0,09/08/1446,
33,2,0.0,0.0,10/08/1446,
33,2,0.0,2.0,11/08/1446,
33,2,0.0,0.0,13/08/1446,
33,2,0.0,0.0,14/08/1446,
33,2,0.0,2.0,26/08/1446,
33,2,0.0,2.0,27/08/1446,
33,2,0.0,0.0,28/08/1446,
33,2,0.0,0.0,29/08/1446,
33,2,0.0,0.0,30/08/1446,
1,2,0.0,0.0,01/08/1446,
11,2,0.0,3.0,01/08/1446,
11,2,0.0,0.0,03/08/1446,
11,2,0.0,2.0,11/08/1446,
11,2,0.0,1.0,14/08/1446,
11,2,0.0,0.0,29/08/1446,
37,2,0.0,9.0,01/08/1446,
37,2,0.0,0.0,02/08/1446,
37,2,0.0,2.0,03/08/1446,
37,2,0.0,2.0,04/08/1446,
37,2,0.0,0.0,05/08/1446,
37,2,0.0,0.0,07/08/1446,
37,2,0.0,0.0,08/08/1446,
37,2,0.0,0.0,09/08/1446,
37,2,0.0,2.0,10/08/1446,
37,2,0.0,1.0,14/08/1446,
37,2,0.0,0.0,27/08/1446,
37,2,0.0,2.0,28/08/1446,
37,2,0.0,0.0,29/08/1446,
37,2,0.0,0.0,30/08/1446,
41,2,0.0,0.0,01/08/1446,
47,2,0.0,0.0,01/08/1446,
47,2,0.0,0.0,29/08/1446,
47,2,0.0,0.0,30/08/1446,
39,2,0.0,0.0,01/08/1446,
39,2,0.0,0.0,03/08/1446,
39,2,0.0,0.0,04/08/1446,
39,2,0.0,0.0,12/08/1446,
39,2,0.0,0.0,13/08/1446,
39,2,0.0,0.0,17/08/1446,
39,2,0.0,0.0,18/08/1446,
39,2,0.0,0.0,24/08/1446,
39,2,0.0,0.0,26/08/1446,
39,2,0.0,0.0,28/08/1446,
39,2,0.0,0.0,29/08/1446,
44,2,2.0,37.5,01/08/1446,
44,2,0.0,0.0,02/08/1446,
44,2,0.0,10.0,03/08/1446,
44,2,0.0,5.0,04/08/1446,
44,2,0.0,5.0,05/08/1446,
44,2,0.0,3.0,06/08/1446,
44,2,0.0,1.0,07/08/1446,
44,2,0.0,0.0,08/08/1446,
44,2,0.0,3.0,09/08/1446,
44,2,0.0,3.0,10/08/1446,
44,2,0.0,0.0,11/08/1446,
44,2,0.5,0.0,12/08/1446,
44,2,0.0,0.0,13/08/1446,
44,2,0.5,0.0,14/08/1446,
44,2,0.0,0.0,15/08/1446,
44,2,0.0,0.0,16/08/1446,
44,2,0.0,0.0,17/08/1446,
44,2,0.0,0.0,19/08/1446,
44,2,1.0,0.5,20/08/1446,
44,2,0.0,0.0,21/08/1446,
44,2,0.0,0.0,22/08/1446,
44,2,0.0,1.0,23/08/1446,
44,2,0.0,2.0,24/08/1446,
44,2,0.0,2.0,27/08/1446,
44,2,0.0,2.0,28/08/1446,
44,2,0.0,0.0,29/08/1446,
44,2,0.0,0.0,30/08/1446,
6,2,0.0,0.0,01/08/1446,
6,2,0.0,0.0,06/08/1446,
6,2,0.0,0.0,08/08/1446,
6,2,0.0,0.0,09/08/1446,
6,2,0.0,0.0,10/08/1446,
6,2,0.0,0.0,29/08/1446,
6,2,0.0,0.0,30/08/1446,
43,2,0.0,0.0,01/08/1446,
43,2,0.0,0.0,24/08/1446,
43,2,0.0,0.0,28/08/1446,
43,2,0.0,0.0,29/08/1446,
48,2,7.5,37.0,01/08/1446,
48,2,0.0,0.0,02/08/1446,
48,2,0.0,5.0,03/08/1446,
48,2,0.0,5.0,04/08/1446,
48,2,0.5,0.0,05/08/1446,
48,2,0.5,0.0,06/08/1446,
48,2,0.0,5.0,07/08/1446,
48,2,0.0,0.0,08/08/1446,
48,2,0.0,6.0,09/08/1446,
48,2,0.0,5.0,10/08/1446,
48,2,6.0,0.0,12/08/1446,
48,2,0.0,0.0,14/08/1446,
48,2,0.0,9.0,17/08/1446,
48,2,0.0,0.0,18/08/1446,
48,2,0.5,0.0,19/08/1446,
48,2,0.0,2.0,28/08/1446,
48,2,0.0,0.0,29/08/1446,
38,2,0.0,0.0,01/08/1446,
38,2,0.0,0.0,29/08/1446,
38,2,0.0,0.0,30/08/1446,
16,2,2.0,66.0,01/08/1446,
16,2,0.0,0.0,02/08/1446,
16,2,0.0,8.0,03/08/1446,
16,2,0.0,7.0,04/08/1446,
16,2,0.0,10.0,05/08/1446,
16,2,0.0,0.0,08/08/1446,
16,2,0.0,0.0,09/08/1446,
16,2,0.0,5.0,10/08/1446,
16,2,0.0,4.0,11/08/1446,
16,2,0.0,6.0,12/08/1446,
16,2,0.5,0.0,13/08/1446,
16,2,0.0,0.0,15/08/1446,
16,2,0.0,0.0,16/08/1446,
16,2,0.5,6.0,17/08/1446,
16,2,0.5,0.0,19/08/1446,
16,2,0.0,6.0,20/08/1446,
16,2,0.0,0.0,22/08/1446,
16,2,0.0,0.0,23/08/1446,
16,2,0.0,9.0,24/08/1446,
16,2,0.5,0.0,26/08/1446,
16,2,0.0,2.0,27/08/1446,
16,2,0.0,3.0,28/08/1446,
16,2,0.0,0.0,29/08/1446,
16,2,0.0,0.0,30/08/1446,
42,2,0.0,0.0,01/08/1446,
19,2,0.0,0.0,01/08/1446,
54,2,0.0,0.0,01/08/1446,
21,2,0.0,0.0,01/08/1446,
21,2,0.0,0.0,29/08/1446,
21,2,0.0,0.0,30/08/1446,
8,1,0.0,78.0,01/01/1447,
8,1,0.0,14.0,07/01/1447,
8,1,0.0,10.0,10/01/1447,
8,1,0.0,0.0,11/01/1447,
8,1,0.0,9.0,13/01/1447,
8,1,0.0,3.0,14/01/1447,
8,1,0.0,11.0,15/01/1447,
8,1,0.0,3.0,16/01/1447,
8,1,0.0,0.0,17/01/1447,
8,1,0.0,4.0,21/01/1447,
8,1,0.0,2.0,23/01/1447,
8,1,0.0,0.0,25/01/1447,
8,1,0.0,4.0,26/01/1447,
8,1,0.0,9.0,27/01/1447,
8,1,0.0,5.0,28/01/1447,
8,1,0.0,4.0,29/01/1447,
9,1,0.0,143.0,01/01/1447,
9,1,0.0,7.0,02/01/1447,
9,1,0.0,5.0,03/01/1447,
9,1,0.0,4.0,04/01/1447,
9,1,0.0,0.0,05/01/1447,
9,1,0.0,8.0,06/01/1447,
9,1,0.0,3.0,07/01/1447,
9,1,0.0,0.0,08/01/1447,
9,1,0.0,6.0,09/01/1447,
9,1,0.0,5.0,10/01/1447,
9,1,0.0,0.0,11/01/1447,
9,1,0.0,5.0,12/01/1447,
9,1,0.0,8.0,13/01/1447,
9,1,0.0,9.0,14/01/1447,
9,1,0.0,8.0,15/01/1447,
9,1,0.0,0.0,16/01/1447,
9,1,0.0,0.0,17/01/1447,
9,1,0.0,6.0,18/01/1447,
9,1,0.0,10.0,19/01/1447,
9,1,0.0,0.0,20/01/1447,
9,1,0.0,3.0,21/01/1447,
9,1,0.0,8.0,22/01/1447,
9,1,0.0,3.0,23/01/1447,
9,1,0.0,0.0,24/01/1447,
9,1,0.0,10.0,25/01/1447,
9,1,0.0,8.0,26/01/1447,
9,1,0.0,8.0,27/01/1447,
9,1,0.0,6.0,28/01/1447,
9,1,0.0,6.0,29/01/1447,
9,1,0.0,7.0,30/01/1447,
9,1,0.0,0.0,31/01/1447,
17,1,0.0,311.0,01/01/1447,
17,1,0.0,7.0,02/01/1447,
17,1,0.0,3.0,03/01/1447,
17,1,0.0,10.0,04/01/1447,
17,1,0.0,9.0,05/01/1447,
17,1,0.0,15.0,06/01/1447,
17,1,0.0,10.0,07/01/1447,
17,1,0.0,0.0,08/01/1447,
17,1,0.0,20.0,09/01/1447,
17,1,0.0,7.0,10/01/1447,
17,1,0.0,10.0,11/01/1447,
17,1,0.0,10.0,12/01/1447,
17,1,0.0,25.0,13/01/1447,
17,1,0.0,16.0,14/01/1447,
17,1,0.0,19.0,15/01/1447,
17,1,0.0,0.0,16/01/1447,
17,1,0.0,0.0,17/01/1447,
17,1,0.0,10.0,18/01/1447,
17,1,0.0,8.0,19/01/1447,
17,1,0.0,0.0,20/01/1447,
17,1,0.0,14.0,21/01/1447,
17,1,0.0,12.0,22/01/1447,
17,1,0.0,10.0,23/01/1447,
17,1,0.0,10.0,24/01/1447,
17,1,0.0,20.0,25/01/1447,
17,1,0.0,11.0,26/01/1447,
17,1,0.0,14.0,27/01/1447,
17,1,0.0,15.0,28/01/1447,
17,1,0.0,19.0,29/01/1447,
17,1,0.0,7.0,30/01/1447,
17,1,0.0,0.0,31/01/1447,
36,1,0.0,38.0,01/01/1447,
36,1,0.0,2.0,02/01/1447,
36,1,0.0,3.0,03/01/1447,
36,1,0.0,4.0,04/01/1447,
36,1,0.0,2.0,05/01/1447,
36,1,0.0,1.0,06/01/1447,
36,1,0.0,3.0,07/01/1447,
36,1,0.0,0.0,08/01/1447,
36,1,0.0,1.0,10/01/1447,
36,1,0.0,0.0,11/01/1447,
36,1,0.0,1.0,12/01/1447,
36,1,0.0,2.0,13/01/1447,
36,1,0.0,4.0,19/01/1447,
36,1,0.0,0.0,20/01/1447,
36,1,0.0,2.0,21/01/1447,
36,1,0.0,2.0,22/01/1447,
36,1,0.0,1.0,23/01/1447,
36,1,0.0,2.0,27/01/1447,
36,1,0.0,3.0,28/01/1447,
36,1,0.0,3.0,29/01/1447,
36,1,0.0,2.0,30/01/1447,
36,1,0.0,0.0,31/01/1447,
23,1,0.0,0.0,01/01/1447,
3,1,0.0,143.0,01/01/1447,
3,1,0.0,30.0,02/01/1447,
3,1,0.0,14.0,03/01/1447,
3,1,0.0,10.0,04/01/1447,
3,1,0.0,5.0,05/01/1447,
3,1,0.0,6.0,06/01/1447,
3,1,0.0,9.0,07/01/1447,
3,1,0.0,0.0,08/01/1447,
3,1,0.0,0.0,11/01/1447,
3,1,0.0,6.0,12/01/1447,
3,1,0.0,6.0,13/01/1447,
3,1,0.0,5.0,14/01/1447,
3,1,0.0,0.0,16/01/1447,
3,1,0.0,0.0,17/01/1447,
3,1,0.0,9.0,18/01/1447,
3,1,0.0,4.0,19/01/1447,
3,1,0.0,0.0,20/01/1447,
3,1,0.0,6.0,21/01/1447,
3,1,0.0,8.0,22/01/1447,
3,1,0.0,7.0,23/01/1447,
3,1,0.0,0.0,24/01/1447,
3,1,0.0,0.0,25/01/1447,
3,1,0.0,5.0,27/01/1447,
3,1,0.0,3.0,28/01/1447,
3,1,0.0,8.0,29/01/1447,
3,1,0.0,2.0,30/01/1447,
3,1,0.0,0.0,31/01/1447,
4,1,0.0,88.0,01/01/1447,
4,1,0.0,9.0,02/01/1447,
4,1,0.0,9.0,05/01/1447,
4,1,0.0,11.0,07/01/1447,
4,1,0.0,0.0,08/01/1447,
4,1,0.0,0.0,09/01/1447,
4,1,0.0,0.0,11/01/1447,
4,1,0.0,6.0,15/01/1447,
4,1,0.0,0.0,16/01/1447,
4,1,0.0,4.0,19/01/1447,
4,1,0.0,0.0,20/01/1447,
4,1,0.0,10.0,22/01/1447,
4,1,0.0,8.0,23/01/1447,
4,1,0.0,0.0,25/01/1447,
4,1,0.0,8.0,26/01/1447,
4,1,0.0,11.0,27/01/1447,
4,1,0.0,5.0,28/01/1447,
4,1,0.0,7.0,29/01/1447,
12,1,0.0,27.0,01/01/1447,
12,1,0.0,0.0,08/01/1447,
12,1,0.0,3.0,21/01/1447,
12,1,0.0,0.0,25/01/1447,
12,1,0.0,10.0,26/01/1447,
12,1,0.0,2.0,27/01/1447,
12,1,0.0,8.0,29/01/1447,
12,1,0.0,4.0,30/01/1447,
49,1,0.0,45.0,01/01/1447,
49,1,0.0,8.0,02/01/1447,
49,1,0.0,3.0,03/01/1447,
49,1,0.0,5.0,04/01/1447,
49,1,0.0,0.0,06/01/1447,
49,1,0.0,0.0,07/01/1447,
49,1,0.0,0.0,08/01/1447,
49,1,0.0,0.0,09/01/1447,
49,1,0.0,3.0,10/01/1447,
49,1,0.0,0.0,11/01/1447,
49,1,0.0,4.0,15/01/1447,
49,1,0.0,0.0,17/01/1447,
49,1,0.0,0.0,19/01/1447,
49,1,0.0,0.0,20/01/1447,
49,1,0.0,10.0,21/01/1447,
49,1,0.0,0.0,23/01/1447,
49,1,0.0,0.0,24/01/1447,
49,1,0.0,2.0,26/01/1447,
49,1,0.0,4.0,29/01/1447,
49,1,0.0,6.0,30/01/1447,
22,1,0.0,0.0,01/01/1447,
31,1,0.0,0.0,01/01/1447,
51,1,0.0,0.0,01/01/1447,
52,1,0.0,0.0,01/01/1447,
24,2,0.0,173.0,01/01/1447,
24,2,0.0,0.0,03/01/1447,
24,2,0.0,20.0,04/01/1447,
24,2,0.0,20.0,05/01/1447,
24,2,0.0,10.0,06/01/1447,
24,2,0.0,20.0,07/01/1447,
24,2,0.0,0.0,08/01/1447,
24,2,0.0,1.0,09/01/1447,
24,2,0.0,0.0,11/01/1447,
24,2,0.0,10.0,12/01/1447,
24,2,0.0,10.0,13/01/1447,
24,2,0.0,10.0,14/01/1447,
24,2,0.0,10.0,15/01/1447,
24,2,0.0,0.0,16/01/1447,
24,2,0.0,0.0,17/01/1447,
24,2,0.0,10.0,18/01/1447,
24,2,0.0,9.0,19/01/1447,
24,2,0.0,0.0,20/01/1447,
24,2,0.0,6.0,22/01/1447,
24,2,0.0,5.0,23/01/1447,
24,2,0.0,5.0,25/01/1447,
24,2,0.0,5.0,26/01/1447,
24,2,0.0,10.0,27/01/1447,
24,2,0.0,5.0,28/01/1447,
24,2,0.0,7.0,29/01/1447,
24,2,0.0,0.0,30/01/1447,
53,2,0.0,95.0,01/01/1447,
53,2,0.0,0.0,03/01/1447,
53,2,0.0,2.0,04/01/1447,
53,2,0.0,20.0,05/01/1447,
53,2,0.0,10.0,06/01/1447,
53,2,0.0,4.0,07/01/1447,
53,2,0.0,0.0,08/01/1447,
53,2,0.0,5.0,09/01/1447,
53,2,0.0,0.0,11/01/1447,
53,2,0.0,0.0,12/01/1447,
53,2,0.0,3.0,13/01/1447,
53,2,0.0,0.0,14/01/1447,
53,2,0.0,7.0,15/01/1447,
53,2,0.0,0.0,16/01/1447,
53,2,0.0,0.0,17/01/1447,
53,2,0.0,6.0,18/01/1447,
53,2,0.0,4.0,19/01/1447,
53,2,0.0,0.0,20/01/1447,
53,2,0.0,3.0,22/01/1447,
53,2,0.0,6.0,23/01/1447,
53,2,0.0,0.0,24/01/1447,
53,2,0.0,6.0,25/01/1447,
53,2,0.0,5.0,26/01/1447,
53,2,0.0,8.0,27/01/1447,
53,2,0.0,4.0,28/01/1447,
53,2,0.0,2.0,29/01/1447,
53,2,0.0,0.0,30/01/1447,
40,2,0.0,249.0,01/01/1447,
40,2,0.0,15.0,02/01/1447,
40,2,0.0,20.0,03/01/1447,
40,2,0.0,30.0,04/01/1447,
40,2,0.0,10.0,05/01/1447,
40,2,0.0,0.0,08/01/1447,
40,2,0.0,20.0,09/01/1447,
40,2,0.0,20.0,10/01/1447,
40,2,0.0,0.0,11/01/1447,
40,2,0.0,20.0,12/01/1447,
40,2,0.0,20.0,13/01/1447,
40,2,0.0,20.0,14/01/1447,
40,2,0.0,20.0,15/01/1447,
40,2,0.0,0.0,17/01/1447,
40,2,0.0,6.0,18/01/1447,
40,2,0.0,2.0,22/01/1447,
40,2,0.0,9.0,23/01/1447,
40,2,0.0,0.0,24/01/1447,
40,2,0.0,10.0,25/01/1447,
40,2,0.0,6.0,26/01/1447,
40,2,0.0,10.0,27/01/1447,
40,2,0.0,5.0,28/01/1447,
40,2,0.0,6.0,29/01/1447,
40,2,0.0,0.0,30/01/1447,
40,2,0.0,0.0,31/01/1447,
29,2,0.0,171.0,01/01/1447,
29,2,0.0,10.0,02/01/1447,
29,2,0.0,6.0,03/01/1447,
29,2,0.0,4.0,04/01/1447,
29,2,0.0,4.0,05/01/1447,
29,2,0.0,2.0,06/01/1447,
29,2,0.0,8.0,07/01/1447,
29,2,0.0,0.0,08/01/1447,
29,2,0.0,0.0,09/01/1447,
29,2,0.0,4.0,10/01/1447,
29,2,0.0,0.0,11/01/1447,
29,2,0.0,20.0,12/01/1447,
29,2,0.0,10.0,13/01/1447,
29,2,0.0,10.0,14/01/1447,
29,2,0.0,10.0,15/01/1447,
29,2,0.0,0.0,16/01/1447,
29,2,0.0,0.0,17/01/1447,
29,2,0.0,10.0,18/01/1447,
29,2,0.0,4.0,19/01/1447,
29,2,0.0,0.0,20/01/1447,
29,2,0.0,5.0,21/01/1447,
29,2,0.0,5.0,22/01/1447,
29,2,0.0,4.0,23/01/1447,
29,2,0.0,0.0,24/01/1447,
29,2,0.0,20.0,25/01/1447,
29,2,0.0,10.0,26/01/1447,
29,2,0.0,10.0,27/01/1447,
29,2,0.0,5.0,28/01/1447,
29,2,0.0,10.0,29/01/1447,
29,2,0.0,0.0,30/01/1447,
29,2,0.0,0.0,31/01/1447,
13,2,0.0,185.0,01/01/1447,
13,2,0.0,10.0,02/01/1447,
13,2,0.0,10.0,03/01/1447,
13,2,0.0,10.0,04/01/1447,
13,2,0.0,20.0,05/01/1447,
13,2,0.0,3.0,06/01/1447,
13,2,0.0,3.0,07/01/1447,
13,2,0.0,0.0,08/01/1447,
13,2,0.0,0.0,11/01/1447,
13,2,0.0,5.0,12/01/1447,
13,2,0.0,5.0,13/01/1447,
13,2,0.0,20.0,14/01/1447,
13,2,0.0,20.0,15/01/1447,
13,2,0.0,0.0,16/01/1447,
13,2,0.0,0.0,17/01/1447,
13,2,0.0,10.0,18/01/1447,
13,2,0.0,10.0,19/01/1447,
13,2,0.0,0.0,20/01/1447,
13,2,0.0,10.0,21/01/1447,
13,2,0.0,10.0,22/01/1447,
13,2,0.0,10.0,23/01/1447,
13,2,0.0,0.0,24/01/1447,
13,2,0.0,10.0,25/01/1447,
13,2,0.0,6.0,26/01/1447,
13,2,0.0,6.0,27/01/1447,
13,2,0.0,1.0,28/01/1447,
13,2,0.0,6.0,29/01/1447,
13,2,0.0,0.0,30/01/1447,
13,2,0.0,0.0,31/01/1447,
32,2,0.0,103.0,01/01/1447,
32,2,0.0,3.0,02/01/1447,
32,2,0.0,4.0,03/01/1447,
32,2,0.0,6.0,04/01/1447,
32,2,0.0,3.0,05/01/1447,
32,2,0.0,7.0,06/01/1447,
32,2,0.0,10.0,07/01/1447,
32,2,0.0,0.0,08/01/1447,
32,2,0.0,10.0,09/01/1447,
32,2,0.0,6.0,10/01/1447,
32,2,0.0,0.0,11/01/1447,
32,2,0.0,0.0,12/01/1447,
32,2,0.0,2.0,13/01/1447,
32,2,0.0,3.0,14/01/1447,
32,2,0.0,2.0,15/01/1447,
32,2,0.0,0.0,16/01/1447,
32,2,0.0,0.0,17/01/1447,
32,2,0.0,3.0,18/01/1447,
32,2,0.0,6.0,19/01/1447,
32,2,0.0,0.0,20/01/1447,
32,2,0.0,0.0,21/01/1447,
32,2,0.0,5.0,22/01/1447,
32,2,0.0,4.0,23/01/1447,
32,2,0.0,0.0,24/01/1447,
32,2,0.0,10.0,25/01/1447,
32,2,0.0,10.0,26/01/1447,
32,2,0.0,4.0,27/01/1447,
32,2,0.0,1.0,28/01/1447,
32,2,0.0,4.0,29/01/1447,
32,2,0.0,0.0,30/01/1447,
50,2,0.0,43.0,01/01/1447,
50,2,0.0,8.0,04/01/1447,
50,2,0.0,7.0,06/01/1447,
50,2,0.0,3.0,07/01/1447,
50,2,0.0,4.0,10/01/1447,
50,2,0.0,2.0,12/01/1447,
50,2,0.0,3.0,13/01/1447,
50,2,0.0,2.0,14/01/1447,
50,2,0.0,0.0,16/01/1447,
50,2,0.0,6.0,19/01/1447,
50,2,0.0,0.0,20/01/1447,
50,2,0.0,0.0,21/01/1447,
50,2,0.0,6.0,23/01/1447,
50,2,0.0,0.0,24/01/1447,
50,2,0.0,2.0,25/01/1447,
50,2,0.0,0.0,30/01/1447,
50,2,0.0,0.0,31/01/1447,
2,2,0.0,105.0,01/01/1447,
2,2,0.0,2.0,02/01/1447,
2,2,0.0,2.0,03/01/1447,
2,2,0.0,8.0,04/01/1447,
2,2,0.0,10.0,05/01/1447,
2,2,0.0,7.0,06/01/1447,
2,2,0.0,0.0,08/01/1447,
2,2,0.0,2.0,09/01/1447,
2,2,0.0,2.0,10/01/1447,
2,2,0.0,0.0,11/01/1447,
2,2,0.0,7.0,13/01/1447,
2,2,0.0,6.0,14/01/1447,
2,2,0.0,10.0,15/01/1447,
2,2,0.0,0.0,16/01/1447,
2,2,0.0,0.0,17/01/1447,
2,2,0.0,8.0,18/01/1447,
2,2,0.0,6.0,19/01/1447,
2,2,0.0,0.0,20/01/1447,
2,2,0.0,0.0,21/01/1447,
2,2,0.0,5.0,22/01/1447,
2,2,0.0,4.0,23/01/1447,
2,2,0.0,0.0,24/01/1447,
2,2,0.0,6.0,25/01/1447,
2,2,0.0,6.0,26/01/1447,
2,2,0.0,6.0,27/01/1447,
2,2,0.0,3.0,28/01/1447,
2,2,0.0,5.0,29/01/1447,
2,2,0.0,0.0,30/01/1447,
2,2,0.0,0.0,31/01/1447,
56,2,0.0,48.5,01/01/1447,
56,2,0.0,1.0,04/01/1447,
56,2,0.0,1.0,05/01/1447,
56,2,0.0,0.0,06/01/1447,
56,2,0.0,2.0,07/01/1447,
56,2,0.0,0.0,08/01/1447,
56,2,0.0,0.0,09/01/1447,
56,2,0.0,0.0,10/01/1447,
56,2,0.0,0.0,11/01/1447,
56,2,0.0,6.0,13/01/1447,
56,2,0.0,6.0,14/01/1447,
56,2,0.0,10.0,15/01/1447,
56,2,0.0,0.0,16/01/1447,
56,2,0.0,0.0,17/01/1447,
56,2,0.0,10.0,18/01/1447,
56,2,0.0,2.0,21/01/1447,
56,2,0.0,0.5,25/01/1447,
56,2,0.0,3.0,26/01/1447,
56,2,0.0,7.0,27/01/1447,
56,2,0.0,0.0,28/01/1447,
56,2,0.0,0.0,29/01/1447,
56,2,0.0,0.0,30/01/1447,
56,2,0.0,0.0,31/01/1447,
55,2,0.0,32.0,01/01/1447,
55,2,0.0,0.0,05/01/1447,
55,2,0.0,3.0,07/01/1447,
55,2,0.0,0.0,08/01/1447,
55,2,0.0,0.0,11/01/1447,
55,2,0.0,3.0,13/01/1447,
55,2,0.0,0.0,16/01/1447,
55,2,0.0,0.0,17/01/1447,
55,2,0.0,5.0,18/01/1447,
55,2,0.0,4.0,19/01/1447,
55,2,0.0,0.0,20/01/1447,
55,2,0.0,2.0,22/01/1447,
55,2,0.0,0.0,24/01/1447,
55,2,0.0,5.0,25/01/1447,
55,2,0.0,5.0,26/01/1447,
55,2,0.0,5.0,27/01/1447,
35,2,0.0,72.0,01/01/1447,
35,2,0.0,3.0,02/01/1447,
35,2,0.0,3.0,03/01/1447,
35,2,0.0,10.0,05/01/1447,
35,2,0.0,10.0,06/01/1447,
35,2,0.0,5.0,07/01/1447,
35,2,0.0,0.0,08/01/1447,
35,2,0.0,0.0,11/01/1447,
35,2,0.0,3.0,12/01/1447,
35,2,0.0,4.0,13/01/1447,
35,2,0.0,4.0,14/01/1447,
35,2,0.0,0.0,20/01/1447,
35,2,0.0,10.0,21/01/1447,
35,2,0.0,2.0,22/01/1447,
35,2,0.0,6.0,23/01/1447,
35,2,0.0,0.0,24/01/1447,
35,2,0.0,3.0,25/01/1447,
35,2,0.0,2.0,26/01/1447,
35,2,0.0,2.0,27/01/1447,
35,2,0.0,5.0,28/01/1447,
35,2,0.0,0.0,30/01/1447,
7,2,0.0,46.0,01/01/1447,
7,2,0.0,2.0,02/01/1447,
7,2,0.0,1.0,04/01/1447,
7,2,0.0,0.0,08/01/1447,
7,2,0.0,5.0,09/01/1447,
7,2,0.0,6.0,22/01/1447,
7,2,0.0,7.0,23/01/1447,
7,2,0.0,0.0,24/01/1447,
7,2,0.0,8.0,25/01/1447,
7,2,0.0,2.0,26/01/1447,
7,2,0.0,10.0,27/01/1447,
7,2,0.0,5.0,28/01/1447,
15,2,0.0,3.0,01/01/1447,
15,2,0.0,0.0,03/01/1447,
15,2,0.0,3.0,04/01/1447,
15,2,0.0,0.0,29/01/1447,
15,2,0.0,0.0,31/01/1447,
46,2,0.0,0.0,01/01/1447,
33,2,0.0,39.0,01/01/1447,
33,2,0.0,6.0,06/01/1447,
33,2,0.0,5.0,07/01/1447,
33,2,0.0,0.0,08/01/1447,
33,2,0.0,0.0,09/01/1447,
33,2,0.0,0.0,11/01/1447,
33,2,0.0,5.0,12/01/1447,
33,2,0.0,6.0,13/01/1447,
33,2,0.0,6.0,14/01/1447,
33,2,0.0,5.0,15/01/1447,
33,2,0.0,0.0,16/01/1447,
33,2,0.0,0.0,17/01/1447,
33,2,0.0,4.0,18/01/1447,
33,2,0.0,2.0,29/01/1447,
33,2,0.0,0.0,31/01/1447,
1,2,0.0,0.0,01/01/1447,
11,2,0.0,0.0,01/01/1447,
37,2,0.0,0.0,01/01/1447,
41,2,0.0,0.0,01/01/1447,
47,2,0.0,3.0,01/01/1447,
47,2,0.0,0.0,04/01/1447,
47,2,0.0,3.0,18/01/1447,
47,2,0.0,0.0,30/01/1447,
39,2,0.0,0.0,01/01/1447,
44,2,0.0,31.0,01/01/1447,
44,2,0.0,0.0,02/01/1447,
44,2,0.0,0.0,03/01/1447,
44,2,0.0,2.0,04/01/1447,
44,2,0.0,3.0,05/01/1447,
44,2,0.0,0.0,06/01/1447,
44,2,0.0,0.0,07/01/1447,
44,2,0.0,0.0,08/01/1447,
44,2,0.0,3.0,09/01/1447,
44,2,0.0,2.0,10/01/1447,
44,2,0.0,0.0,11/01/1447,
44,2,0.0,2.0,12/01/1447,
44,2,0.0,0.0,13/01/1447,
44,2,0.0,0.0,14/01/1447,
44,2,0.0,5.0,15/01/1447,
44,2,0.0,0.0,16/01/1447,
44,2,0.0,0.0,17/01/1447,
44,2,0.0,2.0,23/01/1447,
44,2,0.0,10.0,25/01/1447,
44,2,0.0,2.0,26/01/1447,
44,2,0.0,0.0,27/01/1447,
44,2,0.0,0.0,28/01/1447,
44,2,0.0,0.0,29/01/1447,
44,2,0.0,0.0,30/01/1447,
44,2,0.0,0.0,31/01/1447,
6,2,0.0,72.0,01/01/1447,
6,2,0.0,2.0,02/01/1447,
6,2,0.0,2.0,03/01/1447,
6,2,0.0,4.0,04/01/1447,
6,2,0.0,2.0,05/01/1447,
6,2,0.0,6.0,06/01/1447,
6,2,0.0,6.0,07/01/1447,
6,2,0.0,0.0,10/01/1447,
6,2,0.0,0.0,11/01/1447,
6,2,0.0,0.0,14/01/1447,
6,2,0.0,2.0,15/01/1447,
6,2,0.0,0.0,16/01/1447,
6,2,0.0,0.0,20/01/1447,
6,2,0.0,8.0,21/01/1447,
6,2,0.0,10.0,22/01/1447,
6,2,0.0,6.0,23/01/1447,
6,2,0.0,0.0,24/01/1447,
6,2,0.0,5.0,25/01/1447,
6,2,0.0,4.0,26/01/1447,
6,2,0.0,10.0,27/01/1447,
6,2,0.0,5.0,28/01/1447,
6,2,0.0,0.0,30/01/1447,
6,2,0.0,0.0,31/01/1447,
43,2,0.0,2.0,01/01/1447,
43,2,0.0,2.0,04/01/1447,
43,2,0.0,0.0,05/01/1447,
43,2,0.0,0.0,06/01/1447,
43,2,0.0,0.0,27/01/1447,
48,2,0.0,20.0,01/01/1447,
48,2,0.0,0.0,05/01/1447,
48,2,0.0,3.0,06/01/1447,
48,2,0.0,0.0,08/01/1447,
48,2,0.0,0.0,09/01/1447,
48,2,0.0,0.0,10/01/1447,
48,2,0.0,0.0,11/01/1447,
48,2,0.0,10.0,15/01/1447,
48,2,0.0,0.0,16/01/1447,
48,2,0.0,0.0,17/01/1447,
48,2,0.0,1.0,18/01/1447,
48,2,0.0,0.0,19/01/1447,
48,2,0.0,0.0,20/01/1447,
48,2,0.0,0.0,21/01/1447,
48,2,0.0,0.0,22/01/1447,
48,2,0.0,2.0,23/01/1447,
48,2,0.0,4.0,26/01/1447,
48,2,0.0,0.0,28/01/1447,
48,2,0.0,0.0,29/01/1447,
48,2,0.0,0.0,31/01/1447,
38,2,0.0,56.0,01/01/1447,
38,2,0.0,0.0,02/01/1447,
38,2,0.0,2.0,04/01/1447,
38,2,0.0,6.0,05/01/1447,
38,2,0.0,0.0,07/01/1447,
38,2,0.0,3.0,09/01/1447,
38,2,0.0,0.0,11/01/1447,
38,2,0.0,4.0,14/01/1447,
38,2,0.0,0.0,20/01/1447,
38,2,0.0,5.0,21/01/1447,
38,2,0.0,4.0,22/01/1447,
38,2,0.0,3.0,23/01/1447,
38,2,0.0,0.0,24/01/1447,
38,2,0.0,5.0,25/01/1447,
38,2,0.0,4.0,26/01/1447,
38,2,0.0,8.0,27/01/1447,
38,2,0.0,9.0,28/01/1447,
38,2,0.0,3.0,29/01/1447,
38,2,0.0,0.0,30/01/1447,
38,2,0.0,0.0,31/01/1447,
16,2,0.0,87.0,01/01/1447,
16,2,0.0,2.0,02/01/1447,
16,2,0.0,1.0,03/01/1447,
16,2,0.0,2.0,04/01/1447,
16,2,0.0,5.0,05/01/1447,
16,2,0.0,2.0,06/01/1447,
16,2,0.0,6.0,07/01/1447,
16,2,0.0,0.0,08/01/1447,
16,2,0.0,4.0,09/01/1447,
16,2,0.0,0.0,10/01/1447,
16,2,0.0,0.0,11/01/1447,
16,2,0.0,10.0,12/01/1447,
16,2,0.0,6.0,13/01/1447,
16,2,0.0,3.0,14/01/1447,
16,2,0.0,10.0,15/01/1447,
16,2,0.0,0.0,16/01/1447,
16,2,0.0,0.0,17/01/1447,
16,2,0.0,3.0,18/01/1447,
16,2,0.0,5.0,19/01/1447,
16,2,0.0,0.0,20/01/1447,
16,2,0.0,7.0,21/01/1447,
16,2,0.0,0.0,22/01/1447,
16,2,0.0,0.0,23/01/1447,
16,2,0.0,0.0,24/01/1447,
16,2,0.0,6.0,25/01/1447,
16,2,0.0,6.0,27/01/1447,
16,2,0.0,4.0,28/01/1447,
16,2,0.0,5.0,29/01/1447,
16,2,0.0,0.0,30/01/1447,
16,2,0.0,0.0,31/01/1447,
42,2,0.0,0.0,01/01/1447,
19,2,0.0,0.0,01/01/1447,
54,2,0.0,0.0,01/01/1447,
21,2,0.0,0.0,01/01/1447,
21,2,0.0,0.0,21/01/1447,
58,2,1.0,60.0,01/01/1447,
58,2,0.0,1.0,03/01/1447,
58,2,0.5,0.0,04/01/1447,
58,2,0.5,0.0,05/01/1447,
58,2,0.0,2.0,06/01/1447,
58,2,0.0,0.0,08/01/1447,
58,2,0.0,0.0,09/01/1447,
58,2,0.0,0.0,11/01/1447,
58,2,0.0,2.0,12/01/1447,
58,2,0.0,2.0,13/01/1447,
58,2,0.0,2.0,14/01/1447,
58,2,0.0,6.0,15/01/1447,
58,2,0.0,0.0,16/01/1447,
58,2,0.0,8.0,19/01/1447,
58,2,0.0,0.0,20/01/1447,
58,2,0.0,12.0,21/01/1447,
58,2,0.0,0.0,24/01/1447,
58,2,0.0,10.0,25/01/1447,
58,2,0.0,5.0,26/01/1447,
58,2,0.0,10.0,27/01/1447,
58,2,0.0,0.0,29/01/1447,
58,2,0.0,0.0,30/01/1447,
58,2,0.0,0.0,31/01/1447,
57,2,0.0,32.0,01/01/1447,
57,2,0.0,0.0,03/01/1447,
57,2,0.0,6.0,04/01/1447,
57,2,0.0,1.0,06/01/1447,
57,2,0.0,0.0,11/01/1447,
57,2,0.0,0.0,12/01/1447,
57,2,0.0,0.0,13/01/1447,
57,2,0.0,3.0,14/01/1447,
57,2,0.0,2.0,15/01/1447,
57,2,0.0,0.0,16/01/1447,
57,2,0.0,0.0,17/01/1447,
57,2,0.0,8.0,19/01/1447,
57,2,0.0,0.0,20/01/1447,
57,2,0.0,3.0,21/01/1447,
57,2,0.0,2.0,22/01/1447,
57,2,0.0,3.0,24/01/1447,
57,2,0.0,0.0,25/01/1447,
57,2,0.0,1.0,26/01/1447,
57,2,0.0,2.0,27/01/1447,
57,2,0.0,1.0,28/01/1447,
57,2,0.0,0.0,29/01/1447,
57,2,0.0,0.0,30/01/1447,
57,2,0.0,0.0,31/01/1447,
8,1,1.0,71.0,01/02/1447,
8,1,0.0,6.0,02/02/1447,
8,1,0.0,6.0,03/02/1447,
8,1,0.0,5.0,05/02/1447,
8,1,0.0,7.0,06/02/1447,
8,1,0.0,0.0,10/02/1447,
8,1,0.0,7.0,11/02/1447,
8,1,0.0,0.0,12/02/1447,
8,1,0.0,0.0,13/02/1447,
8,1,0.0,0.0,14/02/1447,
8,1,0.0,0.0,16/02/1447,
8,1,0.0,0.0,17/02/1447,
8,1,0.0,0.0,18/02/1447,
8,1,0.0,0.0,19/02/1447,
8,1,0.0,0.0,20/02/1447,
8,1,0.0,0.0,22/02/1447,
8,1,0.0,10.0,23/02/1447,
8,1,0.0,10.0,24/02/1447,
8,1,1.0,10.0,25/02/1447,
8,1,0.0,10.0,27/02/1447,
8,1,0.0,0.0,28/02/1447,
9,1,0.0,99.0,01/02/1447,
9,1,0.0,5.0,02/02/1447,
9,1,0.0,5.0,03/02/1447,
9,1,0.0,0.0,04/02/1447,
9,1,0.0,9.0,05/02/1447,
9,1,0.0,6.0,06/02/1447,
9,1,0.0,6.0,07/02/1447,
9,1,0.0,7.0,08/02/1447,
9,1,0.0,6.0,09/02/1447,
9,1,0.0,5.0,10/02/1447,
9,1,0.0,9.0,11/02/1447,
9,1,0.0,8.0,12/02/1447,
9,1,0.0,0.0,13/02/1447,
9,1,0.0,4.0,14/02/1447,
9,1,0.0,6.0,15/02/1447,
9,1,0.0,0.0,16/02/1447,
9,1,0.0,0.0,17/02/1447,
9,1,0.0,0.0,18/02/1447,
9,1,0.0,0.0,19/02/1447,
9,1,0.0,0.0,20/02/1447,
9,1,0.0,0.0,21/02/1447,
9,1,0.0,0.0,22/02/1447,
9,1,0.0,0.0,23/02/1447,
9,1,0.0,0.0,24/02/1447,
9,1,0.0,5.0,25/02/1447,
9,1,0.0,0.0,26/02/1447,
9,1,0.0,6.0,27/02/1447,
9,1,0.0,0.0,28/02/1447,
9,1,0.0,5.0,29/02/1447,
9,1,0.0,7.0,30/02/1447,
17,1,12.0,125.0,01/02/1447,
17,1,0.0,5.0,02/02/1447,
17,1,0.0,4.0,03/02/1447,
17,1,0.0,6.0,04/02/1447,
17,1,1.0,0.0,05/02/1447,
17,1,1.0,8.0,06/02/1447,
17,1,2.0,7.0,07/02/1447,
17,1,1.0,5.0,08/02/1447,
17,1,0.0,12.0,09/02/1447,
17,1,1.0,7.0,10/02/1447,
17,1,0.0,7.0,11/02/1447,
17,1,0.0,10.0,12/02/1447,
17,1,0.0,0.0,13/02/1447,
17,1,0.0,5.0,14/02/1447,
17,1,0.0,4.0,15/02/1447,
17,1,0.0,0.0,16/02/1447,
17,1,0.0,0.0,17/02/1447,
17,1,0.0,0.0,18/02/1447,
17,1,0.0,0.0,19/02/1447,
17,1,0.0,0.0,20/02/1447,
17,1,0.0,0.0,21/02/1447,
17,1,0.0,0.0,22/02/1447,
17,1,2.0,8.0,23/02/1447,
17,1,2.0,10.0,24/02/1447,
17,1,1.0,10.0,25/02/1447,
17,1,0.0,0.0,26/02/1447,
17,1,0.0,7.0,27/02/1447,
17,1,0.0,0.0,28/02/1447,
17,1,1.0,0.0,29/02/1447,
17,1,0.0,10.0,30/02/1447,
36,1,1.0,77.0,01/02/1447,
36,1,0.0,4.0,03/02/1447,
36,1,0.0,3.0,04/02/1447,
36,1,0.0,3.0,05/02/1447,
36,1,0.0,4.0,06/02/1447,
36,1,0.0,6.0,07/02/1447,
36,1,0.0,4.0,08/02/1447,
36,1,0.0,4.0,09/02/1447,
36,1,0.0,6.0,10/02/1447,
36,1,0.0,0.0,11/02/1447,
36,1,0.0,0.0,16/02/1447,
36,1,0.0,0.0,17/02/1447,
36,1,0.0,0.0,18/02/1447,
36,1,0.0,0.0,19/02/1447,
36,1,0.0,0.0,20/02/1447,
36,1,0.0,0.0,21/02/1447,
36,1,0.0,0.0,22/02/1447,
36,1,0.0,8.0,23/02/1447,
36,1,0.5,10.0,24/02/1447,
36,1,0.5,9.0,25/02/1447,
36,1,0.0,0.0,26/02/1447,
36,1,0.0,7.0,27/02/1447,
36,1,0.0,0.0,28/02/1447,
36,1,0.0,3.0,29/02/1447,
36,1,0.0,6.0,30/02/1447,
23,1,0.0,0.0,01/02/1447,
3,1,0.5,72.0,01/02/1447,
3,1,0.0,1.0,02/02/1447,
3,1,0.0,2.0,03/02/1447,
3,1,0.0,2.0,04/02/1447,
3,1,0.0,1.0,05/02/1447,
3,1,0.0,6.0,06/02/1447,
3,1,0.0,6.0,07/02/1447,
3,1,0.0,4.0,09/02/1447,
3,1,0.0,4.0,11/02/1447,
3,1,0.0,3.0,12/02/1447,
3,1,0.0,4.0,13/02/1447,
3,1,0.0,0.0,17/02/1447,
3,1,0.0,0.0,18/02/1447,
3,1,0.0,0.0,19/02/1447,
3,1,0.0,0.0,20/02/1447,
3,1,0.0,0.0,21/02/1447,
3,1,0.0,0.0,22/02/1447,
3,1,0.0,10.0,23/02/1447,
3,1,0.0,0.0,24/02/1447,
3,1,0.5,10.0,25/02/1447,
3,1,0.0,0.0,26/02/1447,
3,1,0.0,9.0,27/02/1447,
3,1,0.0,0.0,28/02/1447,
3,1,0.0,10.0,29/02/1447,
3,1,0.0,0.0,30/02/1447,
4,1,1.0,92.0,01/02/1447,
4,1,0.0,7.0,02/02/1447,
4,1,0.0,5.0,03/02/1447,
4,1,0.0,0.0,04/02/1447,
4,1,0.0,6.0,05/02/1447,
4,1,0.0,4.0,07/02/1447,
4,1,0.0,7.0,08/02/1447,
4,1,0.0,6.0,09/02/1447,
4,1,0.0,5.0,10/02/1447,
4,1,0.0,9.0,11/02/1447,
4,1,0.0,4.0,12/02/1447,
4,1,0.0,5.0,13/02/1447,
4,1,0.0,0.0,15/02/1447,
4,1,0.0,0.0,16/02/1447,
4,1,0.0,0.0,17/02/1447,
4,1,0.0,0.0,18/02/1447,
4,1,0.0,0.0,19/02/1447,
4,1,0.0,0.0,20/02/1447,
4,1,0.0,10.0,23/02/1447,
4,1,0.0,10.0,24/02/1447,
4,1,1.0,8.0,25/02/1447,
4,1,0.0,0.0,28/02/1447,
4,1,0.0,6.0,30/02/1447,
12,1,1.0,75.0,01/02/1447,
12,1,0.0,4.0,02/02/1447,
12,1,0.0,6.0,03/02/1447,
12,1,0.0,3.0,05/02/1447,
12,1,0.0,7.0,06/02/1447,
12,1,0.0,9.0,07/02/1447,
12,1,0.0,6.0,11/02/1447,
12,1,0.0,0.0,19/02/1447,
12,1,0.0,0.0,20/02/1447,
12,1,0.0,10.0,24/02/1447,
12,1,0.0,10.0,25/02/1447,
12,1,0.0,10.0,27/02/1447,
12,1,0.0,0.0,28/02/1447,
12,1,1.0,10.0,30/02/1447,
49,1,0.5,4.0,01/02/1447,
49,1,0.0,0.0,02/02/1447,
49,1,0.5,0.0,03/02/1447,
49,1,0.0,4.0,05/02/1447,
49,1,0.0,0.0,06/02/1447,
49,1,0.0,0.0,20/02/1447,
49,1,0.0,0.0,21/02/1447,
49,1,0.0,0.0,29/02/1447,
22,1,0.0,0.0,01/02/1447,
31,1,0.0,0.0,01/02/1447,
51,1,0.0,0.0,01/02/1447,
52,1,0.0,37.0,01/02/1447,
52,1,0.0,2.0,02/02/1447,
52,1,0.0,4.0,03/02/1447,
52,1,0.0,6.0,04/02/1447,
52,1,0.0,4.0,05/02/1447,
52,1,0.0,5.0,06/02/1447,
52,1,0.0,2.0,08/02/1447,
52,1,0.0,0.0,19/02/1447,
52,1,0.0,0.0,20/02/1447,
52,1,0.0,0.0,26/02/1447,
52,1,0.0,3.0,27/02/1447,
52,1,0.0,0.0,28/02/1447,
52,1,0.0,6.0,29/02/1447,
52,1,0.0,5.0,30/02/1447,
24,2,13.0,181.0,01/02/1447,
24,2,0.0,10.0,02/02/1447,
24,2,1.0,10.0,03/02/1447,
24,2,0.0,8.0,04/02/1447,
24,2,2.0,10.0,05/02/1447,
24,2,2.0,6.0,06/02/1447,
24,2,2.0,8.0,07/02/1447,
24,2,1.0,10.0,09/02/1447,
24,2,0.0,6.0,10/02/1447,
24,2,0.0,30.0,11/02/1447,
24,2,2.0,30.0,12/02/1447,
24,2,0.0,10.0,13/02/1447,
24,2,0.0,10.0,14/02/1447,
24,2,0.0,10.0,15/02/1447,
24,2,0.0,0.0,16/02/1447,
24,2,0.0,0.0,17/02/1447,
24,2,0.0,0.0,18/02/1447,
24,2,0.0,0.0,19/02/1447,
24,2,0.0,0.0,20/02/1447,
24,2,2.0,0.0,25/02/1447,
24,2,1.0,6.0,26/02/1447,
24,2,0.0,5.0,28/02/1447,
24,2,0.0,12.0,30/02/1447,
53,2,0.0,41.0,01/02/1447,
53,2,0.0,10.0,06/02/1447,
53,2,0.0,5.0,07/02/1447,
53,2,0.0,3.0,11/02/1447,
53,2,0.0,3.0,12/02/1447,
53,2,0.0,5.0,13/02/1447,
53,2,0.0,10.0,14/02/1447,
53,2,0.0,5.0,15/02/1447,
53,2,0.0,0.0,16/02/1447,
53,2,0.0,0.0,17/02/1447,
53,2,0.0,0.0,18/02/1447,
53,2,0.0,0.0,19/02/1447,
53,2,0.0,0.0,20/02/1447,
40,2,10.0,155.0,01/02/1447,
40,2,0.0,10.0,02/02/1447,
40,2,0.0,5.0,03/02/1447,
40,2,1.0,20.0,04/02/1447,
40,2,1.0,0.0,05/02/1447,
40,2,1.0,20.0,06/02/1447,
40,2,1.0,0.0,07/02/1447,
40,2,0.0,0.0,08/02/1447,
40,2,0.0,30.0,09/02/1447,
40,2,1.0,20.0,10/02/1447,
40,2,0.0,10.0,11/02/1447,
40,2,1.0,0.0,12/02/1447,
40,2,0.0,10.0,13/02/1447,
40,2,1.0,10.0,14/02/1447,
40,2,1.0,0.0,15/02/1447,
40,2,0.0,0.0,16/02/1447,
40,2,0.0,0.0,17/02/1447,
40,2,0.0,0.0,18/02/1447,
40,2,0.0,0.0,19/02/1447,
40,2,0.0,0.0,20/02/1447,
40,2,0.0,0.0,21/02/1447,
40,2,0.0,0.0,22/02/1447,
40,2,1.0,0.0,23/02/1447,
40,2,1.0,0.0,24/02/1447,
40,2,0.0,12.0,25/02/1447,
40,2,0.0,8.0,26/02/1447,
40,2,0.0,0.0,27/02/1447,
40,2,0.0,0.0,28/02/1447,
40,2,0.0,0.0,29/02/1447,
40,2,0.0,0.0,30/02/1447,
29,2,0.0,113.0,01/02/1447,
29,2,0.0,6.0,02/02/1447,
29,2,0.0,6.0,03/02/1447,
29,2,0.0,8.0,04/02/1447,
29,2,0.0,8.0,05/02/1447,
29,2,0.0,10.0,06/02/1447,
29,2,0.0,8.0,07/02/1447,
29,2,0.0,0.0,08/02/1447,
29,2,0.0,7.0,09/02/1447,
29,2,0.0,13.0,10/02/1447,
29,2,0.0,10.0,11/02/1447,
29,2,0.0,10.0,12/02/1447,
29,2,0.0,8.0,13/02/1447,
29,2,0.0,7.0,14/02/1447,
29,2,0.0,5.0,15/02/1447,
29,2,0.0,0.0,16/02/1447,
29,2,0.0,0.0,17/02/1447,
29,2,0.0,0.0,18/02/1447,
29,2,0.0,0.0,19/02/1447,
29,2,0.0,0.0,20/02/1447,
29,2,0.0,0.0,21/02/1447,
29,2,0.0,0.0,22/02/1447,
29,2,0.0,1.0,23/02/1447,
29,2,0.0,1.0,24/02/1447,
29,2,0.0,2.0,25/02/1447,
29,2,0.0,0.5,26/02/1447,
29,2,0.0,0.5,27/02/1447,
29,2,0.0,0.0,28/02/1447,
29,2,0.0,0.0,29/02/1447,
29,2,0.0,2.0,30/02/1447,
13,2,2.5,108.0,01/02/1447,
13,2,0.0,20.0,02/02/1447,
13,2,0.0,13.0,03/02/1447,
13,2,0.0,12.0,04/02/1447,
13,2,0.0,2.0,05/02/1447,
13,2,0.0,0.0,06/02/1447,
13,2,0.0,0.0,07/02/1447,
13,2,0.0,0.0,08/02/1447,
13,2,0.5,20.0,09/02/1447,
13,2,0.0,0.0,11/02/1447,
13,2,1.0,0.0,12/02/1447,
13,2,0.0,5.0,13/02/1447,
13,2,0.0,0.0,14/02/1447,
13,2,0.0,3.0,15/02/1447,
13,2,0.0,0.0,16/02/1447,
13,2,0.0,0.0,17/02/1447,
13,2,0.0,0.0,18/02/1447,
13,2,0.0,0.0,19/02/1447,
13,2,0.0,0.0,20/02/1447,
13,2,0.0,0.0,22/02/1447,
13,2,0.5,6.0,23/02/1447,
13,2,0.5,0.0,24/02/1447,
13,2,0.0,5.0,25/02/1447,
13,2,0.0,10.0,26/02/1447,
13,2,0.0,6.0,27/02/1447,
13,2,0.0,0.0,28/02/1447,
13,2,0.0,0.0,29/02/1447,
13,2,0.0,6.0,30/02/1447,
32,2,0.0,71.0,01/02/1447,
32,2,0.0,5.0,02/02/1447,
32,2,0.0,6.0,04/02/1447,
32,2,0.0,10.0,05/02/1447,
32,2,0.0,10.0,06/02/1447,
32,2,0.0,0.0,07/02/1447,
32,2,0.0,0.0,08/02/1447,
32,2,0.0,2.0,09/02/1447,
32,2,0.0,8.0,10/02/1447,
32,2,0.0,8.0,11/02/1447,
32,2,0.0,5.0,12/02/1447,
32,2,0.0,4.0,13/02/1447,
32,2,0.0,5.0,14/02/1447,
32,2,0.0,3.0,15/02/1447,
32,2,0.0,0.0,16/02/1447,
32,2,0.0,0.0,17/02/1447,
32,2,0.0,0.0,18/02/1447,
32,2,0.0,0.0,19/02/1447,
32,2,0.0,0.0,20/02/1447,
32,2,0.0,0.0,21/02/1447,
32,2,0.0,0.0,22/02/1447,
32,2,0.0,0.0,23/02/1447,
32,2,0.0,0.0,24/02/1447,
32,2,0.0,5.0,26/02/1447,
32,2,0.0,0.0,28/02/1447,
32,2,0.0,0.0,30/02/1447,
50,2,0.0,59.0,01/02/1447,
50,2,0.0,4.0,02/02/1447,
50,2,0.0,6.0,04/02/1447,
50,2,0.0,6.0,06/02/1447,
50,2,0.0,0.0,07/02/1447,
50,2,0.0,7.0,08/02/1447,
50,2,0.0,10.0,09/02/1447,
50,2,0.0,6.0,10/02/1447,
50,2,0.0,5.0,11/02/1447,
50,2,0.0,8.0,12/02/1447,
50,2,0.0,0.0,14/02/1447,
50,2,0.0,3.0,15/02/1447,
50,2,0.0,0.0,16/02/1447,
50,2,0.0,0.0,17/02/1447,
50,2,0.0,0.0,18/02/1447,
50,2,0.0,0.0,19/02/1447,
50,2,0.0,0.0,20/02/1447,
50,2,0.0,0.0,21/02/1447,
50,2,0.0,0.0,22/02/1447,
50,2,0.0,1.0,23/02/1447,
50,2,0.0,1.0,24/02/1447,
50,2,0.0,0.0,25/02/1447,
50,2,0.0,0.0,27/02/1447,
50,2,0.0,0.0,28/02/1447,
50,2,0.0,2.0,30/02/1447,
2,2,1.5,77.0,01/02/1447,
2,2,0.0,4.0,02/02/1447,
2,2,0.0,0.0,04/02/1447,
2,2,0.5,7.0,05/02/1447,
2,2,0.5,8.0,06/02/1447,
2,2,0.0,0.0,07/02/1447,
2,2,0.0,10.0,08/02/1447,
2,2,0.0,2.0,09/02/1447,
2,2,0.0,6.0,10/02/1447,
2,2,0.5,0.0,11/02/1447,
2,2,0.0,8.0,12/02/1447,
2,2,0.0,5.0,13/02/1447,
2,2,0.0,6.0,14/02/1447,
2,2,0.0,4.0,15/02/1447,
2,2,0.0,0.0,16/02/1447,
2,2,0.0,0.0,17/02/1447,
2,2,0.0,0.0,18/02/1447,
2,2,0.0,0.0,19/02/1447,
2,2,0.0,0.0,20/02/1447,
2,2,0.0,0.0,21/02/1447,
2,2,0.0,1.0,22/02/1447,
2,2,0.0,1.0,23/02/1447,
2,2,0.0,3.0,24/02/1447,
2,2,0.0,2.0,25/02/1447,
2,2,0.0,3.0,26/02/1447,
2,2,0.0,0.0,27/02/1447,
2,2,0.0,0.0,28/02/1447,
2,2,0.0,0.0,29/02/1447,
2,2,0.0,7.0,30/02/1447,
56,2,1.5,31.0,01/02/1447,
56,2,0.0,2.0,02/02/1447,
56,2,0.0,0.0,03/02/1447,
56,2,0.0,0.0,04/02/1447,
56,2,0.0,0.0,05/02/1447,
56,2,0.0,0.0,06/02/1447,
56,2,0.0,0.0,07/02/1447,
56,2,0.0,0.0,08/02/1447,
56,2,0.0,0.0,09/02/1447,
56,2,0.0,6.0,11/02/1447,
56,2,0.0,6.0,12/02/1447,
56,2,0.0,4.0,13/02/1447,
56,2,0.0,5.0,14/02/1447,
56,2,0.0,2.0,15/02/1447,
56,2,0.0,0.0,16/02/1447,
56,2,0.0,0.0,17/02/1447,
56,2,0.0,0.0,18/02/1447,
56,2,0.0,0.0,19/02/1447,
56,2,0.0,0.0,20/02/1447,
56,2,0.0,0.0,21/02/1447,
56,2,0.0,0.0,22/02/1447,
56,2,0.0,0.0,23/02/1447,
56,2,0.5,0.0,24/02/1447,
56,2,0.5,0.0,25/02/1447,
56,2,0.5,0.0,26/02/1447,
56,2,0.0,3.0,27/02/1447,
56,2,0.0,0.0,28/02/1447,
56,2,0.0,0.0,29/02/1447,
56,2,0.0,3.0,30/02/1447,
55,2,0.0,8.0,01/02/1447,
55,2,0.0,5.0,11/02/1447,
55,2,0.0,3.0,12/02/1447,
35,2,1.0,28.0,01/02/1447,
35,2,0.0,0.0,02/02/1447,
35,2,0.0,0.0,03/02/1447,
35,2,0.0,3.0,05/02/1447,
35,2,0.0,2.0,06/02/1447,
35,2,0.0,6.0,07/02/1447,
35,2,0.0,3.0,10/02/1447,
35,2,0.0,2.0,11/02/1447,
35,2,0.0,3.0,12/02/1447,
35,2,0.0,3.0,13/02/1447,
35,2,0.0,3.0,14/02/1447,
35,2,0.0,3.0,23/02/1447,
35,2,0.0,0.0,24/02/1447,
35,2,0.5,0.0,25/02/1447,
35,2,0.5,0.0,26/02/1447,
35,2,0.0,0.0,27/02/1447,
35,2,0.0,0.0,28/02/1447,
7,2,1.0,18.5,01/02/1447,
7,2,0.0,3.0,03/02/1447,
7,2,0.0,3.0,04/02/1447,
7,2,0.0,2.0,06/02/1447,
7,2,0.0,0.0,07/02/1447,
7,2,0.0,0.0,08/02/1447,
7,2,0.0,3.0,09/02/1447,
7,2,0.0,2.0,10/02/1447,
7,2,0.0,3.0,11/02/1447,
7,2,0.0,2.0,12/02/1447,
7,2,0.0,0.0,21/02/1447,
7,2,0.0,0.0,22/02/1447,
7,2,0.0,0.0,24/02/1447,
7,2,0.5,0.0,25/02/1447,
7,2,0.0,0.5,26/02/1447,
7,2,0.0,0.0,28/02/1447,
7,2,0.0,0.0,29/02/1447,
7,2,0.5,0.0,30/02/1447,
15,2,0.5,3.0,01/02/1447,
15,2,0.0,3.0,26/02/1447,
15,2,0.0,0.0,29/02/1447,
15,2,0.5,0.0,30/02/1447,
46,2,0.0,0.0,01/02/1447,
33,2,0.0,0.0,01/02/1447,
33,2,0.0,0.0,21/02/1447,
1,2,0.0,0.0,01/02/1447,
11,2,0.0,4.0,01/02/1447,
11,2,0.0,0.0,28/02/1447,
11,2,0.0,0.0,29/02/1447,
11,2,0.0,4.0,30/02/1447,
37,2,0.0,0.0,01/02/1447,
41,2,0.0,0.0,01/02/1447,
47,2,0.0,0.0,01/02/1447,
47,2,0.0,0.0,28/02/1447,
47,2,0.0,0.0,29/02/1447,
39,2,0.0,0.0,01/02/1447,
39,2,0.0,0.0,02/02/1447,
39,2,0.0,0.0,03/02/1447,
39,2,0.0,0.0,21/02/1447,
44,2,0.0,5.0,01/02/1447,
44,2,0.0,0.0,21/02/1447,
44,2,0.0,0.0,22/02/1447,
44,2,0.0,0.0,24/02/1447,
44,2,0.0,0.0,25/02/1447,
44,2,0.0,3.0,26/02/1447,
44,2,0.0,2.0,27/02/1447,
44,2,0.0,0.0,28/02/1447,
44,2,0.0,0.0,29/02/1447,
44,2,0.0,0.0,30/02/1447,
6,2,0.0,0.0,01/02/1447,
43,2,0.0,0.0,01/02/1447,
43,2,0.0,0.0,19/02/1447,
43,2,0.0,0.0,20/02/1447,
48,2,0.0,13.0,01/02/1447,
48,2,0.0,5.0,06/02/1447,
48,2,0.0,0.0,07/02/1447,
48,2,0.0,0.0,08/02/1447,
48,2,0.0,0.0,13/02/1447,
48,2,0.0,0.0,22/02/1447,
48,2,0.0,5.0,23/02/1447,
48,2,0.0,0.0,24/02/1447,
48,2,0.0,0.0,25/02/1447,
48,2,0.0,3.0,27/02/1447,
48,2,0.0,0.0,28/02/1447,
48,2,0.0,0.0,29/02/1447,
38,2,3.0,7.0,01/02/1447,
38,2,0.0,0.0,10/02/1447,
38,2,0.0,2.0,11/02/1447,
38,2,0.0,5.0,12/02/1447,
38,2,0.5,0.0,13/02/1447,
38,2,0.0,0.0,16/02/1447,
38,2,0.0,0.0,17/02/1447,
38,2,0.0,0.0,18/02/1447,
38,2,0.0,0.0,19/02/1447,
38,2,0.0,0.0,20/02/1447,
38,2,0.0,0.0,21/02/1447,
38,2,0.5,0.0,22/02/1447,
38,2,0.5,0.0,23/02/1447,
38,2,0.5,0.0,24/02/1447,
38,2,0.0,0.0,25/02/1447,
38,2,0.5,0.0,27/02/1447,
38,2,0.0,0.0,28/02/1447,
38,2,0.0,0.0,29/02/1447,
38,2,0.5,0.0,30/02/1447,
16,2,1.5,48.0,01/02/1447,
16,2,0.0,0.0,02/02/1447,
16,2,0.0,6.0,03/02/1447,
16,2,0.0,3.0,04/02/1447,
16,2,0.0,6.0,05/02/1447,
16,2,0.0,10.0,06/02/1447,
16,2,0.0,0.0,07/02/1447,
16,2,0.0,0.0,08/02/1447,
16,2,0.0,10.0,10/02/1447,
16,2,0.0,2.0,11/02/1447,
16,2,0.0,5.0,12/02/1447,
16,2,0.0,4.0,13/02/1447,
16,2,0.0,2.0,14/02/1447,
16,2,0.0,0.0,16/02/1447,
16,2,0.0,0.0,17/02/1447,
16,2,0.0,0.0,18/02/1447,
16,2,0.0,0.0,19/02/1447,
16,2,0.0,0.0,20/02/1447,
16,2,0.0,0.0,21/02/1447,
16,2,0.0,0.0,22/02/1447,
16,2,0.5,0.0,24/02/1447,
16,2,0.5,0.0,25/02/1447,
16,2,0.0,0.0,27/02/1447,
16,2,0.0,0.0,28/02/1447,
16,2,0.0,0.0,29/02/1447,
16,2,0.5,0.0,30/02/1447,
42,2,0.0,0.0,01/02/1447,
19,2,0.0,0.0,01/02/1447,
54,2,0.0,0.0,01/02/1447,
21,2,0.0,0.0,01/02/1447,
21,2,0.0,0.0,30/02/1447,
58,2,3.5,21.0,01/02/1447,
58,2,0.5,0.0,02/02/1447,
58,2,0.5,0.0,03/02/1447,
58,2,0.0,4.0,04/02/1447,
58,2,0.5,0.0,05/02/1447,
58,2,0.5,0.0,07/02/1447,
58,2,0.0,0.0,08/02/1447,
58,2,0.0,1.0,10/02/1447,
58,2,0.5,0.0,11/02/1447,
58,2,0.5,0.0,12/02/1447,
58,2,0.0,2.0,13/02/1447,
58,2,0.0,0.0,16/02/1447,
58,2,0.0,0.0,17/02/1447,
58,2,0.0,0.0,18/02/1447,
58,2,0.0,0.0,19/02/1447,
58,2,0.0,0.0,20/02/1447,
58,2,0.0,0.0,22/02/1447,
58,2,0.0,0.0,23/02/1447,
58,2,0.0,4.0,25/02/1447,
58,2,0.0,5.0,27/02/1447,
58,2,0.0,0.0,28/02/1447,
58,2,0.0,0.0,29/02/1447,
58,2,0.5,5.0,30/02/1447,
57,2,0.0,5.0,01/02/1447,
57,2,0.0,2.0,03/02/1447,
57,2,0.0,1.0,04/02/1447,
57,2,0.0,0.0,06/02/1447,
57,2,0.0,0.0,08/02/1447,
57,2,0.0,1.0,09/02/1447,
57,2,0.0,1.0,10/02/1447,
57,2,0.0,0.0,20/02/1447,
57,2,0.0,0.0,21/02/1447,
57,2,0.0,0.0,28/02/1447,
57,2,0.0,0.0,29/02/1447,
57,2,0.0,0.0,30/02/1447,
8,1,4.0,53.0,01/03/1447,
8,1,0.0,0.0,02/03/1447,
8,1,1.0,3.0,03/03/1447,
8,1,1.0,10.0,04/03/1447,
8,1,0.0,10.0,12/03/1447,
8,1,1.0,6.0,17/03/1447,
8,1,0.0,0.0,20/03/1447,
8,1,0.0,5.0,24/03/1447,
8,1,0.0,10.0,25/03/1447,
8,1,0.0,0.0,26/03/1447,
8,1,0.0,4.0,28/03/1447,
8,1,1.0,5.0,30/03/1447,
9,1,2.0,114.0,01/03/1447,
9,1,0.0,11.0,02/03/1447,
9,1,0.0,0.0,03/03/1447,
9,1,0.0,0.0,04/03/1447,
9,1,0.0,0.0,05/03/1447,
9,1,0.0,0.0,06/03/1447,
9,1,0.0,5.0,07/03/1447,
9,1,0.0,7.0,08/03/1447,
9,1,0.0,7.0,09/03/1447,
9,1,0.0,0.0,10/03/1447,
9,1,0.0,5.0,11/03/1447,
9,1,0.0,5.0,12/03/1447,
9,1,0.0,0.0,14/03/1447,
9,1,0.0,11.0,15/03/1447,
9,1,0.0,0.0,17/03/1447,
9,1,0.0,0.0,18/03/1447,
9,1,0.0,0.0,19/03/1447,
9,1,0.0,13.0,20/03/1447,
9,1,0.0,0.0,21/03/1447,
9,1,0.0,13.0,22/03/1447,
9,1,0.0,7.0,23/03/1447,
9,1,0.0,10.0,24/03/1447,
9,1,1.0,0.0,25/03/1447,
9,1,0.0,0.0,26/03/1447,
9,1,0.0,0.0,27/03/1447,
9,1,0.0,0.0,28/03/1447,
9,1,0.0,20.0,29/03/1447,
9,1,1.0,0.0,30/03/1447,
9,1,0.0,0.0,31/03/1447,
17,1,14.5,158.0,01/03/1447,
17,1,1.0,9.0,02/03/1447,
17,1,0.0,0.0,03/03/1447,
17,1,2.0,10.0,04/03/1447,
17,1,1.0,10.0,05/03/1447,
17,1,0.0,8.0,06/03/1447,
17,1,1.0,3.0,07/03/1447,
17,1,1.0,6.0,08/03/1447,
17,1,1.0,7.0,09/03/1447,
17,1,0.0,0.0,10/03/1447,
17,1,1.0,3.0,11/03/1447,
17,1,0.0,3.0,12/03/1447,
17,1,0.0,6.0,13/03/1447,
17,1,0.0,9.0,14/03/1447,
17,1,0.0,11.0,15/03/1447,
17,1,0.0,10.0,16/03/1447,
17,1,0.0,0.0,17/03/1447,
17,1,0.5,7.0,18/03/1447,
17,1,1.0,10.0,19/03/1447,
17,1,1.0,4.0,20/03/1447,
17,1,0.0,0.0,21/03/1447,
17,1,0.0,8.0,22/03/1447,
17,1,1.0,10.0,23/03/1447,
17,1,2.0,10.0,24/03/1447,
17,1,0.0,9.0,25/03/1447,
17,1,1.0,0.0,26/03/1447,
17,1,0.0,0.0,27/03/1447,
17,1,0.0,0.0,28/03/1447,
17,1,0.0,0.0,29/03/1447,
17,1,0.0,5.0,30/03/1447,
17,1,0.0,0.0,31/03/1447,
36,1,3.0,69.0,01/03/1447,
36,1,0.5,7.0,02/03/1447,
36,1,0.0,0.0,03/03/1447,
36,1,0.0,10.0,04/03/1447,
36,1,0.0,8.0,05/03/1447,
36,1,0.0,8.0,06/03/1447,
36,1,0.0,4.0,07/03/1447,
36,1,0.0,0.0,08/03/1447,
36,1,0.5,0.0,09/03/1447,
36,1,0.0,0.0,10/03/1447,
36,1,0.0,5.0,11/03/1447,
36,1,0.0,4.0,12/03/1447,
36,1,0.0,0.0,13/03/1447,
36,1,0.5,4.0,14/03/1447,
36,1,0.0,3.0,20/03/1447,
36,1,0.0,0.0,21/03/1447,
36,1,0.0,3.0,22/03/1447,
36,1,0.5,3.0,24/03/1447,
36,1,0.5,3.0,25/03/1447,
36,1,0.0,3.0,26/03/1447,
36,1,0.0,0.0,27/03/1447,
36,1,0.0,4.0,29/03/1447,
36,1,0.5,0.0,30/03/1447,
36,1,0.0,0.0,31/03/1447,
23,1,0.0,103.0,01/03/1447,
23,1,0.0,0.0,10/03/1447,
23,1,0.0,10.0,11/03/1447,
23,1,0.0,10.0,12/03/1447,
23,1,0.0,0.0,13/03/1447,
23,1,0.0,10.0,15/03/1447,
23,1,0.0,10.0,16/03/1447,
23,1,0.0,0.0,17/03/1447,
23,1,0.0,4.0,18/03/1447,
23,1,0.0,6.0,19/03/1447,
23,1,0.0,8.0,20/03/1447,
23,1,0.0,0.0,21/03/1447,
23,1,0.0,8.0,22/03/1447,
23,1,0.0,8.0,23/03/1447,
23,1,0.0,7.0,24/03/1447,
23,1,0.0,9.0,25/03/1447,
23,1,0.0,7.0,26/03/1447,
23,1,0.0,0.0,27/03/1447,
23,1,0.0,0.0,28/03/1447,
23,1,0.0,6.0,29/03/1447,
23,1,0.0,0.0,31/03/1447,
3,1,0.0,56.0,01/03/1447,
3,1,0.0,4.0,02/03/1447,
3,1,0.0,0.0,03/03/1447,
3,1,0.0,4.0,05/03/1447,
3,1,0.0,0.0,08/03/1447,
3,1,0.0,10.0,09/03/1447,
3,1,0.0,0.0,10/03/1447,
3,1,0.0,8.0,12/03/1447,
3,1,0.0,0.0,13/03/1447,
3,1,0.0,0.0,17/03/1447,
3,1,0.0,10.0,19/03/1447,
3,1,0.0,7.0,23/03/1447,
3,1,0.0,3.0,24/03/1447,
3,1,0.0,3.0,25/03/1447,
3,1,0.0,7.0,26/03/1447,
3,1,0.0,0.0,27/03/1447,
3,1,0.0,0.0,28/03/1447,
4,1,2.0,53.0,01/03/1447,
4,1,0.0,0.0,02/03/1447,
4,1,0.0,0.0,03/03/1447,
4,1,0.0,8.0,08/03/1447,
4,1,0.0,5.0,09/03/1447,
4,1,0.0,0.0,10/03/1447,
4,1,1.0,0.0,11/03/1447,
4,1,0.0,8.0,15/03/1447,
4,1,0.0,7.0,16/03/1447,
4,1,0.0,0.0,17/03/1447,
4,1,0.0,4.0,20/03/1447,
4,1,1.0,5.0,22/03/1447,
4,1,0.0,8.0,26/03/1447,
4,1,0.0,0.0,27/03/1447,
4,1,0.0,8.0,29/03/1447,
12,1,3.0,66.0,01/03/1447,
12,1,0.5,14.0,02/03/1447,
12,1,0.0,0.0,03/03/1447,
12,1,0.0,8.0,04/03/1447,
12,1,0.5,9.0,05/03/1447,
12,1,0.0,0.0,08/03/1447,
12,1,0.0,0.0,10/03/1447,
12,1,0.5,10.0,15/03/1447,
12,1,0.0,7.0,16/03/1447,
12,1,0.0,9.0,20/03/1447,
12,1,1.0,0.0,22/03/1447,
12,1,0.5,0.0,23/03/1447,
12,1,0.0,5.0,24/03/1447,
12,1,0.0,4.0,26/03/1447,
12,1,0.0,0.0,27/03/1447,
49,1,0.0,0.0,01/03/1447,
22,1,0.0,0.0,01/03/1447,
31,1,0.0,0.0,01/03/1447,
51,1,0.0,0.0,01/03/1447,
52,1,0.0,42.0,01/03/1447,
52,1,0.0,4.0,02/03/1447,
52,1,0.0,0.0,03/03/1447,
52,1,0.0,4.0,04/03/1447,
52,1,0.0,7.0,05/03/1447,
52,1,0.0,9.0,06/03/1447,
52,1,0.0,0.0,08/03/1447,
52,1,0.0,5.0,09/03/1447,
52,1,0.0,0.0,10/03/1447,
52,1,0.0,4.0,11/03/1447,
52,1,0.0,3.0,12/03/1447,
52,1,0.0,3.0,20/03/1447,
52,1,0.0,0.0,23/03/1447,
52,1,0.0,3.0,26/03/1447,
52,1,0.0,0.0,27/03/1447,
24,2,2.0,36.0,01/03/1447,
24,2,1.0,10.0,02/03/1447,
24,2,0.0,0.0,03/03/1447,
24,2,0.0,6.0,04/03/1447,
24,2,0.0,8.0,08/03/1447,
24,2,0.0,12.0,09/03/1447,
24,2,1.0,0.0,10/03/1447,
53,2,0.0,0.0,01/03/1447,
40,2,12.0,141.0,01/03/1447,
40,2,0.0,0.0,03/03/1447,
40,2,0.0,7.0,04/03/1447,
40,2,1.0,6.0,05/03/1447,
40,2,1.0,10.0,06/03/1447,
40,2,0.0,0.0,07/03/1447,
40,2,0.0,6.0,08/03/1447,
40,2,0.0,15.0,09/03/1447,
40,2,0.0,15.0,10/03/1447,
40,2,1.0,10.0,11/03/1447,
40,2,0.0,10.0,12/03/1447,
40,2,0.0,6.0,13/03/1447,
40,2,0.5,10.0,14/03/1447,
40,2,0.5,10.0,15/03/1447,
40,2,0.5,0.0,16/03/1447,
40,2,1.0,10.0,17/03/1447,
40,2,1.0,0.0,18/03/1447,
40,2,0.0,0.0,19/03/1447,
40,2,0.0,0.0,20/03/1447,
40,2,0.0,6.0,21/03/1447,
40,2,1.0,0.0,22/03/1447,
40,2,1.0,0.0,23/03/1447,
40,2,1.0,10.0,24/03/1447,
40,2,0.0,0.0,25/03/1447,
40,2,0.0,0.0,26/03/1447,
40,2,0.0,0.0,27/03/1447,
40,2,1.0,0.0,28/03/1447,
40,2,1.0,10.0,29/03/1447,
40,2,0.5,0.0,30/03/1447,
40,2,0.0,0.0,31/03/1447,
29,2,8.5,30.0,01/03/1447,
29,2,0.0,0.0,02/03/1447,
29,2,0.0,0.0,03/03/1447,
29,2,0.0,6.0,04/03/1447,
29,2,0.0,6.0,05/03/1447,
29,2,0.0,5.0,06/03/1447,
29,2,0.0,0.0,07/03/1447,
29,2,0.0,3.0,08/03/1447,
29,2,0.5,0.0,09/03/1447,
29,2,0.5,0.0,10/03/1447,
29,2,0.0,1.0,11/03/1447,
29,2,0.5,0.0,12/03/1447,
29,2,0.0,0.0,13/03/1447,
29,2,0.5,0.0,14/03/1447,
29,2,0.5,0.0,15/03/1447,
29,2,0.5,0.0,16/03/1447,
29,2,0.0,2.0,17/03/1447,
29,2,0.0,3.0,18/03/1447,
29,2,0.0,0.0,19/03/1447,
29,2,0.0,0.0,20/03/1447,
29,2,3.0,0.0,21/03/1447,
29,2,0.5,0.0,22/03/1447,
29,2,0.5,0.0,23/03/1447,
29,2,0.5,0.0,24/03/1447,
29,2,0.5,0.0,25/03/1447,
29,2,0.0,0.0,26/03/1447,
29,2,0.0,0.0,27/03/1447,
29,2,0.0,2.0,28/03/1447,
29,2,0.0,2.0,29/03/1447,
29,2,0.5,0.0,30/03/1447,
29,2,0.0,0.0,31/03/1447,
13,2,24.5,112.0,01/03/1447,
13,2,0.0,0.0,02/03/1447,
13,2,0.0,0.0,03/03/1447,
13,2,0.0,4.0,04/03/1447,
13,2,0.0,2.0,05/03/1447,
13,2,0.0,2.0,06/03/1447,
13,2,0.0,0.0,07/03/1447,
13,2,0.0,0.0,08/03/1447,
13,2,0.5,6.0,09/03/1447,
13,2,0.5,6.0,10/03/1447,
13,2,0.0,20.0,11/03/1447,
13,2,0.5,10.0,12/03/1447,
13,2,0.0,20.0,13/03/1447,
13,2,0.5,0.0,14/03/1447,
13,2,20.0,0.0,15/03/1447,
13,2,0.5,0.0,16/03/1447,
13,2,0.0,10.0,17/03/1447,
13,2,0.5,10.0,18/03/1447,
13,2,0.0,0.0,19/03/1447,
13,2,0.0,0.0,20/03/1447,
13,2,0.0,4.0,21/03/1447,
13,2,0.0,6.0,22/03/1447,
13,2,0.0,10.0,23/03/1447,
13,2,0.0,0.0,24/03/1447,
13,2,0.5,0.0,25/03/1447,
13,2,0.0,0.0,26/03/1447,
13,2,0.5,0.0,28/03/1447,
13,2,0.0,2.0,29/03/1447,
13,2,0.5,0.0,30/03/1447,
13,2,0.0,0.0,31/03/1447,
32,2,1.0,50.0,01/03/1447,
32,2,0.0,8.0,02/03/1447,
32,2,0.0,0.0,03/03/1447,
32,2,0.0,0.0,07/03/1447,
32,2,0.0,0.0,08/03/1447,
32,2,0.0,0.0,09/03/1447,
32,2,0.0,0.0,10/03/1447,
32,2,0.0,0.0,11/03/1447,
32,2,0.0,6.0,12/03/1447,
32,2,0.0,6.0,13/03/1447,
32,2,0.0,0.0,14/03/1447,
32,2,0.0,0.0,15/03/1447,
32,2,0.0,10.0,16/03/1447,
32,2,0.0,10.0,17/03/1447,
32,2,0.0,0.0,18/03/1447,
32,2,0.0,0.0,19/03/1447,
32,2,0.0,0.0,20/03/1447,
32,2,0.5,0.0,21/03/1447,
32,2,0.0,10.0,22/03/1447,
32,2,0.0,0.0,23/03/1447,
32,2,0.5,0.0,24/03/1447,
32,2,0.0,0.0,25/03/1447,
32,2,0.0,0.0,26/03/1447,
32,2,0.0,0.0,27/03/1447,
32,2,0.0,0.0,29/03/1447,
32,2,0.0,0.0,30/03/1447,
32,2,0.0,0.0,31/03/1447,
50,2,1.5,64.0,01/03/1447,
50,2,0.0,4.0,02/03/1447,
50,2,0.0,0.0,03/03/1447,
50,2,0.0,4.0,04/03/1447,
50,2,0.0,7.0,05/03/1447,
50,2,0.0,15.0,06/03/1447,
50,2,0.0,0.0,07/03/1447,
50,2,0.0,2.0,08/03/1447,
50,2,0.0,1.0,11/03/1447,
50,2,0.0,10.0,16/03/1447,
50,2,0.0,10.0,17/03/1447,
50,2,0.0,0.0,19/03/1447,
50,2,0.0,0.0,20/03/1447,
50,2,0.5,0.0,21/03/1447,
50,2,0.0,1.0,22/03/1447,
50,2,0.5,0.0,23/03/1447,
50,2,0.5,0.0,24/03/1447,
50,2,0.0,0.0,26/03/1447,
50,2,0.0,0.0,27/03/1447,
50,2,0.0,4.0,28/03/1447,
50,2,0.0,3.0,29/03/1447,
50,2,0.0,3.0,30/03/1447,
50,2,0.0,0.0,31/03/1447,
2,2,3.5,64.0,01/03/1447,
2,2,0.5,0.0,02/03/1447,
2,2,0.5,0.0,04/03/1447,
2,2,0.5,7.0,05/03/1447,
2,2,0.0,6.0,06/03/1447,
2,2,0.0,0.0,07/03/1447,
2,2,0.0,5.0,08/03/1447,
2,2,0.0,10.0,09/03/1447,
2,2,0.0,8.0,10/03/1447,
2,2,0.0,6.0,11/03/1447,
2,2,0.5,0.0,12/03/1447,
2,2,0.0,0.0,13/03/1447,
2,2,0.0,2.0,14/03/1447,
2,2,0.0,3.0,15/03/1447,
2,2,0.0,0.0,16/03/1447,
2,2,0.0,0.0,17/03/1447,
2,2,0.0,0.0,19/03/1447,
2,2,0.0,0.0,20/03/1447,
2,2,0.5,0.0,21/03/1447,
2,2,0.0,5.0,22/03/1447,
2,2,0.0,4.0,23/03/1447,
2,2,0.5,3.0,24/03/1447,
2,2,0.5,0.0,25/03/1447,
2,2,0.0,0.0,26/03/1447,
2,2,0.0,0.0,27/03/1447,
2,2,0.0,0.0,28/03/1447,
2,2,0.0,3.0,29/03/1447,
2,2,0.0,2.0,30/03/1447,
2,2,0.0,0.0,31/03/1447,
56,2,3.0,30.0,01/03/1447,
56,2,0.5,0.0,02/03/1447,
56,2,0.0,0.0,03/03/1447,
56,2,0.0,3.0,04/03/1447,
56,2,0.0,0.0,05/03/1447,
56,2,0.0,0.0,06/03/1447,
56,2,0.0,0.0,07/03/1447,
56,2,0.0,0.0,08/03/1447,
56,2,0.5,3.0,09/03/1447,
56,2,0.0,0.0,10/03/1447,
56,2,0.5,0.0,11/03/1447,
56,2,0.0,0.0,12/03/1447,
56,2,0.0,0.0,13/03/1447,
56,2,0.0,4.0,14/03/1447,
56,2,0.5,0.0,15/03/1447,
56,2,0.0,0.0,16/03/1447,
56,2,0.0,0.0,17/03/1447,
56,2,0.0,2.0,18/03/1447,
56,2,0.0,4.0,19/03/1447,
56,2,0.0,3.0,20/03/1447,
56,2,0.0,2.0,21/03/1447,
56,2,0.0,2.0,22/03/1447,
56,2,0.5,0.0,24/03/1447,
56,2,0.5,0.0,25/03/1447,
56,2,0.0,0.0,26/03/1447,
56,2,0.0,0.0,27/03/1447,
56,2,0.0,3.0,29/03/1447,
56,2,0.0,4.0,30/03/1447,
56,2,0.0,0.0,31/03/1447,
55,2,0.5,0.0,01/03/1447,
55,2,0.5,0.0,25/03/1447,
35,2,2.0,31.0,01/03/1447,
35,2,0.0,5.0,03/03/1447,
35,2,0.5,0.0,04/03/1447,
35,2,0.5,0.0,05/03/1447,
35,2,0.5,0.0,06/03/1447,
35,2,0.0,0.0,07/03/1447,
35,2,0.0,0.0,08/03/1447,
35,2,0.0,3.0,09/03/1447,
35,2,0.0,6.0,18/03/1447,
35,2,0.0,2.0,19/03/1447,
35,2,0.0,2.0,20/03/1447,
35,2,0.0,3.0,21/03/1447,
35,2,0.0,5.0,22/03/1447,
35,2,0.0,0.0,24/03/1447,
35,2,0.5,0.0,25/03/1447,
35,2,0.0,3.0,26/03/1447,
35,2,0.0,0.0,27/03/1447,
35,2,0.0,0.0,28/03/1447,
35,2,0.0,2.0,29/03/1447,
35,2,0.0,0.0,30/03/1447,
35,2,0.0,0.0,31/03/1447,
7,2,5.0,14.0,01/03/1447,
7,2,0.5,0.0,04/03/1447,
7,2,0.5,0.0,05/03/1447,
7,2,4.0,0.0,06/03/1447,
7,2,0.0,0.0,07/03/1447,
7,2,0.0,0.0,08/03/1447,
7,2,0.0,2.0,09/03/1447,
7,2,0.0,4.0,18/03/1447,
7,2,0.0,0.0,19/03/1447,
7,2,0.0,0.0,20/03/1447,
7,2,0.0,0.0,21/03/1447,
7,2,0.0,4.0,22/03/1447,
7,2,0.0,0.0,24/03/1447,
7,2,0.0,0.0,25/03/1447,
7,2,0.0,0.0,26/03/1447,
7,2,0.0,0.0,27/03/1447,
7,2,0.0,0.0,28/03/1447,
7,2,0.0,4.0,29/03/1447,
7,2,0.0,0.0,30/03/1447,
7,2,0.0,0.0,31/03/1447,
15,2,1.0,5.0,01/03/1447,
15,2,0.0,3.0,03/03/1447,
15,2,0.0,2.0,04/03/1447,
15,2,1.0,0.0,06/03/1447,
15,2,0.0,0.0,18/03/1447,
15,2,0.0,0.0,21/03/1447,
15,2,0.0,0.0,22/03/1447,
15,2,0.0,0.0,26/03/1447,
15,2,0.0,0.0,27/03/1447,
15,2,0.0,0.0,28/03/1447,
15,2,0.0,0.0,30/03/1447,
46,2,0.0,0.0,01/03/1447,
33,2,0.0,0.0,01/03/1447,
1,2,0.0,0.0,01/03/1447,
11,2,0.0,9.0,01/03/1447,
11,2,0.0,4.0,26/03/1447,
11,2,0.0,0.0,27/03/1447,
11,2,0.0,2.0,28/03/1447,
11,2,0.0,3.0,29/03/1447,
11,2,0.0,0.0,30/03/1447,
11,2,0.0,0.0,31/03/1447,
37,2,0.0,0.0,01/03/1447,
41,2,0.0,0.0,01/03/1447,
47,2,2.5,105.0,01/03/1447,
47,2,0.0,4.0,02/03/1447,
47,2,0.0,0.0,03/03/1447,
47,2,0.0,5.0,05/03/1447,
47,2,0.0,5.0,06/03/1447,
47,2,0.0,7.0,07/03/1447,
47,2,0.5,0.0,08/03/1447,
47,2,0.0,0.0,09/03/1447,
47,2,0.0,0.0,10/03/1447,
47,2,0.5,0.0,11/03/1447,
47,2,0.0,7.0,12/03/1447,
47,2,0.0,8.0,13/03/1447,
47,2,0.0,13.0,14/03/1447,
47,2,0.0,0.0,17/03/1447,
47,2,0.5,0.0,18/03/1447,
47,2,0.0,8.0,19/03/1447,
47,2,0.0,0.0,20/03/1447,
47,2,0.5,0.0,22/03/1447,
47,2,0.0,6.0,23/03/1447,
47,2,0.0,7.0,24/03/1447,
47,2,0.0,12.0,25/03/1447,
47,2,0.5,9.0,26/03/1447,
47,2,0.0,0.0,27/03/1447,
47,2,0.0,0.0,28/03/1447,
47,2,0.0,4.0,29/03/1447,
47,2,0.0,10.0,30/03/1447,
47,2,0.0,0.0,31/03/1447,
39,2,0.0,0.0,01/03/1447,
44,2,0.0,16.0,01/03/1447,
44,2,0.0,0.0,03/03/1447,
44,2,0.0,3.0,05/03/1447,
44,2,0.0,0.0,06/03/1447,
44,2,0.0,0.0,07/03/1447,
44,2,0.0,0.0,08/03/1447,
44,2,0.0,0.0,09/03/1447,
44,2,0.0,0.0,10/03/1447,
44,2,0.0,0.0,11/03/1447,
44,2,0.0,4.0,12/03/1447,
44,2,0.0,2.0,13/03/1447,
44,2,0.0,3.0,14/03/1447,
44,2,0.0,0.0,15/03/1447,
44,2,0.0,0.0,18/03/1447,
44,2,0.0,0.0,19/03/1447,
44,2,0.0,2.0,20/03/1447,
44,2,0.0,0.0,21/03/1447,
44,2,0.0,0.0,22/03/1447,
44,2,0.0,0.0,23/03/1447,
44,2,0.0,2.0,29/03/1447,
44,2,0.0,0.0,30/03/1447,
44,2,0.0,0.0,31/03/1447,
6,2,0.0,0.0,01/03/1447,
43,2,0.0,0.0,01/03/1447,
43,2,0.0,0.0,24/03/1447,
43,2,0.0,0.0,30/03/1447,
48,2,0.0,18.0,01/03/1447,
48,2,0.0,0.0,03/03/1447,
48,2,0.0,0.0,05/03/1447,
48,2,0.0,0.0,07/03/1447,
48,2,0.0,3.0,08/03/1447,
48,2,0.0,2.0,09/03/1447,
48,2,0.0,10.0,22/03/1447,
48,2,0.0,0.0,23/03/1447,
48,2,0.0,3.0,30/03/1447,
48,2,0.0,0.0,31/03/1447,
38,2,1.5,25.0,01/03/1447,
38,2,0.0,4.0,02/03/1447,
38,2,0.0,3.0,03/03/1447,
38,2,0.0,2.0,04/03/1447,
38,2,0.5,0.0,05/03/1447,
38,2,0.5,0.0,06/03/1447,
38,2,0.0,10.0,07/03/1447,
38,2,0.0,4.0,18/03/1447,
38,2,0.5,0.0,19/03/1447,
38,2,0.0,0.0,28/03/1447,
38,2,0.0,2.0,29/03/1447,
38,2,0.0,0.0,30/03/1447,
38,2,0.0,0.0,31/03/1447,
16,2,2.0,17.0,01/03/1447,
16,2,0.5,0.0,02/03/1447,
16,2,0.0,0.0,03/03/1447,
16,2,0.5,0.0,04/03/1447,
16,2,0.5,0.0,05/03/1447,
16,2,0.0,4.0,07/03/1447,
16,2,0.0,3.0,08/03/1447,
16,2,0.0,0.0,11/03/1447,
16,2,0.0,0.0,12/03/1447,
16,2,0.0,0.0,13/03/1447,
16,2,0.0,3.0,14/03/1447,
16,2,0.0,0.0,18/03/1447,
16,2,0.0,0.0,24/03/1447,
16,2,0.0,0.0,26/03/1447,
16,2,0.5,0.0,27/03/1447,
16,2,0.0,3.0,28/03/1447,
16,2,0.0,4.0,29/03/1447,
16,2,0.0,0.0,30/03/1447,
16,2,0.0,0.0,31/03/1447,
42,2,0.0,0.0,01/03/1447,
19,2,0.0,0.0,01/03/1447,
54,2,0.0,0.0,01/03/1447,
21,2,0.5,8.0,01/03/1447,
21,2,0.0,0.0,02/03/1447,
21,2,0.0,0.0,03/03/1447,
21,2,0.0,2.0,04/03/1447,
21,2,0.0,0.0,05/03/1447,
21,2,0.0,0.0,06/03/1447,
21,2,0.0,2.0,07/03/1447,
21,2,0.0,0.0,08/03/1447,
21,2,0.0,0.0,09/03/1447,
21,2,0.0,2.0,10/03/1447,
21,2,0.0,0.0,11/03/1447,
21,2,0.0,2.0,16/03/1447,
21,2,0.0,0.0,17/03/1447,
21,2,0.5,0.0,22/03/1447,
21,2,0.0,0.0,30/03/1447,
21,2,0.0,0.0,31/03/1447,
58,2,3.5,34.0,01/03/1447,
58,2,0.0,2.0,02/03/1447,
58,2,0.0,0.0,03/03/1447,
58,2,0.0,4.0,05/03/1447,
58,2,0.0,6.0,06/03/1447,
58,2,0.0,0.0,07/03/1447,
58,2,0.0,4.0,08/03/1447,
58,2,0.0,4.0,10/03/1447,
58,2,0.0,4.0,12/03/1447,
58,2,0.0,0.0,13/03/1447,
58,2,0.0,2.0,15/03/1447,
58,2,1.0,0.0,17/03/1447,
58,2,0.5,0.0,18/03/1447,
58,2,0.0,0.0,19/03/1447,
58,2,0.0,0.0,20/03/1447,
58,2,0.0,6.0,21/03/1447,
58,2,0.5,0.0,22/03/1447,
58,2,0.5,0.0,23/03/1447,
58,2,0.5,0.0,24/03/1447,
58,2,0.0,0.0,26/03/1447,
58,2,0.5,0.0,28/03/1447,
58,2,0.0,0.0,29/03/1447,
58,2,0.0,2.0,30/03/1447,
58,2,0.0,0.0,31/03/1447,
57,2,0.0,0.0,01/03/1447,
57,2,0.0,0.0,13/03/1447,
57,2,0.0,0.0,26/03/1447,
8,1,0.0,30.0,01/04/1447,
8,1,0.0,2.0,02/04/1447,
8,1,0.0,2.0,15/04/1447,
8,1,0.0,0.0,21/04/1447,
8,1,0.0,6.0,22/04/1447,
8,1,0.0,0.0,23/04/1447,
8,1,0.0,2.0,25/04/1447,
8,1,0.0,8.0,28/04/1447,
8,1,0.0,10.0,30/04/1447,
9,1,6.0,119.0,01/04/1447,
9,1,0.0,0.0,02/04/1447,
9,1,0.0,0.0,03/04/1447,
9,1,0.0,0.0,04/04/1447,
9,1,2.0,0.0,05/04/1447,
9,1,0.0,17.0,07/04/1447,
9,1,0.0,5.0,08/04/1447,
9,1,0.0,5.0,09/04/1447,
9,1,0.0,0.0,10/04/1447,
9,1,0.0,0.0,11/04/1447,
9,1,0.0,5.0,12/04/1447,
9,1,0.0,11.0,13/04/1447,
9,1,0.0,0.0,14/04/1447,
9,1,0.0,4.0,15/04/1447,
9,1,2.0,10.0,16/04/1447,
9,1,0.0,3.0,17/04/1447,
9,1,0.0,0.0,18/04/1447,
9,1,1.0,9.0,19/04/1447,
9,1,0.0,5.0,20/04/1447,
9,1,0.0,5.0,21/04/1447,
9,1,0.0,3.0,22/04/1447,
9,1,0.0,0.0,23/04/1447,
9,1,0.0,0.0,24/04/1447,
9,1,0.0,5.0,25/04/1447,
9,1,0.0,0.0,26/04/1447,
9,1,0.0,8.0,27/04/1447,
9,1,0.0,8.0,28/04/1447,
9,1,0.0,16.0,29/04/1447,
9,1,1.0,0.0,31/04/1447,
17,1,10.0,100.0,01/04/1447,
17,1,2.0,10.0,02/04/1447,
17,1,1.0,10.0,03/04/1447,
17,1,1.0,0.0,04/04/1447,
17,1,1.0,6.0,05/04/1447,
17,1,0.0,5.0,06/04/1447,
17,1,1.0,7.0,07/04/1447,
17,1,0.0,7.0,08/04/1447,
17,1,2.0,7.0,09/04/1447,
17,1,0.0,0.0,10/04/1447,
17,1,0.0,0.0,11/04/1447,
17,1,0.0,14.0,12/04/1447,
17,1,0.0,14.0,13/04/1447,
17,1,0.0,0.0,14/04/1447,
17,1,0.0,8.0,15/04/1447,
17,1,1.0,2.0,16/04/1447,
17,1,1.0,10.0,17/04/1447,
17,1,0.0,0.0,18/04/1447,
36,1,8.5,98.0,01/04/1447,
36,1,0.0,4.0,02/04/1447,
36,1,0.0,5.0,05/04/1447,
36,1,0.0,5.0,06/04/1447,
36,1,0.5,4.0,07/04/1447,
36,1,0.0,7.0,08/04/1447,
36,1,0.0,3.0,09/04/1447,
36,1,0.0,0.0,10/04/1447,
36,1,0.0,0.0,11/04/1447,
36,1,0.0,3.0,12/04/1447,
36,1,1.0,0.0,19/04/1447,
36,1,0.0,6.0,20/04/1447,
36,1,1.0,10.0,21/04/1447,
36,1,0.0,9.0,22/04/1447,
36,1,0.0,0.0,23/04/1447,
36,1,0.0,0.0,24/04/1447,
36,1,0.0,2.0,25/04/1447,
36,1,0.0,5.0,26/04/1447,
36,1,2.0,10.0,27/04/1447,
36,1,1.0,0.0,28/04/1447,
36,1,2.0,10.0,29/04/1447,
36,1,0.0,5.0,30/04/1447,
36,1,1.0,10.0,31/04/1447,
23,1,2.0,46.0,01/04/1447,
23,1,0.0,0.0,04/04/1447,
23,1,0.0,7.0,05/04/1447,
23,1,0.0,4.0,06/04/1447,
23,1,0.0,4.0,07/04/1447,
23,1,0.0,0.0,08/04/1447,
23,1,0.0,6.0,09/04/1447,
23,1,0.0,0.0,10/04/1447,
23,1,0.0,0.0,11/04/1447,
23,1,0.0,0.0,17/04/1447,
23,1,0.0,0.0,18/04/1447,
23,1,0.0,0.0,19/04/1447,
23,1,0.0,0.0,20/04/1447,
23,1,0.0,2.0,21/04/1447,
23,1,0.0,6.0,22/04/1447,
23,1,0.0,0.0,23/04/1447,
23,1,0.0,0.0,24/04/1447,
23,1,0.0,3.0,25/04/1447,
23,1,1.0,2.0,26/04/1447,
23,1,0.0,4.0,27/04/1447,
23,1,0.0,4.0,28/04/1447,
23,1,1.0,0.0,29/04/1447,
23,1,0.0,2.0,30/04/1447,
23,1,0.0,2.0,31/04/1447,
3,1,1.0,33.0,01/04/1447,
3,1,0.0,5.0,06/04/1447,
3,1,0.0,5.0,14/04/1447,
3,1,0.0,0.0,15/04/1447,
3,1,1.0,10.0,16/04/1447,
3,1,0.0,0.0,18/04/1447,
3,1,0.0,8.0,22/04/1447,
3,1,0.0,0.0,23/04/1447,
3,1,0.0,0.0,24/04/1447,
3,1,0.0,3.0,25/04/1447,
3,1,0.0,2.0,29/04/1447,
4,1,1.0,100.0,01/04/1447,
4,1,0.0,6.0,03/04/1447,
4,1,0.0,7.0,05/04/1447,
4,1,0.0,8.0,06/04/1447,
4,1,0.0,6.0,07/04/1447,
4,1,0.0,4.0,08/04/1447,
4,1,0.0,0.0,10/04/1447,
4,1,0.0,7.0,12/04/1447,
4,1,0.0,10.0,13/04/1447,
4,1,0.0,0.0,14/04/1447,
4,1,0.0,8.0,15/04/1447,
4,1,0.0,0.0,18/04/1447,
4,1,0.0,0.0,20/04/1447,
4,1,0.0,8.0,22/04/1447,
4,1,0.0,0.0,24/04/1447,
4,1,1.0,8.0,25/04/1447,
4,1,0.0,7.0,27/04/1447,
4,1,0.0,8.0,28/04/1447,
4,1,0.0,8.0,29/04/1447,
4,1,0.0,5.0,31/04/1447,
12,1,6.0,34.0,01/04/1447,
12,1,1.0,10.0,02/04/1447,
12,1,1.0,7.0,04/04/1447,
12,1,1.0,0.0,20/04/1447,
12,1,0.0,2.0,22/04/1447,
12,1,0.0,0.0,23/04/1447,
12,1,0.0,2.0,24/04/1447,
12,1,1.0,0.0,25/04/1447,
12,1,1.0,8.0,27/04/1447,
12,1,0.5,0.0,28/04/1447,
12,1,0.0,5.0,29/04/1447,
12,1,0.5,0.0,30/04/1447,
49,1,0.0,26.0,01/04/1447,
49,1,0.0,8.0,22/04/1447,
49,1,0.0,5.0,26/04/1447,
49,1,0.0,0.0,27/04/1447,
49,1,0.0,0.0,28/04/1447,
49,1,0.0,8.0,29/04/1447,
49,1,0.0,0.0,30/04/1447,
49,1,0.0,5.0,31/04/1447,
22,1,0.0,0.0,01/04/1447,
31,1,0.0,0.0,01/04/1447,
51,1,0.0,0.0,01/04/1447,
52,1,0.0,40.0,01/04/1447,
52,1,0.0,4.0,02/04/1447,
52,1,0.0,4.0,08/04/1447,
52,1,0.0,4.0,09/04/1447,
52,1,0.0,3.0,12/04/1447,
52,1,0.0,0.0,14/04/1447,
52,1,0.0,5.0,15/04/1447,
52,1,0.0,0.0,16/04/1447,
52,1,0.0,10.0,17/04/1447,
52,1,0.0,0.0,18/04/1447,
52,1,0.0,0.0,19/04/1447,
52,1,0.0,0.0,20/04/1447,
52,1,0.0,4.0,21/04/1447,
52,1,0.0,0.0,23/04/1447,
52,1,0.0,0.0,24/04/1447,
52,1,0.0,0.0,28/04/1447,
52,1,0.0,4.0,29/04/1447,
52,1,0.0,2.0,30/04/1447,
52,1,0.0,0.0,31/04/1447,
47,1,8.0,87.0,01/04/1447,
47,1,0.5,0.0,03/04/1447,
47,1,0.5,0.0,04/04/1447,
47,1,0.5,0.0,05/04/1447,
47,1,0.0,7.0,06/04/1447,
47,1,0.0,8.0,07/04/1447,
47,1,0.5,0.0,08/04/1447,
47,1,0.0,2.0,09/04/1447,
47,1,0.0,0.0,10/04/1447,
47,1,0.0,0.0,11/04/1447,
47,1,0.0,4.0,12/04/1447,
47,1,0.5,10.0,13/04/1447,
47,1,0.0,0.0,14/04/1447,
47,1,0.5,5.0,15/04/1447,
47,1,0.5,6.0,16/04/1447,
47,1,0.5,4.0,17/04/1447,
47,1,0.0,0.0,18/04/1447,
47,1,0.5,5.0,19/04/1447,
47,1,0.0,0.0,20/04/1447,
47,1,0.5,0.0,21/04/1447,
47,1,0.5,0.0,22/04/1447,
47,1,0.0,0.0,23/04/1447,
47,1,0.0,4.0,24/04/1447,
47,1,0.0,4.0,25/04/1447,
47,1,0.0,1.0,26/04/1447,
47,1,0.5,0.0,27/04/1447,
47,1,1.0,10.0,28/04/1447,
47,1,1.0,0.0,29/04/1447,
47,1,0.0,7.0,30/04/1447,
47,1,0.0,10.0,31/04/1447,
24,2,0.0,0.0,01/04/1447,
24,2,0.0,0.0,23/04/1447,
53,2,0.0,34.0,01/04/1447,
53,2,0.0,10.0,24/04/1447,
53,2,0.0,8.0,25/04/1447,
53,2,0.0,7.0,26/04/1447,
53,2,0.0,3.0,28/04/1447,
53,2,0.0,4.0,29/04/1447,
53,2,0.0,2.0,30/04/1447,
53,2,0.0,0.0,31/04/1447,
40,2,5.5,124.0,01/04/1447,
40,2,0.0,5.0,02/04/1447,
40,2,0.0,0.0,03/04/1447,
40,2,0.0,6.0,04/04/1447,
40,2,0.0,0.0,05/04/1447,
40,2,0.0,0.0,06/04/1447,
40,2,0.0,15.0,07/04/1447,
40,2,1.0,0.0,08/04/1447,
40,2,0.0,10.0,09/04/1447,
40,2,0.0,10.0,10/04/1447,
40,2,0.0,0.0,11/04/1447,
40,2,0.0,0.0,12/04/1447,
40,2,0.0,2.0,13/04/1447,
40,2,0.0,0.0,14/04/1447,
40,2,0.0,13.0,15/04/1447,
40,2,0.0,5.0,16/04/1447,
40,2,1.0,0.0,17/04/1447,
40,2,0.0,0.0,18/04/1447,
40,2,1.0,0.0,19/04/1447,
40,2,0.0,10.0,20/04/1447,
40,2,0.5,8.0,21/04/1447,
40,2,0.5,0.0,22/04/1447,
40,2,0.0,0.0,23/04/1447,
40,2,0.0,8.0,24/04/1447,
40,2,0.0,7.0,25/04/1447,
40,2,0.5,5.0,26/04/1447,
40,2,0.5,0.0,27/04/1447,
40,2,0.0,10.0,28/04/1447,
40,2,0.0,10.0,29/04/1447,
40,2,0.5,0.0,30/04/1447,
40,2,0.0,0.0,31/04/1447,
29,2,3.0,41.0,01/04/1447,
29,2,0.5,0.0,02/04/1447,
29,2,0.0,0.0,03/04/1447,
29,2,0.5,0.0,04/04/1447,
29,2,0.0,0.0,05/04/1447,
29,2,0.5,0.0,06/04/1447,
29,2,0.0,3.0,07/04/1447,
29,2,0.5,0.0,08/04/1447,
29,2,0.5,0.0,09/04/1447,
29,2,0.0,10.0,10/04/1447,
29,2,0.0,0.0,11/04/1447,
29,2,0.0,0.0,12/04/1447,
29,2,0.5,0.0,13/04/1447,
29,2,0.0,2.0,14/04/1447,
29,2,0.0,8.0,15/04/1447,
29,2,0.0,2.0,16/04/1447,
29,2,0.0,4.0,17/04/1447,
29,2,0.0,0.0,18/04/1447,
29,2,0.0,0.0,19/04/1447,
29,2,0.0,3.0,20/04/1447,
29,2,0.0,0.0,21/04/1447,
29,2,0.0,4.0,22/04/1447,
29,2,0.0,0.0,23/04/1447,
29,2,0.0,0.0,24/04/1447,
29,2,0.0,5.0,25/04/1447,
13,2,6.015,122.0,01/04/1447,
13,2,0.0,10.0,02/04/1447,
13,2,0.0,0.0,03/04/1447,
13,2,0.5,0.0,04/04/1447,
13,2,0.0,0.0,05/04/1447,
13,2,0.5,5.0,06/04/1447,
13,2,0.0,3.0,07/04/1447,
13,2,0.5,0.0,08/04/1447,
13,2,0.0,20.0,09/04/1447,
13,2,0.0,15.0,10/04/1447,
13,2,0.0,0.0,11/04/1447,
13,2,0.0,0.0,12/04/1447,
13,2,0.5,0.0,13/04/1447,
13,2,0.0,5.0,14/04/1447,
13,2,0.5,5.0,15/04/1447,
13,2,1.0,5.0,16/04/1447,
13,2,0.0,5.0,17/04/1447,
13,2,0.0,0.0,18/04/1447,
13,2,1.0,0.0,19/04/1447,
13,2,0.515,0.0,20/04/1447,
13,2,0.0,12.0,21/04/1447,
13,2,0.0,1.0,22/04/1447,
13,2,0.0,0.0,23/04/1447,
13,2,0.5,10.0,24/04/1447,
13,2,0.0,8.0,25/04/1447,
13,2,0.5,0.0,26/04/1447,
13,2,0.0,8.0,27/04/1447,
13,2,0.0,0.0,28/04/1447,
13,2,0.0,0.0,29/04/1447,
13,2,0.0,10.0,30/04/1447,
13,2,0.0,0.0,31/04/1447,
32,2,2.0,43.0,01/04/1447,
32,2,0.5,0.0,02/04/1447,
32,2,0.0,0.0,03/04/1447,
32,2,0.0,0.0,04/04/1447,
32,2,0.5,0.0,06/04/1447,
32,2,0.5,0.0,07/04/1447,
32,2,0.5,0.0,08/04/1447,
32,2,0.0,3.0,09/04/1447,
32,2,0.0,0.0,10/04/1447,
32,2,0.0,0.0,11/04/1447,
32,2,0.0,0.0,12/04/1447,
32,2,0.0,10.0,13/04/1447,
32,2,0.0,2.0,16/04/1447,
32,2,0.0,8.0,17/04/1447,
32,2,0.0,0.0,18/04/1447,
32,2,0.0,3.0,19/04/1447,
32,2,0.0,3.0,21/04/1447,
32,2,0.0,4.0,22/04/1447,
32,2,0.0,0.0,23/04/1447,
32,2,0.0,0.0,24/04/1447,
32,2,0.0,2.0,25/04/1447,
32,2,0.0,4.0,26/04/1447,
32,2,0.0,4.0,27/04/1447,
32,2,0.0,0.0,28/04/1447,
32,2,0.0,0.0,29/04/1447,
32,2,0.0,0.0,30/04/1447,
32,2,0.0,0.0,31/04/1447,
50,2,0.0,44.0,01/04/1447,
50,2,0.0,0.0,03/04/1447,
50,2,0.0,4.0,07/04/1447,
50,2,0.0,3.0,08/04/1447,
50,2,0.0,4.0,09/04/1447,
50,2,0.0,0.0,11/04/1447,
50,2,0.0,4.0,12/04/1447,
50,2,0.0,5.0,13/04/1447,
50,2,0.0,10.0,14/04/1447,
50,2,0.0,2.0,16/04/1447,
50,2,0.0,0.0,17/04/1447,
50,2,0.0,0.0,18/04/1447,
50,2,0.0,2.0,19/04/1447,
50,2,0.0,7.0,28/04/1447,
50,2,0.0,3.0,29/04/1447,
50,2,0.0,0.0,30/04/1447,
50,2,0.0,0.0,31/04/1447,
2,2,1.5,32.0,01/04/1447,
2,2,0.0,3.0,02/04/1447,
2,2,0.0,0.0,03/04/1447,
2,2,0.0,3.0,04/04/1447,
2,2,0.0,5.0,06/04/1447,
2,2,0.0,7.0,07/04/1447,
2,2,0.5,0.0,08/04/1447,
2,2,0.5,0.0,09/04/1447,
2,2,0.5,0.0,10/04/1447,
2,2,0.0,0.0,11/04/1447,
2,2,0.0,0.0,13/04/1447,
2,2,0.0,0.0,18/04/1447,
2,2,0.0,0.0,24/04/1447,
2,2,0.0,0.0,25/04/1447,
2,2,0.0,8.0,28/04/1447,
2,2,0.0,6.0,29/04/1447,
56,5,3.5,48.0,01/04/1447,
56,5,0.0,3.0,02/04/1447,
56,5,0.0,0.0,03/04/1447,
56,5,0.5,0.0,04/04/1447,
56,5,0.5,0.0,05/04/1447,
56,5,0.0,4.0,06/04/1447,
56,5,0.0,2.0,07/04/1447,
56,5,0.0,3.0,08/04/1447,
56,5,0.0,3.0,09/04/1447,
56,5,0.0,5.0,10/04/1447,
56,5,0.0,0.0,11/04/1447,
56,5,0.0,0.0,12/04/1447,
56,5,0.0,0.0,13/04/1447,
56,5,0.0,3.0,14/04/1447,
56,5,0.0,2.0,15/04/1447,
56,5,0.5,0.0,16/04/1447,
56,5,0.5,0.0,17/04/1447,
56,5,0.0,0.0,18/04/1447,
56,5,0.5,0.0,19/04/1447,
56,5,0.0,7.0,20/04/1447,
56,5,0.0,3.0,21/04/1447,
56,5,0.0,0.0,22/04/1447,
56,5,0.0,0.0,23/04/1447,
56,5,0.0,0.0,24/04/1447,
56,5,0.5,0.0,25/04/1447,
56,5,0.0,5.0,26/04/1447,
56,5,0.0,4.0,27/04/1447,
56,5,0.5,0.0,28/04/1447,
56,5,0.0,4.0,29/04/1447,
56,5,0.0,0.0,30/04/1447,
56,5,0.0,0.0,31/04/1447,
35,5,1.0,19.0,01/04/1447,
35,5,0.0,0.0,18/04/1447,
35,5,0.0,5.0,19/04/1447,
35,5,0.5,0.0,21/04/1447,
35,5,0.5,0.0,22/04/1447,
35,5,0.0,2.0,24/04/1447,
35,5,0.0,0.0,25/04/1447,
35,5,0.0,0.0,26/04/1447,
35,5,0.0,3.0,27/04/1447,
35,5,0.0,5.0,28/04/1447,
35,5,0.0,4.0,29/04/1447,
35,5,0.0,0.0,30/04/1447,
35,5,0.0,0.0,31/04/1447,
7,5,2.0,34.0,01/04/1447,
7,5,0.0,2.0,02/04/1447,
7,5,0.0,0.0,03/04/1447,
7,5,0.0,3.0,04/04/1447,
7,5,0.0,0.0,05/04/1447,
7,5,0.0,2.0,06/04/1447,
7,5,0.5,0.0,08/04/1447,
7,5,0.5,0.0,09/04/1447,
7,5,0.0,2.0,10/04/1447,
7,5,0.0,0.0,11/04/1447,
7,5,0.0,0.0,12/04/1447,
7,5,0.0,0.0,13/04/1447,
7,5,0.0,5.0,14/04/1447,
7,5,0.0,2.0,15/04/1447,
7,5,0.0,3.0,16/04/1447,
7,5,0.0,0.0,18/04/1447,
7,5,0.0,4.0,19/04/1447,
7,5,0.5,0.0,21/04/1447,
7,5,0.5,0.0,22/04/1447,
7,5,0.0,3.0,24/04/1447,
7,5,0.0,0.0,25/04/1447,
7,5,0.0,0.0,26/04/1447,
7,5,0.0,3.0,27/04/1447,
7,5,0.0,3.0,28/04/1447,
7,5,0.0,2.0,29/04/1447,
7,5,0.0,0.0,30/04/1447,
7,5,0.0,0.0,31/04/1447,
38,5,0.0,16.0,01/04/1447,
38,5,0.0,0.0,18/04/1447,
38,5,0.0,4.0,19/04/1447,
38,5,0.0,0.0,25/04/1447,
38,5,0.0,0.0,26/04/1447,
38,5,0.0,3.0,27/04/1447,
38,5,0.0,7.0,28/04/1447,
38,5,0.0,2.0,29/04/1447,
38,5,0.0,0.0,30/04/1447,
38,5,0.0,0.0,31/04/1447,
16,5,2.5,43.0,01/04/1447,
16,5,0.0,0.0,02/04/1447,
16,5,0.0,2.0,03/04/1447,
16,5,0.0,3.0,04/04/1447,
16,5,0.0,3.0,05/04/1447,
16,5,0.0,0.0,06/04/1447,
16,5,0.5,0.0,09/04/1447,
16,5,0.0,4.0,10/04/1447,
16,5,0.0,8.0,11/04/1447,
16,5,0.0,0.0,13/04/1447,
16,5,0.0,3.0,15/04/1447,
16,5,0.0,5.0,16/04/1447,
16,5,0.0,0.0,17/04/1447,
16,5,0.0,0.0,18/04/1447,
16,5,0.0,3.0,19/04/1447,
16,5,0.5,0.0,21/04/1447,
16,5,0.5,0.0,22/04/1447,
16,5,0.5,0.0,23/04/1447,
16,5,0.5,0.0,24/04/1447,
16,5,0.0,0.0,25/04/1447,
16,5,0.0,0.0,26/04/1447,
16,5,0.0,4.0,27/04/1447,
16,5,0.0,3.0,28/04/1447,
16,5,0.0,5.0,29/04/1447,
16,5,0.0,0.0,30/04/1447,
16,5,0.0,0.0,31/04/1447,
60,5,1.0,12.0,01/04/1447,
60,5,0.0,2.0,09/04/1447,
60,5,0.0,3.0,10/04/1447,
60,5,0.5,0.0,21/04/1447,
60,5,0.5,0.0,22/04/1447,
60,5,0.0,1.0,27/04/1447,
60,5,0.0,2.0,28/04/1447,
60,5,0.0,4.0,29/04/1447,
60,5,0.0,0.0,30/04/1447,
60,5,0.0,0.0,31/04/1447,
11,5,1.0,6.0,01/04/1447,
11,5,0.5,0.0,21/04/1447,
11,5,0.5,0.0,22/04/1447,
11,5,0.0,1.0,27/04/1447,
11,5,0.0,3.0,28/04/1447,
11,5,0.0,2.0,29/04/1447,
11,5,0.0,0.0,30/04/1447,
11,5,0.0,0.0,31/04/1447,
59,6,1.0,26.0,01/04/1447,
59,6,0.0,0.0,09/04/1447,
59,6,0.0,4.0,10/04/1447,
59,6,0.0,3.0,13/04/1447,
59,6,0.0,3.0,14/04/1447,
59,6,0.0,4.0,16/04/1447,
59,6,0.0,5.0,17/04/1447,
59,6,0.0,0.0,18/04/1447,
59,6,0.0,2.0,19/04/1447,
59,6,0.5,0.0,22/04/1447,
59,6,0.5,0.0,24/04/1447,
59,6,0.0,0.0,25/04/1447,
59,6,0.0,0.0,26/04/1447,
59,6,0.0,2.0,27/04/1447,
59,6,0.0,1.0,28/04/1447,
59,6,0.0,2.0,29/04/1447,
59,6,0.0,0.0,30/04/1447,
59,6,0.0,0.0,31/04/1447,
21,6,0.0,4.0,01/04/1447,
21,6,0.0,0.0,02/04/1447,
21,6,0.0,0.0,03/04/1447,
21,6,0.0,0.0,04/04/1447,
21,6,0.0,0.0,09/04/1447,
21,6,0.0,4.0,13/04/1447,
15,6,0.0,0.0,01/04/1447,
15,6,0.0,0.0,07/04/1447,
44,6,0.0,5.0,01/04/1447,
44,6,0.0,0.0,02/04/1447,
44,6,0.0,0.0,03/04/1447,
44,6,0.0,0.0,04/04/1447,
44,6,0.0,0.0,05/04/1447,
44,6,0.0,0.0,06/04/1447,
44,6,0.0,5.0,07/04/1447,
44,6,0.0,0.0,08/04/1447,
44,6,0.0,0.0,09/04/1447,
44,6,0.0,0.0,11/04/1447,
44,6,0.0,0.0,13/04/1447,
43,6,0.0,0.0,01/04/1447,
48,6,0.0,16.0,01/04/1447,
48,6,0.0,0.0,02/04/1447,
48,6,0.0,0.0,03/04/1447,
48,6,0.0,0.0,04/04/1447,
48,6,0.0,0.0,05/04/1447,
48,6,0.0,2.0,06/04/1447,
48,6,0.0,2.0,07/04/1447,
48,6,0.0,0.0,08/04/1447,
48,6,0.0,3.0,09/04/1447,
48,6,0.0,0.0,10/04/1447,
48,6,0.0,0.0,11/04/1447,
48,6,0.0,0.0,12/04/1447,
48,6,0.0,2.0,13/04/1447,
48,6,0.0,0.0,14/04/1447,
48,6,0.0,1.0,25/04/1447,
48,6,0.0,0.0,26/04/1447,
48,6,0.0,0.0,27/04/1447,
48,6,0.0,2.0,28/04/1447,
48,6,0.0,4.0,29/04/1447,
48,6,0.0,0.0,30/04/1447,
48,6,0.0,0.0,31/04/1447,
37,2,0.0,0.0,01/04/1447,
41,2,0.0,0.0,01/04/1447,
39,2,0.0,0.0,01/04/1447,
39,2,0.0,0.0,30/04/1447,
39,2,0.0,0.0,31/04/1447,
6,2,0.0,0.0,01/04/1447,
55,2,0.0,0.0,01/04/1447,
42,2,0.0,0.0,01/04/1447,
58,2,2.5,43.0,01/04/1447,
58,2,0.5,0.0,02/04/1447,
58,2,0.0,0.0,05/04/1447,
58,2,0.0,0.0,06/04/1447,
58,2,0.0,5.0,10/04/1447,
58,2,0.0,0.0,11/04/1447,
58,2,0.0,0.0,12/04/1447,
58,2,0.5,0.0,13/04/1447,
58,2,0.0,3.0,14/04/1447,
58,2,0.0,5.0,15/04/1447,
58,2,0.0,6.0,16/04/1447,
58,2,0.0,5.0,21/04/1447,
58,2,0.0,6.0,22/04/1447,
58,2,0.0,0.0,23/04/1447,
58,2,0.5,0.0,24/04/1447,
58,2,0.0,5.0,25/04/1447,
58,2,0.5,0.0,27/04/1447,
58,2,0.0,8.0,28/04/1447,
58,2,0.0,0.0,29/04/1447,
58,2,0.5,0.0,30/04/1447,
58,2,0.0,0.0,31/04/1447,
46,2,0.0,0.0,01/04/1447,
33,2,0.0,0.0,01/04/1447,
1,2,0.0,0.0,01/04/1447,
57,2,0.0,19.0,01/04/1447,
57,2,0.0,0.0,03/04/1447,
57,2,0.0,0.0,04/04/1447,
57,2,0.0,0.0,05/04/1447,
57,2,0.0,0.0,09/04/1447,
57,2,0.0,5.0,21/04/1447,
57,2,0.0,5.0,22/04/1447,
57,2,0.0,0.0,23/04/1447,
57,2,0.0,2.0,24/04/1447,
57,2,0.0,2.0,25/04/1447,
57,2,0.0,0.0,26/04/1447,
57,2,0.0,2.0,27/04/1447,
57,2,0.0,0.0,28/04/1447,
57,2,0.0,3.0,29/04/1447,
57,2,0.0,0.0,30/04/1447,
57,2,0.0,0.0,31/04/1447,
8,1,2.0,43.0,01/05/1447,
8,1,0.0,0.0,03/05/1447,
8,1,0.0,12.0,05/05/1447,
8,1,0.0,0.0,06/05/1447,
8,1,0.0,3.0,07/05/1447,
8,1,0.5,10.0,08/05/1447,
8,1,0.0,0.0,09/05/1447,
8,1,1.0,8.0,10/05/1447,
8,1,0.0,0.0,13/05/1447,
8,1,0.0,8.0,18/05/1447,
8,1,0.5,0.0,21/05/1447,
8,1,0.0,2.0,31/05/1447,
9,1,4.0,31.0,01/05/1447,
9,1,0.0,0.0,02/05/1447,
9,1,0.0,0.0,04/05/1447,
9,1,0.0,0.0,05/05/1447,
9,1,0.0,0.0,06/05/1447,
9,1,0.0,11.0,07/05/1447,
9,1,1.0,2.0,10/05/1447,
9,1,1.0,0.0,11/05/1447,
9,1,1.0,0.0,12/05/1447,
9,1,0.0,0.0,13/05/1447,
9,1,0.0,0.0,14/05/1447,
9,1,0.0,6.0,17/05/1447,
9,1,0.0,0.0,19/05/1447,
9,1,0.0,0.0,23/05/1447,
9,1,0.0,0.0,27/05/1447,
9,1,0.0,8.0,28/05/1447,
9,1,0.0,0.0,29/05/1447,
9,1,1.0,0.0,30/05/1447,
9,1,0.0,4.0,31/05/1447,
17,1,13.5,168.0,01/05/1447,
17,1,0.0,0.0,02/05/1447,
17,1,0.0,0.0,03/05/1447,
17,1,3.0,10.0,04/05/1447,
17,1,0.0,14.0,05/05/1447,
17,1,0.0,14.0,06/05/1447,
17,1,0.0,9.0,07/05/1447,
17,1,0.0,10.0,08/05/1447,
17,1,0.0,0.0,09/05/1447,
17,1,1.0,4.0,10/05/1447,
17,1,1.0,0.0,11/05/1447,
17,1,0.0,6.0,12/05/1447,
17,1,0.0,0.0,13/05/1447,
17,1,1.0,11.0,14/05/1447,
17,1,0.0,0.0,15/05/1447,
17,1,1.0,0.0,16/05/1447,
17,1,1.0,0.0,17/05/1447,
17,1,0.0,12.0,18/05/1447,
17,1,0.0,10.0,19/05/1447,
17,1,1.0,12.0,20/05/1447,
17,1,1.0,12.0,21/05/1447,
17,1,1.0,11.0,22/05/1447,
17,1,0.0,0.0,23/05/1447,
17,1,0.0,0.0,24/05/1447,
17,1,1.0,8.0,25/05/1447,
17,1,0.0,10.0,27/05/1447,
17,1,0.0,5.0,28/05/1447,
17,1,0.0,0.0,29/05/1447,
17,1,0.5,10.0,30/05/1447,
17,1,1.0,0.0,31/05/1447,
36,1,2.5,60.0,01/05/1447,
36,1,0.0,0.0,02/05/1447,
36,1,0.0,0.0,03/05/1447,
36,1,0.0,1.0,04/05/1447,
36,1,0.0,5.0,05/05/1447,
36,1,0.0,0.0,06/05/1447,
36,1,0.0,3.0,07/05/1447,
36,1,0.0,1.0,08/05/1447,
36,1,0.0,0.0,09/05/1447,
36,1,0.5,8.0,10/05/1447,
36,1,0.5,0.0,11/05/1447,
36,1,0.0,6.0,12/05/1447,
36,1,0.0,0.0,13/05/1447,
36,1,0.5,0.0,14/05/1447,
36,1,0.0,0.0,15/05/1447,
36,1,0.0,4.0,16/05/1447,
36,1,0.0,3.0,17/05/1447,
36,1,0.0,3.0,18/05/1447,
36,1,0.0,4.0,19/05/1447,
36,1,0.0,5.0,20/05/1447,
36,1,0.0,1.0,21/05/1447,
36,1,0.0,0.0,23/05/1447,
36,1,0.0,0.0,24/05/1447,
36,1,0.0,6.0,25/05/1447,
36,1,0.5,0.0,26/05/1447,
36,1,0.5,0.0,27/05/1447,
36,1,0.0,10.0,28/05/1447,
36,1,0.0,0.0,29/05/1447,
23,1,7.0,41.0,01/05/1447,
23,1,0.0,0.0,02/05/1447,
23,1,0.0,0.0,03/05/1447,
23,1,1.0,2.0,04/05/1447,
23,1,0.0,0.0,06/05/1447,
23,1,0.0,3.0,07/05/1447,
23,1,0.0,4.0,08/05/1447,
23,1,0.0,0.0,09/05/1447,
23,1,1.0,4.0,10/05/1447,
23,1,1.0,0.0,11/05/1447,
23,1,1.0,0.0,12/05/1447,
23,1,0.0,0.0,13/05/1447,
23,1,0.0,3.0,14/05/1447,
23,1,0.0,3.0,15/05/1447,
23,1,0.0,0.0,17/05/1447,
23,1,0.0,0.0,20/05/1447,
23,1,0.0,6.0,21/05/1447,
23,1,0.0,0.0,22/05/1447,
23,1,0.0,0.0,23/05/1447,
23,1,0.0,2.0,24/05/1447,
23,1,0.0,2.0,25/05/1447,
23,1,0.0,0.0,26/05/1447,
23,1,0.5,10.0,27/05/1447,
23,1,0.5,2.0,28/05/1447,
23,1,0.0,0.0,29/05/1447,
23,1,1.0,0.0,30/05/1447,
23,1,1.0,0.0,31/05/1447,
3,1,0.5,18.0,01/05/1447,
3,1,0.0,0.0,02/05/1447,
3,1,0.0,0.0,03/05/1447,
3,1,0.0,1.0,06/05/1447,
3,1,0.0,0.0,07/05/1447,
3,1,0.0,0.0,09/05/1447,
3,1,0.5,4.0,10/05/1447,
3,1,0.0,0.0,11/05/1447,
3,1,0.0,0.0,13/05/1447,
3,1,0.0,0.0,14/05/1447,
3,1,0.0,0.0,15/05/1447,
3,1,0.0,3.0,16/05/1447,
3,1,0.0,5.0,17/05/1447,
3,1,0.0,0.0,18/05/1447,
3,1,0.0,0.0,19/05/1447,
3,1,0.0,5.0,27/05/1447,
3,1,0.0,0.0,29/05/1447,
4,1,5.0,53.0,01/05/1447,
4,1,1.0,0.0,04/05/1447,
4,1,0.0,8.0,06/05/1447,
4,1,1.0,7.0,07/05/1447,
4,1,0.0,0.0,12/05/1447,
4,1,0.0,0.0,13/05/1447,
4,1,0.0,12.0,14/05/1447,
4,1,0.0,0.0,15/05/1447,
4,1,1.0,0.0,18/05/1447,
4,1,0.0,0.0,19/05/1447,
4,1,0.0,5.0,20/05/1447,
4,1,0.0,5.0,22/05/1447,
4,1,0.0,6.0,25/05/1447,
4,1,1.0,10.0,28/05/1447,
4,1,0.0,0.0,29/05/1447,
4,1,1.0,0.0,30/05/1447,
12,1,0.0,8.0,01/05/1447,
12,1,0.0,0.0,02/05/1447,
12,1,0.0,0.0,03/05/1447,
12,1,0.0,0.0,06/05/1447,
12,1,0.0,4.0,07/05/1447,
12,1,0.0,0.0,09/05/1447,
12,1,0.0,0.0,15/05/1447,
12,1,0.0,0.0,19/05/1447,
12,1,0.0,1.0,22/05/1447,
12,1,0.0,3.0,28/05/1447,
12,1,0.0,0.0,29/05/1447,
49,1,0.0,2.0,01/05/1447,
49,1,0.0,0.0,03/05/1447,
49,1,0.0,0.0,04/05/1447,
49,1,0.0,0.0,06/05/1447,
49,1,0.0,2.0,10/05/1447,
49,1,0.0,0.0,24/05/1447,
49,1,0.0,0.0,26/05/1447,
49,1,0.0,0.0,29/05/1447,
49,1,0.0,0.0,30/05/1447,
22,1,0.0,0.0,01/05/1447,
31,1,0.0,0.0,01/05/1447,
51,1,0.0,0.0,01/05/1447,
52,1,0.0,11.0,01/05/1447,
52,1,0.0,0.0,02/05/1447,
52,1,0.0,4.0,04/05/1447,
52,1,0.0,0.0,06/05/1447,
52,1,0.0,0.0,07/05/1447,
52,1,0.0,2.0,08/05/1447,
52,1,0.0,5.0,10/05/1447,
52,1,0.0,0.0,11/05/1447,
47,1,2.5,77.0,01/05/1447,
47,1,0.0,0.0,02/05/1447,
47,1,0.0,0.0,03/05/1447,
47,1,0.0,0.0,06/05/1447,
47,1,0.0,2.0,07/05/1447,
47,1,0.0,2.0,08/05/1447,
47,1,0.0,0.0,10/05/1447,
47,1,0.5,10.0,11/05/1447,
47,1,0.0,0.0,12/05/1447,
47,1,0.0,0.0,13/05/1447,
47,1,0.0,0.0,15/05/1447,
47,1,0.0,4.0,16/05/1447,
47,1,0.0,5.0,17/05/1447,
47,1,0.0,4.0,18/05/1447,
47,1,0.0,0.0,19/05/1447,
47,1,0.5,0.0,20/05/1447,
47,1,0.5,0.0,21/05/1447,
47,1,0.0,10.0,22/05/1447,
47,1,0.0,5.0,23/05/1447,
47,1,0.0,0.0,24/05/1447,
47,1,0.5,0.0,25/05/1447,
47,1,0.0,5.0,26/05/1447,
47,1,0.0,10.0,27/05/1447,
47,1,0.5,0.0,28/05/1447,
47,1,0.0,0.0,29/05/1447,
47,1,0.0,10.0,30/05/1447,
47,1,0.0,10.0,31/05/1447,
24,2,0.0,0.0,01/05/1447,
53,2,0.0,29.0,01/05/1447,
53,2,0.0,0.0,02/05/1447,
53,2,0.0,0.0,03/05/1447,
53,2,0.0,2.0,04/05/1447,
53,2,0.0,4.0,05/05/1447,
53,2,0.0,0.0,06/05/1447,
53,2,0.0,6.0,07/05/1447,
53,2,0.0,0.0,08/05/1447,
53,2,0.0,0.0,09/05/1447,
53,2,0.0,2.0,11/05/1447,
53,2,0.0,4.0,12/05/1447,
53,2,0.0,4.0,13/05/1447,
53,2,0.0,0.0,23/05/1447,
53,2,0.0,0.0,24/05/1447,
53,2,0.0,3.0,25/05/1447,
53,2,0.0,0.0,27/05/1447,
53,2,0.0,0.0,28/05/1447,
53,2,0.0,0.0,29/05/1447,
53,2,0.0,4.0,30/05/1447,
40,2,7.0,145.0,01/05/1447,
40,2,0.0,0.0,02/05/1447,
40,2,0.0,0.0,03/05/1447,
40,2,1.0,10.0,04/05/1447,
40,2,0.5,10.0,05/05/1447,
40,2,0.0,0.0,06/05/1447,
40,2,0.5,15.0,07/05/1447,
40,2,0.0,0.0,08/05/1447,
40,2,1.0,10.0,09/05/1447,
40,2,0.0,0.0,10/05/1447,
40,2,1.0,15.0,12/05/1447,
40,2,0.0,15.0,13/05/1447,
40,2,0.0,0.0,14/05/1447,
40,2,0.0,0.0,15/05/1447,
40,2,0.0,0.0,16/05/1447,
40,2,0.5,0.0,18/05/1447,
40,2,1.0,0.0,19/05/1447,
40,2,0.0,0.0,20/05/1447,
40,2,0.0,20.0,21/05/1447,
40,2,0.0,5.0,22/05/1447,
40,2,0.0,0.0,23/05/1447,
40,2,0.0,0.0,24/05/1447,
40,2,1.0,10.0,25/05/1447,
40,2,0.0,20.0,26/05/1447,
40,2,0.5,0.0,27/05/1447,
40,2,0.0,0.0,28/05/1447,
40,2,0.0,0.0,29/05/1447,
40,2,0.0,5.0,30/05/1447,
40,2,0.0,10.0,31/05/1447,
29,2,3.2,59.0,01/05/1447,
29,2,0.0,0.0,02/05/1447,
29,2,0.0,0.0,03/05/1447,
29,2,0.0,8.0,04/05/1447,
29,2,0.0,6.0,05/05/1447,
29,2,0.0,0.0,06/05/1447,
29,2,0.0,8.0,07/05/1447,
29,2,0.0,0.0,08/05/1447,
29,2,0.0,10.0,09/05/1447,
29,2,0.0,0.0,10/05/1447,
29,2,0.5,0.0,11/05/1447,
29,2,0.0,2.0,12/05/1447,
29,2,0.0,3.0,13/05/1447,
29,2,0.0,0.0,14/05/1447,
29,2,0.0,0.0,15/05/1447,
29,2,0.0,0.0,16/05/1447,
29,2,0.5,0.0,17/05/1447,
29,2,0.5,0.0,18/05/1447,
29,2,0.0,0.0,19/05/1447,
29,2,0.5,0.0,20/05/1447,
29,2,0.2,0.0,21/05/1447,
29,2,0.0,2.0,22/05/1447,
29,2,0.0,0.0,23/05/1447,
29,2,0.0,0.0,24/05/1447,
29,2,1.0,0.0,25/05/1447,
29,2,0.0,0.0,27/05/1447,
29,2,0.0,10.0,28/05/1447,
29,2,0.0,0.0,29/05/1447,
29,2,0.0,10.0,30/05/1447,
29,2,0.0,0.0,31/05/1447,
13,2,2.0,66.0,01/05/1447,
13,2,0.0,0.0,02/05/1447,
13,2,0.0,0.0,03/05/1447,
13,2,0.0,6.0,04/05/1447,
13,2,0.5,0.0,05/05/1447,
13,2,0.0,0.0,06/05/1447,
13,2,0.0,0.0,07/05/1447,
13,2,0.0,0.0,08/05/1447,
13,2,0.5,0.0,09/05/1447,
13,2,0.0,0.0,10/05/1447,
13,2,0.0,6.0,13/05/1447,
13,2,0.0,0.0,14/05/1447,
13,2,0.0,0.0,15/05/1447,
13,2,0.0,0.0,16/05/1447,
13,2,0.0,0.0,17/05/1447,
13,2,0.0,4.0,18/05/1447,
13,2,0.0,10.0,19/05/1447,
13,2,0.0,10.0,20/05/1447,
13,2,0.0,10.0,21/05/1447,
13,2,0.0,0.0,22/05/1447,
13,2,0.0,0.0,23/05/1447,
13,2,0.0,0.0,24/05/1447,
13,2,1.0,0.0,25/05/1447,
13,2,0.0,10.0,27/05/1447,
13,2,0.0,0.0,28/05/1447,
13,2,0.0,10.0,31/05/1447,
32,2,0.0,95.0,01/05/1447,
32,2,0.0,2.0,04/05/1447,
32,2,0.0,4.0,05/05/1447,
32,2,0.0,0.0,06/05/1447,
32,2,0.0,10.0,07/05/1447,
32,2,0.0,0.0,08/05/1447,
32,2,0.0,0.0,09/05/1447,
32,2,0.0,0.0,10/05/1447,
32,2,0.0,8.0,11/05/1447,
32,2,0.0,10.0,12/05/1447,
32,2,0.0,10.0,13/05/1447,
32,2,0.0,0.0,16/05/1447,
32,2,0.0,10.0,18/05/1447,
32,2,0.0,0.0,19/05/1447,
32,2,0.0,0.0,20/05/1447,
32,2,0.0,6.0,21/05/1447,
32,2,0.0,5.0,25/05/1447,
32,2,0.0,10.0,27/05/1447,
32,2,0.0,10.0,28/05/1447,
32,2,0.0,0.0,29/05/1447,
32,2,0.0,10.0,30/05/1447,
32,2,0.0,0.0,31/05/1447,
50,2,1.0,33.0,01/05/1447,
50,2,0.0,0.0,02/05/1447,
50,2,0.0,0.0,03/05/1447,
50,2,0.0,6.0,04/05/1447,
50,2,0.0,4.0,05/05/1447,
50,2,0.0,6.0,07/05/1447,
50,2,0.0,0.0,08/05/1447,
50,2,0.0,6.0,09/05/1447,
50,2,0.0,0.0,10/05/1447,
50,2,0.0,0.0,11/05/1447,
50,2,0.0,6.0,13/05/1447,
50,2,0.0,0.0,14/05/1447,
50,2,0.0,0.0,15/05/1447,
50,2,0.0,0.0,16/05/1447,
50,2,0.0,0.0,17/05/1447,
50,2,0.0,0.0,19/05/1447,
50,2,0.5,0.0,22/05/1447,
50,2,0.0,0.0,23/05/1447,
50,2,0.0,0.0,24/05/1447,
50,2,0.5,0.0,27/05/1447,
50,2,0.0,0.0,28/05/1447,
50,2,0.0,0.0,29/05/1447,
50,2,0.0,5.0,30/05/1447,
2,2,0.5,9.0,01/05/1447,
2,2,0.0,0.0,02/05/1447,
2,2,0.0,0.0,03/05/1447,
2,2,0.0,6.0,04/05/1447,
2,2,0.0,2.0,05/05/1447,
2,2,0.5,0.0,07/05/1447,
2,2,0.0,0.0,08/05/1447,
2,2,0.0,0.0,10/05/1447,
2,2,0.0,0.0,11/05/1447,
2,2,0.0,1.0,13/05/1447,
2,2,0.0,0.0,14/05/1447,
2,2,0.0,0.0,16/05/1447,
2,2,0.0,0.0,25/05/1447,
2,2,0.0,0.0,28/05/1447,
56,5,2.0,17.0,01/05/1447,
56,5,0.0,0.0,02/05/1447,
56,5,0.0,0.0,03/05/1447,
56,5,0.0,0.0,05/05/1447,
56,5,0.5,0.0,06/05/1447,
56,5,0.5,0.0,07/05/1447,
56,5,0.0,0.0,08/05/1447,
56,5,0.0,0.0,09/05/1447,
56,5,0.5,0.0,10/05/1447,
56,5,0.0,0.0,11/05/1447,
56,5,0.0,0.0,13/05/1447,
56,5,0.0,0.0,16/05/1447,
56,5,0.0,0.0,20/05/1447,
56,5,0.5,0.0,21/05/1447,
56,5,0.0,0.0,25/05/1447,
56,5,0.0,2.0,26/05/1447,
56,5,0.0,3.0,27/05/1447,
56,5,0.0,2.0,28/05/1447,
56,5,0.0,0.0,29/05/1447,
56,5,0.0,0.0,30/05/1447,
56,5,0.0,10.0,31/05/1447,
35,5,0.0,23.0,01/05/1447,
35,5,0.0,0.0,03/05/1447,
35,5,0.0,2.0,05/05/1447,
35,5,0.0,0.0,06/05/1447,
35,5,0.0,5.0,07/05/1447,
35,5,0.0,0.0,09/05/1447,
35,5,0.0,0.0,10/05/1447,
35,5,0.0,2.0,11/05/1447,
35,5,0.0,4.0,12/05/1447,
35,5,0.0,0.0,17/05/1447,
35,5,0.0,2.0,18/05/1447,
35,5,0.0,2.0,19/05/1447,
35,5,0.0,0.0,20/05/1447,
35,5,0.0,1.0,21/05/1447,
35,5,0.0,0.0,25/05/1447,
35,5,0.0,2.0,26/05/1447,
35,5,0.0,1.0,27/05/1447,
35,5,0.0,2.0,28/05/1447,
35,5,0.0,0.0,29/05/1447,
35,5,0.0,0.0,31/05/1447,
7,5,0.0,21.0,01/05/1447,
7,5,0.0,0.0,02/05/1447,
7,5,0.0,3.0,04/05/1447,
7,5,0.0,6.0,07/05/1447,
7,5,0.0,3.0,10/05/1447,
7,5,0.0,0.0,12/05/1447,
7,5,0.0,0.0,13/05/1447,
7,5,0.0,1.0,19/05/1447,
7,5,0.0,0.0,20/05/1447,
7,5,0.0,0.0,24/05/1447,
7,5,0.0,5.0,25/05/1447,
7,5,0.0,3.0,26/05/1447,
7,5,0.0,0.0,27/05/1447,
7,5,0.0,0.0,28/05/1447,
7,5,0.0,0.0,31/05/1447,
38,5,0.5,11.0,01/05/1447,
38,5,0.0,4.0,04/05/1447,
38,5,0.0,0.0,06/05/1447,
38,5,0.0,5.0,07/05/1447,
38,5,0.0,0.0,09/05/1447,
38,5,0.0,0.0,18/05/1447,
38,5,0.0,0.0,19/05/1447,
38,5,0.0,0.0,20/05/1447,
38,5,0.5,0.0,21/05/1447,
38,5,0.0,0.0,23/05/1447,
38,5,0.0,2.0,25/05/1447,
38,5,0.0,0.0,26/05/1447,
16,5,1.0,10.0,01/05/1447,
16,5,0.0,0.0,02/05/1447,
16,5,0.0,0.0,03/05/1447,
16,5,0.0,2.0,04/05/1447,
16,5,0.0,0.0,05/05/1447,
16,5,0.0,0.0,06/05/1447,
16,5,0.5,0.0,08/05/1447,
16,5,0.0,2.0,10/05/1447,
16,5,0.0,1.0,11/05/1447,
16,5,0.0,0.0,13/05/1447,
16,5,0.0,0.0,14/05/1447,
16,5,0.0,0.0,20/05/1447,
16,5,0.5,0.0,21/05/1447,
16,5,0.0,0.0,25/05/1447,
16,5,0.0,2.0,26/05/1447,
16,5,0.0,3.0,27/05/1447,
16,5,0.0,0.0,28/05/1447,
16,5,0.0,0.0,29/05/1447,
16,5,0.0,0.0,30/05/1447,
16,5,0.0,0.0,31/05/1447,
60,5,1.0,19.0,01/05/1447,
60,5,0.0,3.0,04/05/1447,
60,5,0.0,2.0,05/05/1447,
60,5,0.0,0.0,06/05/1447,
60,5,0.5,0.0,07/05/1447,
60,5,0.0,0.0,08/05/1447,
60,5,0.0,0.0,09/05/1447,
60,5,0.0,1.0,10/05/1447,
60,5,0.0,3.0,11/05/1447,
60,5,0.0,4.0,12/05/1447,
60,5,0.0,0.0,13/05/1447,
60,5,0.0,0.0,19/05/1447,
60,5,0.5,0.0,20/05/1447,
60,5,0.0,2.0,21/05/1447,
60,5,0.0,2.0,26/05/1447,
60,5,0.0,0.0,27/05/1447,
60,5,0.0,0.0,28/05/1447,
60,5,0.0,0.0,29/05/1447,
60,5,0.0,2.0,30/05/1447,
60,5,0.0,0.0,31/05/1447,
11,5,1.0,20.0,01/05/1447,
11,5,0.0,0.0,02/05/1447,
11,5,0.0,0.0,03/05/1447,
11,5,0.0,0.0,04/05/1447,
11,5,0.5,0.0,05/05/1447,
11,5,0.0,0.0,06/05/1447,
11,5,0.0,0.0,08/05/1447,
11,5,0.5,0.0,09/05/1447,
11,5,0.0,1.0,11/05/1447,
11,5,0.0,5.0,12/05/1447,
11,5,0.0,0.0,13/05/1447,
11,5,0.0,0.0,17/05/1447,
11,5,0.0,0.0,18/05/1447,
11,5,0.0,5.0,21/05/1447,
11,5,0.0,5.0,22/05/1447,
11,5,0.0,1.0,26/05/1447,
11,5,0.0,3.0,27/05/1447,
11,5,0.0,0.0,28/05/1447,
11,5,0.0,0.0,29/05/1447,
11,5,0.0,0.0,30/05/1447,
59,6,1.5,13.0,01/05/1447,
59,6,0.0,0.0,02/05/1447,
59,6,0.0,0.0,03/05/1447,
59,6,0.0,2.0,04/05/1447,
59,6,0.0,0.0,06/05/1447,
59,6,0.0,4.0,07/05/1447,
59,6,0.0,0.0,08/05/1447,
59,6,0.0,0.0,09/05/1447,
59,6,0.0,1.0,11/05/1447,
59,6,0.0,3.0,12/05/1447,
59,6,0.0,0.0,13/05/1447,
59,6,0.5,0.0,19/05/1447,
59,6,0.0,0.0,20/05/1447,
59,6,0.0,3.0,21/05/1447,
59,6,0.0,0.0,25/05/1447,
59,6,0.5,0.0,26/05/1447,
59,6,0.5,0.0,27/05/1447,
59,6,0.0,0.0,28/05/1447,
59,6,0.0,0.0,29/05/1447,
59,6,0.0,0.0,30/05/1447,
59,6,0.0,0.0,31/05/1447,
21,6,0.0,0.0,01/05/1447,
21,6,0.0,0.0,31/05/1447,
15,6,0.0,0.0,01/05/1447,
44,6,0.0,6.0,01/05/1447,
44,6,0.0,0.0,02/05/1447,
44,6,0.0,0.0,03/05/1447,
44,6,0.0,3.0,22/05/1447,
44,6,0.0,0.0,23/05/1447,
44,6,0.0,0.0,24/05/1447,
44,6,0.0,0.0,25/05/1447,
44,6,0.0,1.0,26/05/1447,
44,6,0.0,2.0,27/05/1447,
44,6,0.0,0.0,28/05/1447,
44,6,0.0,0.0,29/05/1447,
44,6,0.0,0.0,30/05/1447,
44,6,0.0,0.0,31/05/1447,
43,6,0.0,0.0,01/05/1447,
43,6,0.0,0.0,05/05/1447,
43,6,0.0,0.0,27/05/1447,
43,6,0.0,0.0,28/05/1447,
43,6,0.0,0.0,29/05/1447,
43,6,0.0,0.0,30/05/1447,
48,6,1.0,5.0,01/05/1447,
48,6,0.0,0.0,02/05/1447,
48,6,0.0,0.0,03/05/1447,
48,6,0.0,0.0,22/05/1447,
48,6,0.5,0.0,24/05/1447,
48,6,0.5,0.0,25/05/1447,
48,6,0.0,2.0,26/05/1447,
48,6,0.0,3.0,27/05/1447,
48,6,0.0,0.0,28/05/1447,
48,6,0.0,0.0,29/05/1447,
48,6,0.0,0.0,30/05/1447,
48,6,0.0,0.0,31/05/1447,
37,2,0.0,0.0,01/05/1447,
41,2,0.0,0.0,01/05/1447,
39,2,0.0,0.0,01/05/1447,
6,2,0.0,0.0,01/05/1447,
55,2,0.0,0.0,01/05/1447,
42,2,0.0,0.0,01/05/1447,
58,2,3.5,35.0,01/05/1447,
58,2,0.0,0.0,02/05/1447,
58,2,0.0,0.0,03/05/1447,
58,2,0.0,4.0,05/05/1447,
58,2,0.0,0.0,06/05/1447,
58,2,0.0,6.0,07/05/1447,
58,2,0.0,0.0,08/05/1447,
58,2,0.0,0.0,10/05/1447,
58,2,1.0,5.0,11/05/1447,
58,2,1.0,5.0,12/05/1447,
58,2,1.0,5.0,13/05/1447,
58,2,0.0,2.0,14/05/1447,
58,2,0.0,0.0,15/05/1447,
58,2,0.0,0.0,16/05/1447,
58,2,0.0,0.0,17/05/1447,
58,2,0.0,0.0,21/05/1447,
58,2,0.0,3.0,25/05/1447,
58,2,0.0,2.0,26/05/1447,
58,2,0.0,0.0,27/05/1447,
58,2,0.0,3.0,28/05/1447,
58,2,0.0,0.0,29/05/1447,
58,2,0.5,0.0,30/05/1447,
58,2,0.0,0.0,31/05/1447,
46,2,0.0,0.0,01/05/1447,
33,2,0.0,0.0,01/05/1447,
1,2,0.0,0.0,01/05/1447,
57,2,0.5,0.0,01/05/1447,
57,2,0.0,0.0,02/05/1447,
57,2,0.0,0.0,03/05/1447,
57,2,0.0,0.0,04/05/1447,
57,2,0.5,0.0,05/05/1447,
57,2,0.0,0.0,06/05/1447,
57,2,0.0,0.0,07/05/1447,
57,2,0.0,0.0,10/05/1447,
57,2,0.0,0.0,22/05/1447,
57,2,0.0,0.0,23/05/1447,
57,2,0.0,0.0,24/05/1447,
57,2,0.0,0.0,25/05/1447,
57,2,0.0,0.0,26/05/1447,
57,2,0.0,0.0,27/05/1447,
57,2,0.0,0.0,28/05/1447,
57,2,0.0,0.0,30/05/1447,
8,1,0.0,32.0,01/06/1447,
8,1,0.0,0.0,02/06/1447,
8,1,0.0,5.0,03/06/1447,
8,1,0.0,0.0,07/06/1447,
8,1,0.0,8.0,09/06/1447,
8,1,0.0,0.0,11/06/1447,
8,1,0.0,10.0,12/06/1447,
8,1,0.0,2.0,14/06/1447,
8,1,0.0,4.0,24/06/1447,
8,1,0.0,3.0,25/06/1447,
9,1,2.0,107.0,01/06/1447,
9,1,0.0,0.0,02/06/1447,
9,1,0.0,0.0,03/06/1447,
9,1,0.0,10.0,04/06/1447,
9,1,0.0,0.0,05/06/1447,
9,1,0.0,0.0,06/06/1447,
9,1,0.0,0.0,07/06/1447,
9,1,0.0,10.0,08/06/1447,
9,1,0.0,3.0,09/06/1447,
9,1,0.0,4.0,10/06/1447,
9,1,0.0,0.0,11/06/1447,
9,1,0.0,7.0,12/06/1447,
9,1,0.0,7.0,13/06/1447,
9,1,0.0,0.0,15/06/1447,
9,1,1.0,9.0,16/06/1447,
9,1,0.0,5.0,17/06/1447,
9,1,0.0,5.0,18/06/1447,
9,1,0.0,5.0,19/06/1447,
9,1,0.0,4.0,20/06/1447,
9,1,0.0,0.0,21/06/1447,
9,1,0.0,3.0,22/06/1447,
9,1,0.0,0.0,23/06/1447,
9,1,1.0,6.0,24/06/1447,
9,1,0.0,15.0,25/06/1447,
9,1,0.0,5.0,26/06/1447,
9,1,0.0,3.0,27/06/1447,
9,1,0.0,4.0,28/06/1447,
9,1,0.0,0.0,29/06/1447,
9,1,0.0,2.0,30/06/1447,
17,1,23.0,203.0,01/06/1447,
17,1,0.0,10.0,02/06/1447,
17,1,2.0,9.0,03/06/1447,
17,1,1.0,12.0,04/06/1447,
17,1,1.0,5.0,05/06/1447,
17,1,1.0,8.0,06/06/1447,
17,1,1.0,0.0,07/06/1447,
17,1,1.0,8.0,08/06/1447,
17,1,1.0,8.0,09/06/1447,
17,1,1.0,5.0,10/06/1447,
17,1,0.0,0.0,11/06/1447,
17,1,0.0,5.0,12/06/1447,
17,1,0.0,12.0,13/06/1447,
17,1,0.0,26.0,14/06/1447,
17,1,0.0,2.0,15/06/1447,
17,1,1.0,10.0,16/06/1447,
17,1,1.0,6.0,17/06/1447,
17,1,1.0,10.0,18/06/1447,
17,1,1.0,5.0,19/06/1447,
17,1,1.0,9.0,20/06/1447,
17,1,0.0,0.0,21/06/1447,
17,1,0.0,5.0,22/06/1447,
17,1,0.0,6.0,23/06/1447,
17,1,2.0,8.0,24/06/1447,
17,1,2.0,10.0,25/06/1447,
17,1,1.0,6.0,26/06/1447,
17,1,1.0,10.0,27/06/1447,
17,1,0.0,0.0,28/06/1447,
17,1,1.0,5.0,29/06/1447,
17,1,2.0,3.0,30/06/1447,
36,1,6.5,119.0,01/06/1447,
36,1,0.5,7.0,03/06/1447,
36,1,0.5,6.0,04/06/1447,
36,1,0.5,2.0,05/06/1447,
36,1,0.5,2.0,06/06/1447,
36,1,0.0,0.0,07/06/1447,
36,1,0.0,11.0,08/06/1447,
36,1,0.0,7.0,09/06/1447,
36,1,0.0,3.0,10/06/1447,
36,1,0.0,0.0,11/06/1447,
36,1,0.0,10.0,12/06/1447,
36,1,0.0,10.0,13/06/1447,
36,1,1.0,0.0,14/06/1447,
36,1,0.0,0.0,15/06/1447,
36,1,0.0,2.0,16/06/1447,
36,1,0.0,4.0,17/06/1447,
36,1,0.0,3.0,18/06/1447,
36,1,0.0,9.0,19/06/1447,
36,1,0.5,10.0,20/06/1447,
36,1,0.0,0.0,21/06/1447,
36,1,0.0,7.0,22/06/1447,
36,1,0.0,4.0,23/06/1447,
36,1,0.5,8.0,24/06/1447,
36,1,1.0,10.0,25/06/1447,
36,1,0.0,0.0,26/06/1447,
36,1,0.5,1.0,27/06/1447,
36,1,0.5,0.0,28/06/1447,
36,1,0.5,0.0,29/06/1447,
36,1,0.0,3.0,30/06/1447,
23,1,9.0,55.0,01/06/1447,
23,1,0.0,2.0,02/06/1447,
23,1,1.0,2.0,03/06/1447,
23,1,0.5,6.0,04/06/1447,
23,1,0.5,0.0,05/06/1447,
23,1,0.5,0.0,06/06/1447,
23,1,0.0,0.0,07/06/1447,
23,1,0.0,0.0,11/06/1447,
23,1,0.0,1.0,12/06/1447,
23,1,0.0,4.0,13/06/1447,
23,1,0.0,1.0,14/06/1447,
23,1,0.0,0.0,15/06/1447,
23,1,0.5,13.0,16/06/1447,
23,1,0.5,0.0,17/06/1447,
23,1,0.5,13.0,18/06/1447,
23,1,0.0,3.0,19/06/1447,
23,1,0.0,0.0,21/06/1447,
23,1,0.5,0.0,22/06/1447,
23,1,0.0,0.0,23/06/1447,
23,1,1.0,5.0,24/06/1447,
23,1,1.0,5.0,25/06/1447,
23,1,1.0,0.0,26/06/1447,
23,1,1.0,0.0,27/06/1447,
23,1,0.5,0.0,28/06/1447,
23,1,0.0,0.0,29/06/1447,
23,1,0.0,0.0,30/06/1447,
3,1,1.0,40.0,01/06/1447,
3,1,0.0,0.0,02/06/1447,
3,1,0.0,3.0,03/06/1447,
3,1,0.0,7.0,04/06/1447,
3,1,0.0,7.0,06/06/1447,
3,1,0.0,0.0,07/06/1447,
3,1,1.0,0.0,08/06/1447,
3,1,0.0,2.0,09/06/1447,
3,1,0.0,0.0,11/06/1447,
3,1,0.0,2.0,13/06/1447,
3,1,0.0,1.0,14/06/1447,
3,1,0.0,0.0,15/06/1447,
3,1,0.0,2.0,16/06/1447,
3,1,0.0,2.0,20/06/1447,
3,1,0.0,0.0,21/06/1447,
3,1,0.0,0.0,22/06/1447,
3,1,0.0,0.0,23/06/1447,
3,1,0.0,7.0,24/06/1447,
3,1,0.0,3.0,25/06/1447,
3,1,0.0,4.0,27/06/1447,
3,1,0.0,0.0,28/06/1447,
3,1,0.0,0.0,29/06/1447,
3,1,0.0,0.0,30/06/1447,
4,1,12.5,135.0,01/06/1447,
4,1,0.0,0.0,02/06/1447,
4,1,0.5,0.0,03/06/1447,
4,1,1.0,0.0,04/06/1447,
4,1,0.0,6.0,05/06/1447,
4,1,0.0,15.0,06/06/1447,
4,1,0.0,0.0,07/06/1447,
4,1,1.0,10.0,09/06/1447,
4,1,1.0,7.0,10/06/1447,
4,1,0.0,0.0,11/06/1447,
4,1,1.0,7.0,12/06/1447,
4,1,1.0,12.0,13/06/1447,
4,1,0.0,7.0,14/06/1447,
4,1,1.0,12.0,16/06/1447,
4,1,1.0,10.0,17/06/1447,
4,1,0.0,6.0,18/06/1447,
4,1,1.0,7.0,19/06/1447,
4,1,0.0,0.0,20/06/1447,
4,1,0.0,0.0,22/06/1447,
4,1,0.0,0.0,23/06/1447,
4,1,0.0,10.0,24/06/1447,
4,1,0.0,10.0,25/06/1447,
4,1,0.0,0.0,26/06/1447,
4,1,3.0,8.0,27/06/1447,
4,1,1.0,0.0,28/06/1447,
4,1,0.0,0.0,29/06/1447,
4,1,0.0,8.0,30/06/1447,
12,1,4.0,81.0,01/06/1447,
12,1,0.0,3.0,02/06/1447,
12,1,0.0,10.0,03/06/1447,
12,1,1.0,10.0,05/06/1447,
12,1,0.0,0.0,07/06/1447,
12,1,1.0,10.0,09/06/1447,
12,1,0.0,0.0,11/06/1447,
12,1,0.0,9.0,12/06/1447,
12,1,0.5,10.0,13/06/1447,
12,1,1.0,8.0,14/06/1447,
12,1,0.5,0.0,20/06/1447,
12,1,0.0,0.0,21/06/1447,
12,1,0.0,10.0,25/06/1447,
12,1,0.0,7.0,27/06/1447,
12,1,0.0,4.0,30/06/1447,
49,1,2.5,0.0,01/06/1447,
49,1,0.0,0.0,06/06/1447,
49,1,0.0,0.0,14/06/1447,
49,1,1.0,0.0,20/06/1447,
49,1,0.0,0.0,21/06/1447,
49,1,0.5,0.0,22/06/1447,
49,1,0.0,0.0,23/06/1447,
49,1,1.0,0.0,27/06/1447,
49,1,0.0,0.0,28/06/1447,
22,1,0.0,0.0,01/06/1447,
31,1,0.0,0.0,01/06/1447,
51,1,0.0,0.0,01/06/1447,
52,1,3.0,32.0,01/06/1447,
52,1,0.5,4.0,03/06/1447,
52,1,0.0,2.0,04/06/1447,
52,1,0.0,0.0,05/06/1447,
52,1,0.0,3.0,06/06/1447,
52,1,0.0,0.0,07/06/1447,
52,1,0.0,0.0,11/06/1447,
52,1,0.0,1.0,12/06/1447,
52,1,0.0,4.0,13/06/1447,
52,1,1.0,0.0,14/06/1447,
52,1,0.0,2.0,17/06/1447,
52,1,0.0,3.0,18/06/1447,
52,1,0.5,4.0,23/06/1447,
52,1,0.0,0.0,24/06/1447,
52,1,1.0,3.0,25/06/1447,
52,1,0.0,3.0,26/06/1447,
52,1,0.0,3.0,27/06/1447,
52,1,0.0,0.0,29/06/1447,
52,1,0.0,0.0,30/06/1447,
47,1,5.5,92.0,01/06/1447,
47,1,0.5,0.0,03/06/1447,
47,1,1.0,12.0,04/06/1447,
47,1,0.0,2.0,06/06/1447,
47,1,0.0,0.0,07/06/1447,
47,1,0.0,5.0,08/06/1447,
47,1,0.5,0.0,09/06/1447,
47,1,0.0,10.0,10/06/1447,
47,1,0.0,0.0,11/06/1447,
47,1,0.5,9.0,12/06/1447,
47,1,0.5,12.0,13/06/1447,
47,1,0.0,0.0,15/06/1447,
47,1,0.0,0.0,17/06/1447,
47,1,1.0,10.0,18/06/1447,
47,1,0.5,0.0,20/06/1447,
47,1,0.0,0.0,21/06/1447,
47,1,0.0,12.0,22/06/1447,
47,1,0.0,0.0,23/06/1447,
47,1,0.5,10.0,24/06/1447,
47,1,0.5,0.0,25/06/1447,
47,1,0.0,2.0,27/06/1447,
47,1,0.0,2.0,28/06/1447,
47,1,0.0,2.0,29/06/1447,
47,1,0.0,4.0,30/06/1447,
24,2,0.0,0.0,01/06/1447,
53,2,0.0,10.0,01/06/1447,
53,2,0.0,10.0,02/06/1447,
53,2,0.0,0.0,03/06/1447,
53,2,0.0,0.0,09/06/1447,
40,2,0.0,125.0,01/06/1447,
40,2,0.0,10.0,02/06/1447,
40,2,0.0,0.0,03/06/1447,
40,2,0.0,10.0,04/06/1447,
40,2,0.0,20.0,05/06/1447,
40,2,0.0,20.0,06/06/1447,
40,2,0.0,0.0,07/06/1447,
40,2,0.0,4.0,08/06/1447,
40,2,0.0,0.0,09/06/1447,
40,2,0.0,10.0,10/06/1447,
40,2,0.0,0.0,11/06/1447,
40,2,0.0,5.0,12/06/1447,
40,2,0.0,5.0,13/06/1447,
40,2,0.0,10.0,14/06/1447,
40,2,0.0,0.0,15/06/1447,
40,2,0.0,6.0,16/06/1447,
40,2,0.0,5.0,17/06/1447,
40,2,0.0,8.0,18/06/1447,
40,2,0.0,0.0,19/06/1447,
40,2,0.0,0.0,20/06/1447,
40,2,0.0,0.0,21/06/1447,
40,2,0.0,0.0,22/06/1447,
40,2,0.0,0.0,23/06/1447,
40,2,0.0,4.0,24/06/1447,
40,2,0.0,8.0,25/06/1447,
40,2,0.0,0.0,26/06/1447,
40,2,0.0,0.0,27/06/1447,
29,2,0.0,107.0,01/06/1447,
29,2,0.0,10.0,02/06/1447,
29,2,0.0,0.0,03/06/1447,
29,2,0.0,13.0,04/06/1447,
29,2,0.0,10.0,05/06/1447,
29,2,0.0,20.0,06/06/1447,
29,2,0.0,0.0,07/06/1447,
29,2,0.0,4.0,08/06/1447,
29,2,0.0,0.0,09/06/1447,
29,2,0.0,0.0,10/06/1447,
29,2,0.0,0.0,11/06/1447,
29,2,0.0,5.0,12/06/1447,
29,2,0.0,4.0,13/06/1447,
29,2,0.0,3.0,14/06/1447,
29,2,0.0,0.0,15/06/1447,
29,2,0.0,10.0,16/06/1447,
29,2,0.0,0.0,17/06/1447,
29,2,0.0,10.0,18/06/1447,
29,2,0.0,0.0,20/06/1447,
29,2,0.0,0.0,21/06/1447,
29,2,0.0,10.0,22/06/1447,
29,2,0.0,0.0,23/06/1447,
29,2,0.0,0.0,24/06/1447,
29,2,0.0,8.0,25/06/1447,
29,2,0.0,0.0,26/06/1447,
29,2,0.0,0.0,27/06/1447,
13,2,0.0,102.0,01/06/1447,
13,2,0.0,10.0,02/06/1447,
13,2,0.0,0.0,03/06/1447,
13,2,0.0,0.0,04/06/1447,
13,2,0.0,15.0,05/06/1447,
13,2,0.0,2.0,06/06/1447,
13,2,0.0,10.0,08/06/1447,
13,2,0.0,0.0,09/06/1447,
13,2,0.0,0.0,10/06/1447,
13,2,0.0,5.0,12/06/1447,
13,2,0.0,10.0,14/06/1447,
13,2,0.0,0.0,15/06/1447,
13,2,0.0,10.0,16/06/1447,
13,2,0.0,10.0,18/06/1447,
13,2,0.0,0.0,19/06/1447,
13,2,0.0,0.0,20/06/1447,
13,2,0.0,10.0,21/06/1447,
13,2,0.0,10.0,22/06/1447,
13,2,0.0,10.0,25/06/1447,
13,2,0.0,0.0,26/06/1447,
13,2,0.0,0.0,27/06/1447,
32,2,0.0,89.0,01/06/1447,
32,2,0.0,8.0,02/06/1447,
32,2,0.0,0.0,03/06/1447,
32,2,0.0,0.0,04/06/1447,
32,2,0.0,10.0,06/06/1447,
32,2,0.0,0.0,07/06/1447,
32,2,0.0,0.0,08/06/1447,
32,2,0.0,0.0,09/06/1447,
32,2,0.0,0.0,10/06/1447,
32,2,0.0,5.0,11/06/1447,
32,2,0.0,5.0,12/06/1447,
32,2,0.0,2.0,14/06/1447,
32,2,0.0,0.0,15/06/1447,
32,2,0.0,10.0,16/06/1447,
32,2,0.0,4.0,17/06/1447,
32,2,0.0,8.0,18/06/1447,
32,2,0.0,12.0,19/06/1447,
32,2,0.0,0.0,20/06/1447,
32,2,0.0,0.0,21/06/1447,
32,2,0.0,15.0,22/06/1447,
32,2,0.0,0.0,23/06/1447,
32,2,0.0,0.0,24/06/1447,
32,2,0.0,10.0,25/06/1447,
32,2,0.0,0.0,26/06/1447,
32,2,0.0,0.0,27/06/1447,
50,2,0.0,74.0,01/06/1447,
50,2,0.0,0.0,03/06/1447,
50,2,0.0,3.0,04/06/1447,
50,2,0.0,10.0,05/06/1447,
50,2,0.0,0.0,07/06/1447,
50,2,0.0,10.0,08/06/1447,
50,2,0.0,0.0,09/06/1447,
50,2,0.0,5.0,13/06/1447,
50,2,0.0,4.0,16/06/1447,
50,2,0.0,4.0,17/06/1447,
50,2,0.0,8.0,18/06/1447,
50,2,0.0,0.0,19/06/1447,
50,2,0.0,0.0,20/06/1447,
50,2,0.0,0.0,21/06/1447,
50,2,0.0,15.0,22/06/1447,
50,2,0.0,0.0,23/06/1447,
50,2,0.0,0.0,24/06/1447,
50,2,0.0,15.0,25/06/1447,
50,2,0.0,0.0,26/06/1447,
50,2,0.0,0.0,27/06/1447,
2,2,0.0,45.0,01/06/1447,
2,2,0.0,3.0,02/06/1447,
2,2,0.0,0.0,03/06/1447,
2,2,0.0,2.0,04/06/1447,
2,2,0.0,0.0,06/06/1447,
2,2,0.0,0.0,07/06/1447,
2,2,0.0,3.0,08/06/1447,
2,2,0.0,0.0,09/06/1447,
2,2,0.0,5.0,13/06/1447,
2,2,0.0,4.0,14/06/1447,
2,2,0.0,8.0,16/06/1447,
2,2,0.0,0.0,17/06/1447,
2,2,0.0,10.0,18/06/1447,
2,2,0.0,0.0,19/06/1447,
2,2,0.0,0.0,20/06/1447,
2,2,0.0,0.0,21/06/1447,
2,2,0.0,5.0,22/06/1447,
2,2,0.0,0.0,23/06/1447,
2,2,0.0,0.0,24/06/1447,
2,2,0.0,5.0,25/06/1447,
2,2,0.0,0.0,26/06/1447,
2,2,0.0,0.0,27/06/1447,
56,5,0.0,31.0,01/06/1447,
56,5,0.0,3.0,02/06/1447,
56,5,0.0,0.0,03/06/1447,
56,5,0.0,4.0,04/06/1447,
56,5,0.0,0.0,05/06/1447,
56,5,0.0,0.0,06/06/1447,
56,5,0.0,0.0,07/06/1447,
56,5,0.0,6.0,09/06/1447,
56,5,0.0,7.0,10/06/1447,
56,5,0.0,3.0,12/06/1447,
56,5,0.0,8.0,13/06/1447,
56,5,0.0,0.0,14/06/1447,
35,5,0.0,0.0,01/06/1447,
7,5,0.0,17.0,01/06/1447,
7,5,0.0,3.0,02/06/1447,
7,5,0.0,0.0,03/06/1447,
7,5,0.0,3.0,04/06/1447,
7,5,0.0,0.0,06/06/1447,
7,5,0.0,0.0,07/06/1447,
7,5,0.0,2.0,08/06/1447,
7,5,0.0,0.0,09/06/1447,
7,5,0.0,0.0,10/06/1447,
7,5,0.0,1.0,11/06/1447,
7,5,0.0,6.0,12/06/1447,
7,5,0.0,2.0,13/06/1447,
38,5,1.0,0.0,01/06/1447,
38,5,0.0,0.0,05/06/1447,
38,5,0.5,0.0,09/06/1447,
38,5,0.0,0.0,11/06/1447,
38,5,0.5,0.0,14/06/1447,
16,5,2.0,5.0,01/06/1447,
16,5,0.0,3.0,02/06/1447,
16,5,0.0,0.0,03/06/1447,
16,5,0.5,0.0,04/06/1447,
16,5,0.5,0.0,05/06/1447,
16,5,0.0,0.0,06/06/1447,
16,5,0.0,0.0,07/06/1447,
16,5,0.0,0.0,08/06/1447,
16,5,0.5,2.0,09/06/1447,
16,5,0.0,0.0,11/06/1447,
16,5,0.0,0.0,12/06/1447,
16,5,0.5,0.0,13/06/1447,
16,5,0.0,0.0,14/06/1447,
60,5,0.0,0.0,01/06/1447,
11,5,0.0,0.0,01/06/1447,
59,6,0.0,0.0,01/06/1447,
21,6,0.0,0.0,01/06/1447,
15,6,0.0,0.0,01/06/1447,
44,6,0.0,0.0,01/06/1447,
43,6,0.0,0.0,01/06/1447,
48,6,0.0,0.0,01/06/1447,
37,2,0.0,0.0,01/06/1447,
41,2,0.0,0.0,01/06/1447,
39,2,0.0,0.0,01/06/1447,
6,2,0.0,0.0,01/06/1447,
55,2,0.0,0.0,01/06/1447,
42,2,0.0,0.0,01/06/1447,
58,2,0.0,0.0,01/06/1447,
46,2,0.0,0.0,01/06/1447,
33,2,0.0,0.0,01/06/1447,
1,2,0.0,0.0,01/06/1447,
57,2,0.0,0.0,01/06/1447,
8,1,0.0,80.0,01/07/1447,
8,1,0.0,0.0,02/07/1447,
8,1,0.0,5.0,04/07/1447,
8,1,0.0,20.0,05/07/1447,
8,1,0.0,0.0,07/07/1447,
8,1,0.0,7.0,08/07/1447,
8,1,0.0,10.0,10/07/1447,
8,1,0.0,9.0,16/07/1447,
8,1,0.0,6.0,18/07/1447,
8,1,0.0,8.0,23/07/1447,
8,1,0.0,7.0,25/07/1447,
8,1,0.0,8.0,26/07/1447,
9,1,12.0,135.0,01/07/1447,
9,1,0.0,0.0,02/07/1447,
9,1,0.0,7.0,03/07/1447,
9,1,0.0,0.0,04/07/1447,
9,1,1.0,0.0,05/07/1447,
9,1,0.0,0.0,06/07/1447,
9,1,0.0,0.0,07/07/1447,
9,1,0.0,11.0,08/07/1447,
9,1,0.0,7.0,09/07/1447,
9,1,0.0,11.0,10/07/1447,
9,1,0.0,15.0,11/07/1447,
9,1,0.0,0.0,12/07/1447,
9,1,0.0,0.0,13/07/1447,
9,1,1.0,0.0,14/07/1447,
9,1,2.0,10.0,15/07/1447,
9,1,0.0,5.0,16/07/1447,
9,1,2.0,10.0,17/07/1447,
9,1,1.0,5.0,18/07/1447,
9,1,0.0,0.0,19/07/1447,
9,1,0.0,5.0,20/07/1447,
9,1,0.0,0.0,21/07/1447,
9,1,2.0,0.0,22/07/1447,
9,1,1.0,13.0,23/07/1447,
9,1,0.0,11.0,24/07/1447,
9,1,2.0,10.0,25/07/1447,
9,1,0.0,0.0,26/07/1447,
9,1,0.0,10.0,27/07/1447,
9,1,0.0,0.0,29/07/1447,
9,1,0.0,0.0,30/07/1447,
9,1,0.0,5.0,31/07/1447,
17,1,19.0,196.0,01/07/1447,
17,1,0.0,0.0,02/07/1447,
17,1,0.0,7.0,03/07/1447,
17,1,1.0,6.0,04/07/1447,
17,1,1.0,16.0,05/07/1447,
17,1,0.0,0.0,06/07/1447,
17,1,1.0,0.0,07/07/1447,
17,1,1.0,5.0,08/07/1447,
17,1,2.0,15.0,09/07/1447,
17,1,2.0,6.0,10/07/1447,
17,1,2.0,5.0,11/07/1447,
17,1,0.0,8.0,12/07/1447,
17,1,2.0,10.0,14/07/1447,
17,1,2.0,10.0,15/07/1447,
17,1,1.0,5.0,16/07/1447,
17,1,0.0,10.0,17/07/1447,
17,1,0.0,8.0,18/07/1447,
17,1,0.0,0.0,19/07/1447,
17,1,2.0,0.0,20/07/1447,
17,1,2.0,5.0,22/07/1447,
17,1,0.0,14.0,24/07/1447,
17,1,0.0,11.0,25/07/1447,
17,1,0.0,13.0,26/07/1447,
17,1,0.0,2.0,27/07/1447,
17,1,0.0,22.0,29/07/1447,
17,1,0.0,8.0,30/07/1447,
17,1,0.0,10.0,31/07/1447,
36,1,1.5,85.0,01/07/1447,
36,1,0.0,0.0,02/07/1447,
36,1,0.0,1.0,03/07/1447,
36,1,0.0,2.0,04/07/1447,
36,1,0.0,12.0,05/07/1447,
36,1,0.0,0.0,06/07/1447,
36,1,0.0,0.0,07/07/1447,
36,1,0.0,10.0,08/07/1447,
36,1,0.0,3.0,09/07/1447,
36,1,0.0,4.0,10/07/1447,
36,1,0.0,5.0,13/07/1447,
36,1,0.0,4.0,14/07/1447,
36,1,0.0,3.0,15/07/1447,
36,1,0.0,6.0,16/07/1447,
36,1,0.0,0.0,17/07/1447,
36,1,0.0,6.0,18/07/1447,
36,1,0.0,0.0,19/07/1447,
36,1,0.0,0.0,20/07/1447,
36,1,0.0,6.0,23/07/1447,
36,1,0.0,0.0,24/07/1447,
36,1,0.5,0.0,25/07/1447,
36,1,0.5,0.0,26/07/1447,
36,1,0.5,0.0,27/07/1447,
36,1,0.0,0.0,28/07/1447,
36,1,0.0,10.0,29/07/1447,
36,1,0.0,10.0,30/07/1447,
36,1,0.0,3.0,31/07/1447,
23,1,2.5,98.0,01/07/1447,
23,1,0.0,0.0,07/07/1447,
23,1,0.0,10.0,08/07/1447,
23,1,0.0,3.0,09/07/1447,
23,1,0.0,1.0,10/07/1447,
23,1,0.0,6.0,11/07/1447,
23,1,0.0,0.0,12/07/1447,
23,1,0.0,2.0,13/07/1447,
23,1,0.0,10.0,14/07/1447,
23,1,0.0,10.0,15/07/1447,
23,1,0.0,6.0,16/07/1447,
23,1,0.0,6.0,17/07/1447,
23,1,0.0,8.0,18/07/1447,
23,1,0.0,0.0,19/07/1447,
23,1,0.0,0.0,20/07/1447,
23,1,0.0,0.0,21/07/1447,
23,1,1.0,10.0,22/07/1447,
23,1,0.0,6.0,23/07/1447,
23,1,0.0,0.0,24/07/1447,
23,1,0.5,0.0,25/07/1447,
23,1,0.5,0.0,26/07/1447,
23,1,0.5,0.0,27/07/1447,
23,1,0.0,10.0,29/07/1447,
23,1,0.0,10.0,30/07/1447,
3,1,6.5,98.0,01/07/1447,
3,1,0.0,6.0,04/07/1447,
3,1,0.0,7.0,05/07/1447,
3,1,0.0,0.0,06/07/1447,
3,1,0.0,4.0,08/07/1447,
3,1,0.0,0.0,09/07/1447,
3,1,0.0,3.0,10/07/1447,
3,1,0.0,3.0,11/07/1447,
3,1,0.0,0.0,12/07/1447,
3,1,0.0,0.0,13/07/1447,
3,1,0.0,3.0,14/07/1447,
3,1,0.0,3.0,15/07/1447,
3,1,0.0,3.0,16/07/1447,
3,1,0.0,0.0,20/07/1447,
3,1,0.0,0.0,21/07/1447,
3,1,2.0,10.0,22/07/1447,
3,1,2.0,10.0,23/07/1447,
3,1,1.0,10.0,24/07/1447,
3,1,0.0,10.0,25/07/1447,
3,1,0.0,5.0,26/07/1447,
3,1,0.0,0.0,27/07/1447,
3,1,0.5,10.0,28/07/1447,
3,1,1.0,7.0,30/07/1447,
3,1,0.0,4.0,31/07/1447,
4,1,12.0,92.0,01/07/1447,
4,1,0.0,6.0,04/07/1447,
4,1,1.0,7.0,05/07/1447,
4,1,0.0,0.0,06/07/1447,
4,1,0.0,10.0,10/07/1447,
4,1,0.0,0.0,12/07/1447,
4,1,0.0,0.0,13/07/1447,
4,1,2.0,9.0,14/07/1447,
4,1,1.0,5.0,15/07/1447,
4,1,0.0,8.0,16/07/1447,
4,1,0.0,11.0,18/07/1447,
4,1,1.0,0.0,20/07/1447,
4,1,0.0,0.0,21/07/1447,
4,1,2.0,0.0,22/07/1447,
4,1,1.0,10.0,23/07/1447,
4,1,1.0,6.0,24/07/1447,
4,1,0.0,5.0,25/07/1447,
4,1,1.0,0.0,27/07/1447,
4,1,1.0,0.0,29/07/1447,
4,1,0.0,7.0,30/07/1447,
4,1,1.0,8.0,31/07/1447,
12,1,0.5,52.0,01/07/1447,
12,1,0.0,2.0,04/07/1447,
12,1,0.0,2.0,05/07/1447,
12,1,0.0,3.0,10/07/1447,
12,1,0.0,0.0,12/07/1447,
12,1,0.0,0.0,13/07/1447,
12,1,0.0,2.0,14/07/1447,
12,1,0.0,1.0,15/07/1447,
12,1,0.0,2.0,16/07/1447,
12,1,0.5,5.0,18/07/1447,
12,1,0.0,10.0,22/07/1447,
12,1,0.0,7.0,25/07/1447,
12,1,0.0,8.0,26/07/1447,
12,1,0.0,10.0,30/07/1447,
49,1,0.5,2.0,01/07/1447,
49,1,0.5,0.0,04/07/1447,
49,1,0.0,0.0,05/07/1447,
49,1,0.0,2.0,08/07/1447,
22,1,0.0,0.0,01/07/1447,
31,1,0.0,0.0,01/07/1447,
51,1,0.0,0.0,01/07/1447,
52,1,0.0,27.0,01/07/1447,
52,1,0.0,6.0,03/07/1447,
52,1,0.0,6.0,04/07/1447,
52,1,0.0,0.0,06/07/1447,
52,1,0.0,4.0,11/07/1447,
52,1,0.0,8.0,15/07/1447,
52,1,0.0,3.0,17/07/1447,
47,1,4.5,87.0,01/07/1447,
47,1,0.0,0.0,02/07/1447,
47,1,0.0,4.0,03/07/1447,
47,1,0.0,12.0,04/07/1447,
47,1,0.0,10.0,05/07/1447,
47,1,0.0,0.0,06/07/1447,
47,1,1.0,10.0,07/07/1447,
47,1,0.0,4.0,08/07/1447,
47,1,0.5,10.0,09/07/1447,
47,1,0.5,0.0,10/07/1447,
47,1,1.0,10.0,11/07/1447,
47,1,0.5,0.0,12/07/1447,
47,1,0.5,0.0,13/07/1447,
47,1,0.0,4.0,15/07/1447,
47,1,0.0,4.0,16/07/1447,
47,1,0.5,7.0,17/07/1447,
47,1,0.0,4.0,22/07/1447,
47,1,0.0,8.0,29/07/1447,
24,2,0.0,0.0,01/07/1447,
53,2,0.0,0.0,01/07/1447,
40,2,1.0,138.0,01/07/1447,
40,2,0.0,0.0,02/07/1447,
40,2,0.0,10.0,03/07/1447,
40,2,0.0,10.0,04/07/1447,
40,2,0.0,10.0,05/07/1447,
40,2,0.0,0.0,06/07/1447,
40,2,1.0,0.0,07/07/1447,
40,2,0.0,10.0,08/07/1447,
40,2,0.0,0.0,09/07/1447,
40,2,0.0,0.0,10/07/1447,
40,2,0.0,9.0,11/07/1447,
40,2,0.0,5.0,12/07/1447,
40,2,0.0,5.0,13/07/1447,
40,2,0.0,10.0,14/07/1447,
40,2,0.0,5.0,15/07/1447,
40,2,0.0,5.0,16/07/1447,
40,2,0.0,8.0,17/07/1447,
40,2,0.0,10.0,18/07/1447,
40,2,0.0,0.0,19/07/1447,
40,2,0.0,0.0,20/07/1447,
40,2,0.0,0.0,21/07/1447,
40,2,0.0,5.0,22/07/1447,
40,2,0.0,10.0,23/07/1447,
40,2,0.0,8.0,24/07/1447,
40,2,0.0,3.0,25/07/1447,
40,2,0.0,4.0,27/07/1447,
40,2,0.0,6.0,28/07/1447,
40,2,0.0,0.0,29/07/1447,
40,2,0.0,0.0,30/07/1447,
40,2,0.0,5.0,31/07/1447,
29,2,0.0,120.0,01/07/1447,
29,2,0.0,6.0,02/07/1447,
29,2,0.0,10.0,03/07/1447,
29,2,0.0,10.0,04/07/1447,
29,2,0.0,10.0,05/07/1447,
29,2,0.0,0.0,06/07/1447,
29,2,0.0,0.0,07/07/1447,
29,2,0.0,0.0,08/07/1447,
29,2,0.0,10.0,09/07/1447,
29,2,0.0,10.0,10/07/1447,
29,2,0.0,0.0,11/07/1447,
29,2,0.0,4.0,12/07/1447,
29,2,0.0,6.0,13/07/1447,
29,2,0.0,10.0,14/07/1447,
29,2,0.0,10.0,15/07/1447,
29,2,0.0,5.0,16/07/1447,
29,2,0.0,5.0,17/07/1447,
29,2,0.0,2.0,18/07/1447,
29,2,0.0,0.0,19/07/1447,
29,2,0.0,0.0,20/07/1447,
29,2,0.0,0.0,21/07/1447,
29,2,0.0,3.0,22/07/1447,
29,2,0.0,2.0,23/07/1447,
29,2,0.0,5.0,24/07/1447,
29,2,0.0,5.0,25/07/1447,
29,2,0.0,0.0,26/07/1447,
29,2,0.0,2.0,27/07/1447,
29,2,0.0,3.0,28/07/1447,
29,2,0.0,0.0,29/07/1447,
29,2,0.0,0.0,30/07/1447,
29,2,0.0,2.0,31/07/1447,
13,2,1.0,77.0,01/07/1447,
13,2,0.5,10.0,02/07/1447,
13,2,0.5,10.0,03/07/1447,
13,2,0.0,10.0,04/07/1447,
13,2,0.0,10.0,05/07/1447,
13,2,0.0,0.0,06/07/1447,
13,2,0.0,0.0,07/07/1447,
13,2,0.0,6.0,08/07/1447,
13,2,0.0,9.0,09/07/1447,
13,2,0.0,5.0,12/07/1447,
13,2,0.0,0.0,13/07/1447,
13,2,0.0,3.0,14/07/1447,
13,2,0.0,5.0,16/07/1447,
13,2,0.0,3.0,18/07/1447,
13,2,0.0,0.0,19/07/1447,
13,2,0.0,0.0,20/07/1447,
13,2,0.0,0.0,21/07/1447,
13,2,0.0,4.0,23/07/1447,
13,2,0.0,2.0,25/07/1447,
13,2,0.0,0.0,29/07/1447,
13,2,0.0,0.0,31/07/1447,
32,2,0.0,62.0,01/07/1447,
32,2,0.0,10.0,02/07/1447,
32,2,0.0,0.0,03/07/1447,
32,2,0.0,0.0,04/07/1447,
32,2,0.0,6.0,05/07/1447,
32,2,0.0,0.0,06/07/1447,
32,2,0.0,0.0,07/07/1447,
32,2,0.0,2.0,08/07/1447,
32,2,0.0,0.0,09/07/1447,
32,2,0.0,6.0,11/07/1447,
32,2,0.0,0.0,12/07/1447,
32,2,0.0,4.0,13/07/1447,
32,2,0.0,2.0,14/07/1447,
32,2,0.0,0.0,15/07/1447,
32,2,0.0,7.0,16/07/1447,
32,2,0.0,3.0,17/07/1447,
32,2,0.0,5.0,18/07/1447,
32,2,0.0,2.0,19/07/1447,
32,2,0.0,0.0,20/07/1447,
32,2,0.0,0.0,21/07/1447,
32,2,0.0,2.0,22/07/1447,
32,2,0.0,0.0,23/07/1447,
32,2,0.0,0.0,24/07/1447,
32,2,0.0,5.0,25/07/1447,
32,2,0.0,0.0,26/07/1447,
32,2,0.0,4.0,27/07/1447,
32,2,0.0,4.0,28/07/1447,
32,2,0.0,0.0,29/07/1447,
32,2,0.0,0.0,30/07/1447,
32,2,0.0,0.0,31/07/1447,
50,2,0.5,70.0,01/07/1447,
50,2,0.5,6.0,02/07/1447,
50,2,0.0,9.0,03/07/1447,
50,2,0.0,10.0,05/07/1447,
50,2,0.0,0.0,06/07/1447,
50,2,0.0,0.0,07/07/1447,
50,2,0.0,10.0,08/07/1447,
50,2,0.0,10.0,09/07/1447,
50,2,0.0,8.0,10/07/1447,
50,2,0.0,0.0,11/07/1447,
50,2,0.0,0.0,13/07/1447,
50,2,0.0,2.0,14/07/1447,
50,2,0.0,4.0,15/07/1447,
50,2,0.0,0.0,17/07/1447,
50,2,0.0,3.0,19/07/1447,
50,2,0.0,0.0,22/07/1447,
50,2,0.0,0.0,24/07/1447,
50,2,0.0,3.0,25/07/1447,
50,2,0.0,3.0,28/07/1447,
50,2,0.0,0.0,29/07/1447,
50,2,0.0,0.0,30/07/1447,
50,2,0.0,2.0,31/07/1447,
2,2,0.5,55.0,01/07/1447,
2,2,0.5,4.0,02/07/1447,
2,2,0.0,6.0,03/07/1447,
2,2,0.0,6.0,04/07/1447,
2,2,0.0,9.0,05/07/1447,
2,2,0.0,0.0,06/07/1447,
2,2,0.0,0.0,07/07/1447,
2,2,0.0,10.0,09/07/1447,
2,2,0.0,10.0,10/07/1447,
2,2,0.0,0.0,11/07/1447,
2,2,0.0,0.0,12/07/1447,
2,2,0.0,3.0,13/07/1447,
2,2,0.0,2.0,14/07/1447,
2,2,0.0,0.0,19/07/1447,
2,2,0.0,3.0,20/07/1447,
2,2,0.0,0.0,21/07/1447,
2,2,0.0,0.0,22/07/1447,
2,2,0.0,2.0,25/07/1447,
2,2,0.0,0.0,30/07/1447,
56,5,0.0,12.0,01/07/1447,
56,5,0.0,0.0,18/07/1447,
56,5,0.0,0.0,19/07/1447,
56,5,0.0,2.0,24/07/1447,
56,5,0.0,0.0,25/07/1447,
56,5,0.0,5.0,26/07/1447,
56,5,0.0,3.0,27/07/1447,
56,5,0.0,2.0,28/07/1447,
56,5,0.0,0.0,29/07/1447,
56,5,0.0,0.0,30/07/1447,
56,5,0.0,0.0,31/07/1447,
35,5,0.0,0.0,01/07/1447,
7,5,0.0,0.0,01/07/1447,
38,5,0.0,0.0,01/07/1447,
16,5,0.0,0.0,01/07/1447,
60,5,0.0,0.0,01/07/1447,
11,5,0.0,0.0,01/07/1447,
59,6,0.0,0.0,01/07/1447,
21,6,0.0,17.0,01/07/1447,
21,6,0.0,2.0,03/07/1447,
21,6,0.0,0.0,05/07/1447,
21,6,0.0,0.0,12/07/1447,
21,6,0.0,5.0,17/07/1447,
21,6,0.0,0.0,18/07/1447,
21,6,0.0,4.0,24/07/1447,
21,6,0.0,4.0,25/07/1447,
21,6,0.0,2.0,27/07/1447,
15,6,0.0,0.0,01/07/1447,
44,6,0.0,41.0,01/07/1447,
44,6,0.0,3.0,02/07/1447,
44,6,0.0,2.0,03/07/1447,
44,6,0.0,0.0,04/07/1447,
44,6,0.0,0.0,05/07/1447,
44,6,0.0,0.0,06/07/1447,
44,6,0.0,0.0,07/07/1447,
44,6,0.0,1.0,08/07/1447,
44,6,0.0,0.0,09/07/1447,
44,6,0.0,0.0,10/07/1447,
44,6,0.0,0.0,11/07/1447,
44,6,0.0,0.0,12/07/1447,
44,6,0.0,5.0,13/07/1447,
44,6,0.0,0.0,14/07/1447,
44,6,0.0,0.0,15/07/1447,
44,6,0.0,5.0,17/07/1447,
44,6,0.0,4.0,18/07/1447,
44,6,0.0,0.0,20/07/1447,
44,6,0.0,0.0,21/07/1447,
44,6,0.0,2.0,22/07/1447,
44,6,0.0,3.0,23/07/1447,
44,6,0.0,2.0,24/07/1447,
44,6,0.0,3.0,25/07/1447,
44,6,0.0,6.0,26/07/1447,
44,6,0.0,2.0,28/07/1447,
44,6,0.0,2.0,29/07/1447,
44,6,0.0,1.0,30/07/1447,
43,6,0.0,0.0,01/07/1447,
48,6,1.5,26.0,01/07/1447,
48,6,0.0,2.0,02/07/1447,
48,6,0.0,3.0,03/07/1447,
48,6,0.0,2.0,04/07/1447,
48,6,0.0,0.0,05/07/1447,
48,6,0.5,0.0,08/07/1447,
48,6,0.5,0.0,10/07/1447,
48,6,0.0,1.0,11/07/1447,
48,6,0.0,0.0,12/07/1447,
48,6,0.0,0.0,13/07/1447,
48,6,0.0,1.0,14/07/1447,
48,6,0.0,0.0,15/07/1447,
48,6,0.0,1.0,19/07/1447,
48,6,0.0,0.0,20/07/1447,
48,6,0.0,0.0,21/07/1447,
48,6,0.5,3.0,22/07/1447,
48,6,0.0,5.0,25/07/1447,
48,6,0.0,2.0,26/07/1447,
48,6,0.0,2.0,28/07/1447,
48,6,0.0,0.0,29/07/1447,
48,6,0.0,4.0,30/07/1447,
37,2,0.0,0.0,01/07/1447,
41,2,0.0,0.0,01/07/1447,
39,2,0.0,0.0,01/07/1447,
6,2,0.0,0.0,01/07/1447,
55,2,0.0,0.0,01/07/1447,
42,2,0.0,0.0,01/07/1447,
58,2,0.0,0.0,01/07/1447,
46,2,0.0,0.0,01/07/1447,
33,2,0.0,0.0,01/07/1447,
1,2,0.0,0.0,01/07/1447,
57,2,0.0,0.0,01/07/1447,
8,1,0.0,40.0,01/08/1447,
8,1,0.0,3.0,03/08/1447,
8,1,0.0,3.0,04/08/1447,
8,1,0.0,7.0,07/08/1447,
8,1,0.0,0.0,08/08/1447,
8,1,0.0,3.0,09/08/1447,
8,1,0.0,0.0,10/08/1447,
8,1,0.0,0.0,11/08/1447,
8,1,0.0,6.0,13/08/1447,
8,1,0.0,6.0,14/08/1447,
8,1,0.0,12.0,15/08/1447,
9,1,6.0,107.0,01/08/1447,
9,1,4.0,0.0,02/08/1447,
9,1,1.0,15.0,03/08/1447,
9,1,1.0,10.0,04/08/1447,
9,1,0.0,12.0,05/08/1447,
9,1,0.0,10.0,06/08/1447,
9,1,0.0,12.0,07/08/1447,
9,1,0.0,0.0,08/08/1447,
9,1,0.0,6.0,09/08/1447,
9,1,0.0,14.0,10/08/1447,
9,1,0.0,0.0,12/08/1447,
9,1,0.0,6.0,13/08/1447,
9,1,0.0,7.0,14/08/1447,
9,1,0.0,15.0,16/08/1447,
17,1,18.0,87.0,01/08/1447,
17,1,2.0,10.0,02/08/1447,
17,1,1.0,10.0,03/08/1447,
17,1,1.0,0.0,04/08/1447,
17,1,1.0,5.0,06/08/1447,
17,1,0.0,5.0,07/08/1447,
17,1,3.0,0.0,08/08/1447,
17,1,2.0,10.0,09/08/1447,
17,1,2.0,10.0,10/08/1447,
17,1,2.0,0.0,11/08/1447,
17,1,0.0,0.0,12/08/1447,
17,1,1.0,4.0,13/08/1447,
17,1,1.0,13.0,14/08/1447,
17,1,2.0,20.0,15/08/1447,
36,1,0.0,17.0,01/08/1447,
36,1,0.0,3.0,02/08/1447,
36,1,0.0,6.0,03/08/1447,
36,1,0.0,0.0,04/08/1447,
36,1,0.0,2.0,06/08/1447,
36,1,0.0,0.0,07/08/1447,
36,1,0.0,0.0,08/08/1447,
36,1,0.0,0.0,10/08/1447,
36,1,0.0,0.0,11/08/1447,
36,1,0.0,0.0,12/08/1447,
36,1,0.0,3.0,14/08/1447,
36,1,0.0,3.0,15/08/1447,
23,1,0.0,24.0,01/08/1447,
23,1,0.0,0.0,02/08/1447,
23,1,0.0,0.0,04/08/1447,
23,1,0.0,0.0,05/08/1447,
23,1,0.0,3.0,06/08/1447,
23,1,0.0,10.0,07/08/1447,
23,1,0.0,3.0,08/08/1447,
23,1,0.0,5.0,09/08/1447,
23,1,0.0,0.0,11/08/1447,
23,1,0.0,3.0,15/08/1447,
3,1,0.0,32.0,01/08/1447,
3,1,0.0,8.0,02/08/1447,
3,1,0.0,7.0,03/08/1447,
3,1,0.0,2.0,04/08/1447,
3,1,0.0,12.0,06/08/1447,
3,1,0.0,3.0,07/08/1447,
3,1,0.0,0.0,12/08/1447,
4,1,5.0,45.0,01/08/1447,
4,1,0.0,8.0,02/08/1447,
4,1,0.0,6.0,03/08/1447,
4,1,0.0,0.0,04/08/1447,
4,1,1.0,9.0,07/08/1447,
4,1,1.0,6.0,10/08/1447,
4,1,1.0,5.0,11/08/1447,
4,1,0.0,0.0,12/08/1447,
4,1,2.0,5.0,14/08/1447,
4,1,0.0,6.0,15/08/1447,
12,1,1.0,26.0,01/08/1447,
12,1,0.0,9.0,02/08/1447,
12,1,0.5,8.0,03/08/1447,
12,1,0.0,0.0,11/08/1447,
12,1,0.0,9.0,13/08/1447,
12,1,0.5,0.0,14/08/1447,
49,1,0.0,0.0,01/08/1447,
22,1,0.0,0.0,01/08/1447,
31,1,0.0,0.0,01/08/1447,
51,1,0.0,0.0,01/08/1447,
52,1,0.0,7.0,01/08/1447,
52,1,0.0,4.0,03/08/1447,
52,1,0.0,0.0,04/08/1447,
52,1,0.0,0.0,08/08/1447,
52,1,0.0,3.0,15/08/1447,
47,1,0.0,18.0,01/08/1447,
47,1,0.0,0.0,02/08/1447,
47,1,0.0,10.0,07/08/1447,
47,1,0.0,0.0,08/08/1447,
47,1,0.0,0.0,11/08/1447,
47,1,0.0,8.0,13/08/1447,
24,2,0.0,0.0,01/08/1447,
53,2,0.0,0.0,01/08/1447,
40,2,0.0,90.0,01/08/1447,
40,2,0.0,10.0,02/08/1447,
40,2,0.0,5.0,03/08/1447,
40,2,0.0,0.0,04/08/1447,
40,2,0.0,10.0,05/08/1447,
40,2,0.0,5.0,06/08/1447,
40,2,0.0,10.0,07/08/1447,
40,2,0.0,0.0,08/08/1447,
40,2,0.0,12.0,09/08/1447,
40,2,0.0,0.0,10/08/1447,
40,2,0.0,13.0,11/08/1447,
40,2,0.0,0.0,12/08/1447,
40,2,0.0,5.0,13/08/1447,
40,2,0.0,4.0,14/08/1447,
40,2,0.0,6.0,15/08/1447,
40,2,0.0,10.0,16/08/1447,
29,2,0.0,66.0,01/08/1447,
29,2,0.0,0.0,02/08/1447,
29,2,0.0,8.0,03/08/1447,
29,2,0.0,0.0,04/08/1447,
29,2,0.0,8.0,05/08/1447,
29,2,0.0,0.0,06/08/1447,
29,2,0.0,10.0,07/08/1447,
29,2,0.0,0.0,08/08/1447,
29,2,0.0,5.0,09/08/1447,
29,2,0.0,10.0,10/08/1447,
29,2,0.0,5.0,11/08/1447,
29,2,0.0,0.0,12/08/1447,
29,2,0.0,5.0,13/08/1447,
29,2,0.0,6.0,14/08/1447,
29,2,0.0,4.0,15/08/1447,
29,2,0.0,5.0,16/08/1447,
13,2,0.0,71.0,01/08/1447,
13,2,0.0,0.0,02/08/1447,
13,2,0.0,5.0,03/08/1447,
13,2,0.0,0.0,04/08/1447,
13,2,0.0,10.0,05/08/1447,
13,2,0.0,0.0,06/08/1447,
13,2,0.0,10.0,07/08/1447,
13,2,0.0,0.0,08/08/1447,
13,2,0.0,5.0,09/08/1447,
13,2,0.0,8.0,10/08/1447,
13,2,0.0,7.0,11/08/1447,
13,2,0.0,0.0,12/08/1447,
13,2,0.0,8.0,13/08/1447,
13,2,0.0,0.0,14/08/1447,
13,2,0.0,10.0,15/08/1447,
13,2,0.0,8.0,16/08/1447,
32,2,0.0,58.0,01/08/1447,
32,2,0.0,5.0,02/08/1447,
32,2,0.0,0.0,03/08/1447,
32,2,0.0,0.0,04/08/1447,
32,2,0.0,5.0,05/08/1447,
32,2,0.0,3.0,06/08/1447,
32,2,0.0,8.0,07/08/1447,
32,2,0.0,0.0,08/08/1447,
32,2,0.0,5.0,09/08/1447,
32,2,0.0,7.0,10/08/1447,
32,2,0.0,2.0,11/08/1447,
32,2,0.0,0.0,12/08/1447,
32,2,0.0,10.0,13/08/1447,
32,2,0.0,0.0,14/08/1447,
32,2,0.0,8.0,15/08/1447,
32,2,0.0,5.0,16/08/1447,
50,2,0.0,31.0,01/08/1447,
50,2,0.0,0.0,02/08/1447,
50,2,0.0,5.0,03/08/1447,
50,2,0.0,0.0,04/08/1447,
50,2,0.0,3.0,07/08/1447,
50,2,0.0,0.0,08/08/1447,
50,2,0.0,5.0,09/08/1447,
50,2,0.0,8.0,10/08/1447,
50,2,0.0,3.0,11/08/1447,
50,2,0.0,0.0,12/08/1447,
50,2,0.0,7.0,16/08/1447,
2,2,0.0,17.0,01/08/1447,
2,2,0.0,0.0,12/08/1447,
2,2,0.0,5.0,13/08/1447,
2,2,0.0,4.0,14/08/1447,
2,2,0.0,3.0,15/08/1447,
2,2,0.0,5.0,16/08/1447,
56,5,0.0,0.0,01/08/1447,
35,5,0.0,0.0,01/08/1447,
7,5,0.0,0.0,01/08/1447,
38,5,0.0,0.0,01/08/1447,
16,5,0.0,0.0,01/08/1447,
60,5,0.0,0.0,01/08/1447,
11,5,0.0,0.0,01/08/1447,
59,6,0.0,0.0,01/08/1447,
21,6,0.0,0.0,01/08/1447,
15,6,0.0,0.0,01/08/1447,
44,6,0.0,0.0,01/08/1447,
43,6,0.0,0.0,01/08/1447,
48,6,0.0,0.0,01/08/1447,
37,2,0.0,0.0,01/08/1447,
41,2,0.0,0.0,01/08/1447,
39,2,0.0,0.0,01/08/1447,
6,2,0.0,0.0,01/08/1447,
55,2,0.0,0.0,01/08/1447,
42,2,0.0,0.0,01/08/1447,
58,2,0.0,0.0,01/08/1447,
46,2,0.0,0.0,01/08/1447,
33,2,0.0,0.0,01/08/1447,
1,2,0.0,0.0,01/08/1447,
57,2,0.0,0.0,01/08/1447,
